Unity Editor version:    6000.5.3f1 (c2eb47b3a2a9)
Branch:                  6000.5/staging
Build type:              Release
Batch mode:              YES
macOS version:           Version 15.7.9 (Build 24G830)
Darwin version:          24.6.0
Architecture:            x86_64
Running under Rosetta:   NO
Available memory:        16384 MB
Date:                    2026-10-02T06:27:04Z
[Licensing::Module] Trying to connect to existing licensing client channel...
[Licensing::IpcConnector] Channel LicenseClient-daddung doesn't exist
Launching external process: /Applications/Unity/Hub/Editor/6000.5.3f1/Unity.app/Contents/Helpers/UnityLicensingClient.app/Contents/MacOS/Unity.Licensing.Client
[Licensing::Module] Successfully launched the LicensingClient (PId: 30587)
Launching external process: /Applications/Unity/Hub/Editor/6000.5.3f1/Unity.app/Contents/Helpers/PackageManager/Server/UnityPackageManager

COMMAND LINE ARGUMENTS:
/Applications/Unity/Hub/Editor/6000.5.3f1/Unity.app/Contents/MacOS/Unity
-batchmode
-quit
-projectPath
/private/tmp/clockwork-fontfix-build.hgPXM0/TiqueReturnPrototype
-executeMethod
ReworkBuild.BuildMac
-logFile
/Users/daddung/Documents/Codex/2026-09-15/https-github-com-sunjija-clockwork-tree/work/Clockwork-latest-3338c55/art/return-ui-v2/QA/font-position-repair/unity-build.log
--return-output
/Users/daddung/Documents/Codex/2026-09-15/https-github-com-sunjija-clockwork-tree/work/Clockwork-latest-3338c55/unity/TiqueReturnPrototype/Builds/MacCompactUiV2FontFix/TiqueReturn.app
Successfully changed project path to: /private/tmp/clockwork-fontfix-build.hgPXM0/TiqueReturnPrototype
/private/tmp/clockwork-fontfix-build.hgPXM0/TiqueReturnPrototype
[UnityMemory] Configuration Parameters - Can be set up in boot.config
    "memorysetup-temp-allocator-size-gi-baking-worker=262144"
    "memorysetup-temp-allocator-size-gi-baking-worker=262144"
    "memorysetup-temp-allocator-size-gi-baking-worker=262144"
    "memorysetup-temp-allocator-size-gi-baking-worker=262144"
    "memorysetup-temp-allocator-size-gi-baking-worker=262144"
    "memorysetup-temp-allocator-size-nav-mesh-worker=65536"
    "memorysetup-temp-allocator-size-audio-worker=65536"
    "memorysetup-temp-allocator-size-cloud-worker=32768"
    "memorysetup-allocator-temp-initial-block-size-main=262144"
    "memorysetup-allocator-temp-initial-block-size-worker=262144"
    "memorysetup-temp-allocator-size-preload-manager=33554432"
    "memorysetup-temp-allocator-size-gfx=262144"
    "memorysetup-temp-allocator-size-background-worker=32768"
    "memorysetup-temp-allocator-size-job-worker=262144"
    "memorysetup-bucket-allocator-granularity=16"
    "memorysetup-bucket-allocator-bucket-count=8"
    "memorysetup-bucket-allocator-block-size=33554432"
    "memorysetup-bucket-allocator-block-count=8"
    "memorysetup-main-allocator-block-size=16777216"
    "memorysetup-thread-allocator-block-size=16777216"
    "memorysetup-main-allocator-mimalloc-enabled=0"
    "memorysetup-gfx-main-allocator-block-size=16777216"
    "memorysetup-gfx-thread-allocator-block-size=16777216"
    "memorysetup-cache-allocator-block-size=4194304"
    "memorysetup-typetree-allocator-block-size=2097152"
    "memorysetup-profiler-bucket-allocator-granularity=16"
    "memorysetup-profiler-bucket-allocator-bucket-count=8"
    "memorysetup-profiler-bucket-allocator-block-size=33554432"
    "memorysetup-profiler-bucket-allocator-block-count=8"
    "memorysetup-profiler-allocator-block-size=16777216"
    "memorysetup-profiler-editor-allocator-block-size=1048576"
    "memorysetup-temp-allocator-size-main=16777216"
    "memorysetup-job-temp-allocator-block-size=2097152"
    "memorysetup-job-temp-allocator-block-size-background=1048576"
    "memorysetup-job-temp-allocator-reduction-small-platforms=262144"
Logging is directed to a specific file, skipping project log.Player connection [140704459190656]  Target information:

Player connection [140704459190656]  * "[IP] 10.100.11.154 [Port] 55504 [Flags] 2 [Guid] 3062511271 [EditorId] 3062511271 [Version] 1048832 [Id] OSXEditor(0,daddungui-MacBookPro.local) [Debug] 1 [PackageName] OSXEditor [ProjectName] Editor" 

Player connection [140704459190656] Host joined multi-casting on [225.0.0.222:54997]...
Player connection [140704459190656] Host joined alternative multi-casting on [225.0.0.222:34997]...
Input System module state changed to: Initialized.
[Physics::Module] Initialized fallback backend.
[Physics::Module] Id: 0xdecafbad
[Package Manager] Connected to IPC stream "Upm-30585" after 0.4 seconds.
[Licensing::Module] Licensing is not yet initialized.
[Licensing::IpcConnector] Successfully connected to: "LicenseClient-daddung" at "2026-10-02T06:27:05.295101Z"
[Licensing::Client] Handshaking with LicensingClient:
  Version:                 1.18.1+9fbee8e
  Session Id:              1995aca986d94551bf81bfce2d5cd1ec
  Correlation Id:          3cc5f350222bb883ee56ef1c650a4474
  External correlation Id: 1515899771013994009
  Machine Id:              Afb7tcRuQFwf3XbpOb9urQbFnbQ=
[Licensing::Module] Successfully connected to LicensingClient on channel: "LicenseClient-daddung" (connect: 0.86s, validation: 0.06s, handshake: 0.83s)
[Licensing::IpcConnector] Successfully connected to: "LicenseClient-daddung-notifications" at "2026-10-02T06:27:06.183972Z"
[Licensing::Module] Connected to LicensingClient (PId: 30587, launch time: 0.00, total connection time: 1.75s)
[Licensing::Module] Error: Access token is unavailable; failed to update
[Licensing::Client] Successfully resolved entitlement details
[Licensing::Module] License group:
  Id: 14569777578907-UnityPersXXXX
  Product: Unity Personal
  Type: Assigned
  Expiration: Unlimited
[Licensing::Client] Successfully updated license, isAsync: True, time: 0.01
[Licensing::Client] Successfully resolved entitlement details
[Licensing::Module] Licensing Background thread has ended after 1.79s
[Licensing::Module] Licensing is initialized (took 1.14s).
[Licensing::Client] Successfully resolved entitlement details
Library Redirect Path: Library/
Unable to parse file ProjectSettings/TagManager.asset: [Parser Failure at line 41: Expect ':' between key and value within mapping]
[Physics::Module] Selected backend.
[Physics::Module] Name: PhysX
[Physics::Module] Id: 0xf2b8ea05
[Physics::Module] SDK Version: 4.1.2
[Physics::Module] Integration Version: 1.0.0
[Physics::Module] Threading Mode: Multi-Threaded
Artifact Garbage Collection - Removed 22 unused hashed content files
Initialize engine version: 6000.5.3f1 (c2eb47b3a2a9)
[Subsystems] Discovering subsystems at path /Applications/Unity/Hub/Editor/6000.5.3f1/Unity.app/Contents/Resources/UnitySubsystems
[Subsystems] Discovering subsystems at path /private/tmp/clockwork-fontfix-build.hgPXM0/TiqueReturnPrototype/Assets
GfxDevice: creating device client; kGfxThreadingModeNonThreaded
Color LCD preferred device: Intel(R) UHD Graphics 630 (low power)
Metal devices available: 2
0: AMD Radeon Pro 560X (high power)
1: Intel(R) UHD Graphics 630 (low power)
Using device AMD Radeon Pro 560X (high power)
Initializing Metal device caps: AMD Radeon Pro 560X
Mac GPU Family: 2
Apple GPU Family: 0
MSL Version: 3.0
Has Float MSAA: 1
Has Float Filtering: 1
ReadWrite Texture Tier: 2
Initialize mono
Mono path[0] = '/Applications/Unity/Hub/Editor/6000.5.3f1/Unity.app/Contents/Resources/Scripting/Managed'
Mono path[1] = '/Applications/Unity/Hub/Editor/6000.5.3f1/Unity.app/Contents/Resources/Scripting/BCLExtensions/runtime/netstandard2.1'
Mono path[2] = '/Applications/Unity/Hub/Editor/6000.5.3f1/Unity.app/Contents/Resources/Scripting/MonoBleedingEdge/lib/mono/unityjit-macos'
Mono config path = '/Applications/Unity/Hub/Editor/6000.5.3f1/Unity.app/Contents/Resources/Scripting/MonoBleedingEdge/etc'
Using monoOptions --debugger-agent=transport=dt_socket,embedding=1,server=y,suspend=n,address=127.0.0.1:56585
CodeReloadManager initialized
ImportWorker Server TCP listen port: 0
AcceleratorClientConnectionCallback - disconnected - :0
Begin MonoManager ReloadAssembly
Registering precompiled unity dll's ...
Register platform support module: /Applications/Unity/Hub/Editor/6000.5.3f1/PlaybackEngines/WebGLSupport/UnityEditor.WebGL.Extensions.dll
Register platform support module: /Applications/Unity/Hub/Editor/6000.5.3f1/PlaybackEngines/MacStandaloneSupport/UnityEditor.OSXStandalone.Extensions.dll
Registered in 0.004011 seconds.
Native extension for OSXStandalone target not found
Native extension for WebGL target not found
Package Manager log level set to [2]
ScheduleIndexationOnStartup MainProcess:False IndexOnStartup:False
Mono: successfully reloaded assembly
- Finished resetting the current domain, in  0.803 seconds
Domain Reload Profiling: 1906ms
	BeginReloadAssembly (293ms)
		CreateAndSetChildDomain (20ms)
	RebuildCommonClasses (9ms)
	RebuildNativeTypeToScriptingClass (35ms)
	initialDomainReloadingComplete (115ms)
	LoadAllAssembliesAndSetupDomain (647ms)
		LoadAssemblies (276ms)
		AnalyzeDomain (497ms)
			TypeCache.Refresh (493ms)
				TypeCache.ScanAssembly (466ms)
	FinalizeReload (807ms)
		SetupLoadedEditorAssemblies (0ms)
			InitializePlatformSupportModulesInManaged (6ms)
			BeforeProcessingInitializeOnLoad (189ms)
			ProcessInitializeOnLoadAttributes (207ms)
			ProcessInitializeOnLoadMethodAttributes (254ms)
[Licensing::Client] Successfully resolved entitlement details
Application.AssetDatabase Initial Refresh Start
[Package Manager] Restoring resolved packages state from cache
[Licensing::Client] Successfully resolved entitlement details
[Package Manager] Registered 6 packages:
  Built-in packages:
    com.unity.modules.audio@1.0.0 (location: /private/tmp/clockwork-fontfix-build.hgPXM0/TiqueReturnPrototype/Library/PackageCache/com.unity.modules.audio)
    com.unity.modules.imgui@1.0.0 (location: /private/tmp/clockwork-fontfix-build.hgPXM0/TiqueReturnPrototype/Library/PackageCache/com.unity.modules.imgui)
    com.unity.modules.imageconversion@1.0.0 (location: /private/tmp/clockwork-fontfix-build.hgPXM0/TiqueReturnPrototype/Library/PackageCache/com.unity.modules.imageconversion)
    com.unity.modules.jsonserialize@1.0.0 (location: /private/tmp/clockwork-fontfix-build.hgPXM0/TiqueReturnPrototype/Library/PackageCache/com.unity.modules.jsonserialize)
    com.unity.modules.screencapture@1.0.0 (location: /private/tmp/clockwork-fontfix-build.hgPXM0/TiqueReturnPrototype/Library/PackageCache/com.unity.modules.screencapture)
    com.unity.modules.ui@1.0.0 (location: /private/tmp/clockwork-fontfix-build.hgPXM0/TiqueReturnPrototype/Library/PackageCache/com.unity.modules.ui)
[Subsystems] No new subsystems found in resolved package list.
[Package Manager] Done registering packages in 0.01 seconds
[ScriptCompilation] Requested script compilation because: AssetDatabase observed changes in script compilation related files
info: Microsoft.Hosting.Lifetime[14]
      Now listening on: http://unix:/tmp/ilpp.sock-d091e2cb8ee6ce1c16f39bb0388b92cd
info: Microsoft.Hosting.Lifetime[0]
      Application started. Press Ctrl+C to shut down.
info: Microsoft.Hosting.Lifetime[0]
      Hosting environment: Production
info: Microsoft.Hosting.Lifetime[0]
      Content root path: /private/tmp/clockwork-fontfix-build.hgPXM0/TiqueReturnPrototype
info: Microsoft.AspNetCore.Hosting.Diagnostics[1]
      Request starting HTTP/2 POST http://ilpp/UnityILPP.PostProcessing/Ping - application/grpc -
info: Microsoft.AspNetCore.Routing.EndpointMiddleware[0]
      Executing endpoint 'gRPC - /UnityILPP.PostProcessing/Ping'
info: Microsoft.AspNetCore.Routing.EndpointMiddleware[1]
      Executed endpoint 'gRPC - /UnityILPP.PostProcessing/Ping'
info: Microsoft.AspNetCore.Hosting.Diagnostics[2]
      Request finished HTTP/2 POST http://ilpp/UnityILPP.PostProcessing/Ping - 200 - application/grpc 60.6045ms
Starting: /Applications/Unity/Hub/Editor/6000.5.3f1/Unity.app/Contents/Resources/BuildPipeline/bee_backend --ipc --defer-dag-verification --dagfile="Library/Bee/200b0aE.dag" --continue-on-failure --profile="Library/Bee/backend1.traceevents" ScriptAssemblies
WorkingDir: /private/tmp/clockwork-fontfix-build.hgPXM0/TiqueReturnPrototype
DisplayProgressbar: Compiling Scripts
ExitCode: 0 Duration: 3s105ms
[163/169    3s] Csc Library/Bee/artifacts/200b0aE.dag/Assembly-CSharp.dll (+2 others)
[167/169    0s] CopyFiles Library/ScriptAssemblies/Assembly-CSharp.dll
[168/169    0s] CopyFiles Library/ScriptAssemblies/Assembly-CSharp.pdb
*** Tundra build success (3.07 seconds), 3 items updated, 169 evaluated
AssetDatabase: script compilation time: 3.946729s
Total cache size 25158696
Total cache size after purge 25158696, took 00:00:00.0413013
Begin MonoManager ReloadAssembly
Native extension for OSXStandalone target not found
Native extension for WebGL target not found
ScheduleIndexationOnStartup MainProcess:True IndexOnStartup:True
Mono: successfully reloaded assembly
- Finished resetting the current domain, in  0.799 seconds
Domain Reload Profiling: 1536ms
	BeginReloadAssembly (453ms)
		DisableScriptedObjects (28ms)
		CreateAndSetChildDomain (96ms)
	RebuildCommonClasses (16ms)
	RebuildNativeTypeToScriptingClass (32ms)
	initialDomainReloadingComplete (59ms)
	LoadAllAssembliesAndSetupDomain (173ms)
		LoadAssemblies (235ms)
		AnalyzeDomain (21ms)
			TypeCache.Refresh (12ms)
				TypeCache.ScanAssembly (3ms)
			BuildScriptInfoCaches (7ms)
	FinalizeReload (803ms)
		SetupLoadedEditorAssemblies (0ms)
			InitializePlatformSupportModulesInManaged (5ms)
			BeforeProcessingInitializeOnLoad (188ms)
			ProcessInitializeOnLoadAttributes (142ms)
			ProcessInitializeOnLoadMethodAttributes (150ms)
		AwakeInstancesAfterBackupRestoration (29ms)
Starting new worker id: 0 with log in /private/tmp/clockwork-fontfix-build.hgPXM0/TiqueReturnPrototype/Logs/AssetImportWorkerHW0.log

Asset Pipeline Refresh (id=1bd06b8a212e34489906472fe444fb2c): Total: 6.604 seconds - Initiated by InitialRefreshV2(ForceSynchronousImport)
	(Values over 0.05ms)
	Summary:
		Imports: total=0 (actual=0, local cache=0, cache server=0)
		Asset DB Process Time: managed=0 ms, native=1042 ms
		Asset DB Callback time: managed=143 ms, native=711 ms
		Scripting: domain reloads=1, domain reload time=755 ms, compile time=3950 ms, other=2 ms
		Project Asset Count: scripts=310, non-scripts=1307
		Asset File Changes: new=0, changed=1, moved=0, deleted=0
		Scan Filter Count: 1
	InvokePackagesCallback: 9.418ms
	ApplyChangesToAssetFolders: 0.122ms
	Scan: 121.173ms
	Collect global state as custom dependencies: 6.642ms
	OnSourceAssetsModified: 1.158ms
	CategorizeScriptCompilationAssets: 0.162ms
	ProcessAssetsWithTransientArtifactChanges: 1.329ms
	CategorizeAssets: 49.791ms
	CompileScripts: 3949.758ms
	ImportOutOfDateAssets: 823.006ms (807.391ms without children)
		UnloadImportedAssets: 0.394ms
		EnsureUptoDateAssetsAreRegisteredWithGuidPM: 0.417ms
		ImportSchedulerStart: 14.802ms
	PostProcessAllAssets: 144.942ms
		VCAutoAddAssetPostprocess 2.059ms
		PostProcessCallbackCreateDeferredMaterials 0.059ms
		MonoPostProcessAllAssets: 142.223ms
			AssetPostprocessor.OnPostprocessAllAssets 53.080ms
			StyleCatalogPostProcessor.OnPostprocessAllAssets 28.185ms
			WindowAssetPostprocessingWatcher.OnPostprocessAllAssets 15.605ms
			BuilderAssetPostprocessor.OnPostprocessAllAssets 11.960ms
			AssetChangedListener.OnPostprocessAllAssets 3.612ms
			SyncVS.PostprocessSyncProject 2.440ms
			RetainedModeAssetPostprocessor.OnPostprocessAllAssets 2.241ms
			EditModeScopePostprocessor.OnPostprocessAllAssets 2.000ms
			SpeedTree9Postprocessor.OnPostprocessAllAssets 1.406ms
			TextAssetPostProcessor.OnPostprocessAllAssets 1.042ms
			ArtifactBrowserPostProcessor.OnPostprocessAllAssets 0.980ms
			AudioMixerPostprocessor.OnPostprocessAllAssets 0.544ms
			ReferencedClipsPostProcessor.OnPostprocessAllAssets 0.526ms
			AssetEvents.OnPostprocessAllAssets 0.417ms
			TerrainToolbarOverlayPostProcessor.OnPostprocessAllAssets 0.380ms
			AssetDatabaseCallbacks.OnPostprocessAllAssets 0.289ms
			SpeedTreePostProcessor.OnPostprocessAllAssets 0.280ms
			ConfigAssetsTracker.OnPostprocessAllAssets 0.262ms
			ScenarioDriftAssetsTracker.OnPostprocessAllAssets 0.245ms
			RenderPipelineGlobalSettingsPostprocessor.OnPostprocessAllAssets 0.152ms
			AudioContainerPostProcessor.OnPostprocessAllAssets 0.142ms
	PostAssetChangesProfiler: 700.438ms
	UnloadStreamsBegin: 2.814ms
	PersistCurrentRevisions: 0.089ms
	Untracked: 789.460ms

Application.AssetDatabase Initial Refresh End
Launching external process: /Applications/Unity/Hub/Editor/6000.5.3f1/Unity.app/Contents/Helpers/UnityShaderCompiler
Launched and connected shader compiler UnityShaderCompiler after 0.12 seconds
Scanning for USB devices : 1.057ms
Initializing Unity extensions:
[MODES] ModeService[none].Initialize
[MODES] ModeService[none].LoadModes
[MODES] Loading mode Default (0) for mode-current-id-Tique - Return Circuit
Unloading 3 Unused Serialized files (Serialized files now loaded: 0)
Unloading 36 unused Assets / (446.4 KB). Loaded Objects now: 679.
Memory consumption went from 116.2 MB to 115.8 MB.
Total: 9.310172 ms (FindLiveObjects: 0.058429 ms CreateObjectMapping: 0.019227 ms MarkObjects: 8.833429 ms  DeleteObjects: 0.397554 ms)

Importing 'GUID: 5e7e063362573ad48aab1d6a8b67a3f2 - Path: Assets/Resources/ReturnV2/Art/amber-socket.png' with importer (TextureImporter)
Imported 'GUID: 5e7e063362573ad48aab1d6a8b67a3f2' -> (Import Result ID: '01ab647781bf48b190f8a37ba25b2f25') in 0.012 seconds [static and dynamic dependencies]. Details - ImportResultOutputID=763aa020f255919402a248e8f436bc19 DependenciesID=7a380c41d776a3b3ad7168194aa38201 StaticDependenciesID=3b5c5c42aeb1b42f7cb654fc4789cf3f 
Asset Pipeline Refresh (id=aec7b83181401429bb7f2322b700e2e4): Total: 0.052 seconds - Initiated by StopAssetImportingV2(NoUpdateAssetOptions)
Importing 'GUID: f2fcdfcb62464284f83671cdbab195f6 - Path: Assets/Resources/ReturnV2/Art/arena.png' with importer (TextureImporter)
Imported 'GUID: f2fcdfcb62464284f83671cdbab195f6' -> (Import Result ID: '239fa83ed7839be3d2768407a0cefffe') in 0.014 seconds [static and dynamic dependencies]. Details - ImportResultOutputID=c11edc2a25ab949ac7dae3f915dbc121 DependenciesID=97e79ed59c4d95569551da41938ac7ac StaticDependenciesID=cb954241af8949be7fbb76ebd3a825bd 
Asset Pipeline Refresh (id=26f5e307adf7c4a2bb6032ad415c426d): Total: 0.036 seconds - Initiated by StopAssetImportingV2(NoUpdateAssetOptions)
Importing 'GUID: f4668eabbeb0b8044809bd269a154b6f - Path: Assets/Resources/ReturnV2/Art/battery.png' with importer (TextureImporter)
Imported 'GUID: f4668eabbeb0b8044809bd269a154b6f' -> (Import Result ID: '2dab45e151388981fe5d61dd8c39368b') in 0.002 seconds [static and dynamic dependencies]. Details - ImportResultOutputID=a0c08f7506746805991bb096d5807256 DependenciesID=2e49992bfd344438a5ded3f824de6c7a StaticDependenciesID=2b5bc11312bea7b2ee8e6f1137ddcee1 
Asset Pipeline Refresh (id=83ec4fdcc6a0d4b0db2958500290d44e): Total: 0.025 seconds - Initiated by StopAssetImportingV2(NoUpdateAssetOptions)
Importing 'GUID: 56edd4b840b41f14a88dce3d8ebbcae9 - Path: Assets/Resources/ReturnV2/Art/cyan-socket.png' with importer (TextureImporter)
Imported 'GUID: 56edd4b840b41f14a88dce3d8ebbcae9' -> (Import Result ID: 'e90800f47404ab7126ac2bc52b587b11') in 0.002 seconds [static and dynamic dependencies]. Details - ImportResultOutputID=3209a3e851a28a0e2216117e89ab6a3e DependenciesID=d0f4f4576abb074203bacaa41d6b1efc StaticDependenciesID=fdb8f48553b43cd7e7388740dd9de857 
Asset Pipeline Refresh (id=e328b81745d8c409194a6f03be6453b8): Total: 0.024 seconds - Initiated by StopAssetImportingV2(NoUpdateAssetOptions)
Importing 'GUID: a02a44b41857ff140a176b5e884b81b7 - Path: Assets/Resources/ReturnV2/Art/floor.png' with importer (TextureImporter)
Imported 'GUID: a02a44b41857ff140a176b5e884b81b7' -> (Import Result ID: 'd7e1524b6a68030ae723a2c9cdce99a2') in 0.002 seconds [static and dynamic dependencies]. Details - ImportResultOutputID=fdca816196b5feea89782f8551fc4ef5 DependenciesID=7b8619f67536a65c150afb8fe5591e4e StaticDependenciesID=f554cc406048d2d207d5ab93d7d0fab2 
Asset Pipeline Refresh (id=623d24daa673f4d1aa54b145faf15ff8): Total: 0.025 seconds - Initiated by StopAssetImportingV2(NoUpdateAssetOptions)
Importing 'GUID: 45e25bf2586347a40ba38be0fefa5a1d - Path: Assets/Resources/ReturnV2/Art/gear.png' with importer (TextureImporter)
Imported 'GUID: 45e25bf2586347a40ba38be0fefa5a1d' -> (Import Result ID: '57864473e0bb8d61673818d2591c46a0') in 0.002 seconds [static and dynamic dependencies]. Details - ImportResultOutputID=bef943ddf0f4965d65fd5fd35c44a1e8 DependenciesID=a1508bb5bd338b4e64499aaf66afc20b StaticDependenciesID=affa2fedfebd67218f0ce4e92482332c 
Asset Pipeline Refresh (id=d1896bb55d79f481face79d482f32dd6): Total: 0.024 seconds - Initiated by StopAssetImportingV2(NoUpdateAssetOptions)
Importing 'GUID: 6ad8fb002729d0646965ea6c5190c9b9 - Path: Assets/Resources/ReturnV2/Art/orb.png' with importer (TextureImporter)
Imported 'GUID: 6ad8fb002729d0646965ea6c5190c9b9' -> (Import Result ID: 'babc66e94d9865be33437b0c0842191a') in 0.002 seconds [static and dynamic dependencies]. Details - ImportResultOutputID=9156593bf2da3024808e10af3f77c5f7 DependenciesID=07406ab67f86d794181b45e80ad3c659 StaticDependenciesID=83574a8c28067f47684f9731e5db96cf 
Asset Pipeline Refresh (id=b776d1698ed0e4f2698a6cdcc6e10687): Total: 0.024 seconds - Initiated by StopAssetImportingV2(NoUpdateAssetOptions)
Importing 'GUID: 19c8107c91ad4ca4b8921c8e63be760f - Path: Assets/Resources/ReturnV2/Art/pylon.png' with importer (TextureImporter)
Imported 'GUID: 19c8107c91ad4ca4b8921c8e63be760f' -> (Import Result ID: 'c6aa587c3579e566275e4c92369abb95') in 0.003 seconds [static and dynamic dependencies]. Details - ImportResultOutputID=dc0aa2f3ffb4e47c098e7534fc2c30a9 DependenciesID=465fcbb3f269f038f698150efdec390c StaticDependenciesID=d57bdd2de9a45320cbc03302e9ff4acf 
Asset Pipeline Refresh (id=5def7d77ae1174925ad08d23e0f5e0f4): Total: 0.024 seconds - Initiated by StopAssetImportingV2(NoUpdateAssetOptions)
Importing 'GUID: 0329318df2e7f4e448f9b081462c9f22 - Path: Assets/Resources/ReturnV2/Art/wall.png' with importer (TextureImporter)
Imported 'GUID: 0329318df2e7f4e448f9b081462c9f22' -> (Import Result ID: 'a6e734e2d9dec767db52486d9d6151ac') in 0.003 seconds [static and dynamic dependencies]. Details - ImportResultOutputID=382f617602f9316d2878eb4ca0a6304d DependenciesID=b61c343ce649a2dd9b7c65d05f7cf713 StaticDependenciesID=9e1311fc19e78a46ffa2178729c895ef 
Asset Pipeline Refresh (id=34585ede05e4548a991f3e698b98fbd6): Total: 0.025 seconds - Initiated by StopAssetImportingV2(NoUpdateAssetOptions)
Importing 'GUID: 6371407dcbdcee44aa84d461a8bdd16a - Path: Assets/Resources/ReturnV2/Art/workshop.png' with importer (TextureImporter)
Imported 'GUID: 6371407dcbdcee44aa84d461a8bdd16a' -> (Import Result ID: '840ebb4cf0a6962c87091ff08bbce1bf') in 0.013 seconds [static and dynamic dependencies]. Details - ImportResultOutputID=e332c94b27132709ad51f90862427c27 DependenciesID=a90a44b02067231262ffe95541052fa5 StaticDependenciesID=c72448208fb19cc33c05ed6a22a8e9dc 
Asset Pipeline Refresh (id=cd808a67397564ee99abb521ef007be3): Total: 0.037 seconds - Initiated by StopAssetImportingV2(NoUpdateAssetOptions)
Importing 'GUID: 1bb37de4c086ac74289d41ed394827d1 - Path: Assets/Resources/ReturnV2/Feedback/font.png' with importer (TextureImporter)
Imported 'GUID: 1bb37de4c086ac74289d41ed394827d1' -> (Import Result ID: '58735f70ecc4d8e0bddbbd25859baa5b') in 0.008 seconds [static and dynamic dependencies]. Details - ImportResultOutputID=97f70585f5e26c1d81315b2fae394acf DependenciesID=92bc51fc5ee2807802bcbaee48c46adb StaticDependenciesID=2a2e55265c22b3436ba96bd7e9722311 
Asset Pipeline Refresh (id=f7ffccb3cf568472cab973325c3d620e): Total: 0.030 seconds - Initiated by StopAssetImportingV2(NoUpdateAssetOptions)
Importing 'GUID: b92626ee6bce5a7380606d0cb09003a7 - Path: Assets/Resources/ReturnV2/UiV2/font-12.png' with importer (TextureImporter)
Imported 'GUID: b92626ee6bce5a7380606d0cb09003a7' -> (Import Result ID: '6a8993a5eb3636003921fce7284de24a') in 0.005 seconds [static and dynamic dependencies]. Details - ImportResultOutputID=150285ee267af2182d33e18a6f67468c DependenciesID=d026c37c56c5c86a30911f7177bcf1b2 StaticDependenciesID=a4cf8bac590c01497eb9bbccc5b1f43a 
Asset Pipeline Refresh (id=375ca5af0f4ae497f94eb14dfce4d775): Total: 0.028 seconds - Initiated by StopAssetImportingV2(NoUpdateAssetOptions)
Importing 'GUID: 565f0d9b47dd56da8b9e0e79e5ff2295 - Path: Assets/Resources/ReturnV2/UiV2/font-14.png' with importer (TextureImporter)
Imported 'GUID: 565f0d9b47dd56da8b9e0e79e5ff2295' -> (Import Result ID: '03169a6ac175c6dd3771cd6dc2576ae2') in 0.006 seconds [static and dynamic dependencies]. Details - ImportResultOutputID=741d9fb12c3cc702d6552ae4421b6d23 DependenciesID=8b78c3706da376a908faa20ef016ca70 StaticDependenciesID=7294a67f9ed9887b35802238458e1358 
Asset Pipeline Refresh (id=1c0c2b25bed114210ad74ffaa4a26572): Total: 0.028 seconds - Initiated by StopAssetImportingV2(NoUpdateAssetOptions)
Importing 'GUID: 08bff619eb625207914aa8d1c6e036f0 - Path: Assets/Resources/ReturnV2/UiV2/font-20.png' with importer (TextureImporter)
Imported 'GUID: 08bff619eb625207914aa8d1c6e036f0' -> (Import Result ID: 'a34a9e8cd7dcaa166d5f6421577c2d3f') in 0.010 seconds [static and dynamic dependencies]. Details - ImportResultOutputID=501eb9df791e07120aeb50b51ec79bdb DependenciesID=fb7de5b57fd759a21784a2df2e00c50f StaticDependenciesID=590b006e02c24339ffd07d9a59a50231 
Asset Pipeline Refresh (id=04d55f3e5a1574a3397639b5d2f171f6): Total: 0.032 seconds - Initiated by StopAssetImportingV2(NoUpdateAssetOptions)
Importing 'GUID: b3556f9e5a0f547a82aeafef696cc7ce - Path: Assets/Resources/ReturnV2/UiV2/font-24.png' with importer (TextureImporter)
Imported 'GUID: b3556f9e5a0f547a82aeafef696cc7ce' -> (Import Result ID: '51779e3c362ee39bdacc27882ce52721') in 0.013 seconds [static and dynamic dependencies]. Details - ImportResultOutputID=39c20e34e2d6ec70647d62d22eef8384 DependenciesID=555fd1b4cfbd909f77c85b56a995d97a StaticDependenciesID=0f47a6e71a77bac81a8b7ad6bf71527c 
Asset Pipeline Refresh (id=471157807a2494496982f3b76bf6d448): Total: 0.035 seconds - Initiated by StopAssetImportingV2(NoUpdateAssetOptions)
Importing 'GUID: e7e99699807a597ca12d4197977a8ed3 - Path: Assets/Resources/ReturnV2/UiV2/font.png' with importer (TextureImporter)
Imported 'GUID: e7e99699807a597ca12d4197977a8ed3' -> (Import Result ID: 'df093a97e8eb536461fb57c6052e37ed') in 0.008 seconds [static and dynamic dependencies]. Details - ImportResultOutputID=6b20e13b1bbd1a5d19b9012cada74ea1 DependenciesID=6f650f4449a54133eb3a6562861176f4 StaticDependenciesID=59946268951e0e9336bcf9a4712b1e4c 
Asset Pipeline Refresh (id=820cdbd738ed744d7863c33584951d3d): Total: 0.030 seconds - Initiated by StopAssetImportingV2(NoUpdateAssetOptions)
Importing 'GUID: 991c0a5d14c58ca4e8c97cdae8e12900 - Path: Assets/Resources/ReturnV2/Feedback/air/00.png' with importer (TextureImporter)
Imported 'GUID: 991c0a5d14c58ca4e8c97cdae8e12900' -> (Import Result ID: '6bf72bc39f0e691ab0343e34ddecd585') in 0.002 seconds [static and dynamic dependencies]. Details - ImportResultOutputID=83202f57d3d443f876a80ac32383220b DependenciesID=41e230beccb9c266f1a5e50a992d43c9 StaticDependenciesID=2570fe1f9d2441f4535e6720fe02a415 
Asset Pipeline Refresh (id=ee24eeec685c8440d9394fff7bb765b3): Total: 0.025 seconds - Initiated by StopAssetImportingV2(NoUpdateAssetOptions)
Importing 'GUID: 798a1693a0a74394ca8a584187156064 - Path: Assets/Resources/ReturnV2/Feedback/air/01.png' with importer (TextureImporter)
Imported 'GUID: 798a1693a0a74394ca8a584187156064' -> (Import Result ID: 'f22ea00667084c84116fa7a4e336fe2b') in 0.002 seconds [static and dynamic dependencies]. Details - ImportResultOutputID=ee510f450fe0ae8eddcdb151bd9abf81 DependenciesID=627145d5858b5cb8d4ebd58de3e6d309 StaticDependenciesID=e545db40dc4121261df9b8dbd4c8f337 
Asset Pipeline Refresh (id=b724ba30583db4a969ade2d14dd9479b): Total: 0.025 seconds - Initiated by StopAssetImportingV2(NoUpdateAssetOptions)
Importing 'GUID: ca67fbadd385b2c46bc151df8c9fb7a3 - Path: Assets/Resources/ReturnV2/Feedback/air/02.png' with importer (TextureImporter)
Imported 'GUID: ca67fbadd385b2c46bc151df8c9fb7a3' -> (Import Result ID: '235e5cb0abeaf81ad2324da926424b20') in 0.002 seconds [static and dynamic dependencies]. Details - ImportResultOutputID=78ad4495a26e3875cd99fee9c47c83c6 DependenciesID=3556120ee3d2d67613b4cf6f157fdb13 StaticDependenciesID=4b05a59fb79edadff74b0464806543e7 
Asset Pipeline Refresh (id=7739cac0f5f7d4cb0a7c774fe6ec59ef): Total: 0.025 seconds - Initiated by StopAssetImportingV2(NoUpdateAssetOptions)
Importing 'GUID: edac19b39d14c58439e736d8ad417bba - Path: Assets/Resources/ReturnV2/Feedback/armor/00.png' with importer (TextureImporter)
Imported 'GUID: edac19b39d14c58439e736d8ad417bba' -> (Import Result ID: '21954f9bf33e8233d46480b3099e6f1e') in 0.002 seconds [static and dynamic dependencies]. Details - ImportResultOutputID=95f0532c02b4516b294398d38139fdab DependenciesID=0207b5bfbf35a02a1ca9975af272e591 StaticDependenciesID=7342f5e7e4c996771c03a0af5018ecc0 
Asset Pipeline Refresh (id=ab205dc7b42c54ea2b51eeb00483f049): Total: 0.024 seconds - Initiated by StopAssetImportingV2(NoUpdateAssetOptions)
Importing 'GUID: 42d60884b5be0b846b008e7fa3d741c9 - Path: Assets/Resources/ReturnV2/Feedback/armor/01.png' with importer (TextureImporter)
Imported 'GUID: 42d60884b5be0b846b008e7fa3d741c9' -> (Import Result ID: '0868c5c32aac7a90f088d1e0dfc476e9') in 0.002 seconds [static and dynamic dependencies]. Details - ImportResultOutputID=982706ef490b704d37ad7f1dd7e6c842 DependenciesID=f352a882478492e5097de91c9a83c77a StaticDependenciesID=766e916be0dc7ed33c5ab4e6e8301f4e 
Asset Pipeline Refresh (id=451877ea2aaa244878f51bdbecc2a82d): Total: 0.026 seconds - Initiated by StopAssetImportingV2(NoUpdateAssetOptions)
Importing 'GUID: c6c13bff435788347b65cbe3bf000056 - Path: Assets/Resources/ReturnV2/Feedback/armor/02.png' with importer (TextureImporter)
Imported 'GUID: c6c13bff435788347b65cbe3bf000056' -> (Import Result ID: '79652af30818c0b5d82a557076bb6f44') in 0.003 seconds [static and dynamic dependencies]. Details - ImportResultOutputID=37d834a9d3a369ebf4f0107d5c24899c DependenciesID=ff4dfad321b593e99cc029c4514e74b0 StaticDependenciesID=563c734fccee119f03b0c18959dc520c 
Asset Pipeline Refresh (id=4171a0d657ed543e1ae422ddf6e0b80e): Total: 0.025 seconds - Initiated by StopAssetImportingV2(NoUpdateAssetOptions)
Importing 'GUID: 31339a98fa06eeb45bdda06ab11d78bb - Path: Assets/Resources/ReturnV2/Feedback/blink-closed/00.png' with importer (TextureImporter)
Imported 'GUID: 31339a98fa06eeb45bdda06ab11d78bb' -> (Import Result ID: '032c338f48cbf628d0054dfb95201ab3') in 0.003 seconds [static and dynamic dependencies]. Details - ImportResultOutputID=4b8684db2166aa7b2df201f9e3c8a982 DependenciesID=5c25d89a3d800e034e85abc593f44683 StaticDependenciesID=63aee7e2b574e9213a849653d42858b2 
Asset Pipeline Refresh (id=a57828cdeedc14ca395957285c4eac02): Total: 0.025 seconds - Initiated by StopAssetImportingV2(NoUpdateAssetOptions)
Importing 'GUID: 747940472b88d09469b304963ff5e596 - Path: Assets/Resources/ReturnV2/Feedback/blink-half/00.png' with importer (TextureImporter)
Imported 'GUID: 747940472b88d09469b304963ff5e596' -> (Import Result ID: '007573486a71f4fcfc72ab047e69dd91') in 0.003 seconds [static and dynamic dependencies]. Details - ImportResultOutputID=e87bc6274fa770de15df7ff43aaa7b2d DependenciesID=a94c5e012534173759f501f1ddf9b84f StaticDependenciesID=244cf71af4a0eddf04d8ed640cb05eb7 
Asset Pipeline Refresh (id=8746b96d5a1d64251ac75bcc1d1d545d): Total: 0.029 seconds - Initiated by StopAssetImportingV2(NoUpdateAssetOptions)
Importing 'GUID: ee33ee7e3e6ad604384316427d89e8af - Path: Assets/Resources/ReturnV2/Feedback/boost/00.png' with importer (TextureImporter)
Imported 'GUID: ee33ee7e3e6ad604384316427d89e8af' -> (Import Result ID: '9c25024360cb2f38342ef584701b96c9') in 0.003 seconds [static and dynamic dependencies]. Details - ImportResultOutputID=831d0f9853df2e25b852448bcf18563e DependenciesID=0d49563030026a7fe96aaa43b29d0ed4 StaticDependenciesID=edafb23c201d473d2b8bbdc7222c8fd7 
Asset Pipeline Refresh (id=5ba0142b3018f4adfbc943bdeb22fbcb): Total: 0.028 seconds - Initiated by StopAssetImportingV2(NoUpdateAssetOptions)
Importing 'GUID: 69b3d7cb70f42574bba6ccc7063c38f4 - Path: Assets/Resources/ReturnV2/Feedback/boost/01.png' with importer (TextureImporter)
Imported 'GUID: 69b3d7cb70f42574bba6ccc7063c38f4' -> (Import Result ID: 'a88aa2d2d3ae8120c4da4212b08437d0') in 0.002 seconds [static and dynamic dependencies]. Details - ImportResultOutputID=e2b3fb6274411b2d71ad12cde1394b39 DependenciesID=7972107b03f6f9c36e2f51f56db68a19 StaticDependenciesID=583ced1b83bfbab7050dd5967297fb49 
Asset Pipeline Refresh (id=881d4fc4836804c0eb62183bb6b10992): Total: 0.024 seconds - Initiated by StopAssetImportingV2(NoUpdateAssetOptions)
Importing 'GUID: 8376970691409454396d0a02c8fc0ffa - Path: Assets/Resources/ReturnV2/Feedback/boost/02.png' with importer (TextureImporter)
Imported 'GUID: 8376970691409454396d0a02c8fc0ffa' -> (Import Result ID: '9fce3780b668e57049f7f286cc4a52eb') in 0.002 seconds [static and dynamic dependencies]. Details - ImportResultOutputID=4daa7c1934a7c4aa5547b57a2fc2a721 DependenciesID=c2c1f8a1256cc4f10a63d10995a16210 StaticDependenciesID=81d930292e4289c566a46a58a01bfc4d 
Asset Pipeline Refresh (id=c12382230f9c944c68a4ecd53c21a864): Total: 0.024 seconds - Initiated by StopAssetImportingV2(NoUpdateAssetOptions)
Importing 'GUID: a580572c4d0385545b52fe159936c2dc - Path: Assets/Resources/ReturnV2/Feedback/boost/03.png' with importer (TextureImporter)
Imported 'GUID: a580572c4d0385545b52fe159936c2dc' -> (Import Result ID: '9281cb9fd113e25ed32422b62901cdf0') in 0.002 seconds [static and dynamic dependencies]. Details - ImportResultOutputID=1eff3bb0286eb47447174be0f88ccaa0 DependenciesID=281152b08f0909f11d59f99db942e411 StaticDependenciesID=88238adea310aa8e816fb925c73b7467 
Asset Pipeline Refresh (id=3c60381c6b1424ddd973b5e534a8bbb6): Total: 0.025 seconds - Initiated by StopAssetImportingV2(NoUpdateAssetOptions)
Importing 'GUID: 7bedfa203138c1e4ea0a6973ca1222a5 - Path: Assets/Resources/ReturnV2/Feedback/bridge/00.png' with importer (TextureImporter)
Imported 'GUID: 7bedfa203138c1e4ea0a6973ca1222a5' -> (Import Result ID: 'b9423d0fee9f32b700cbe9d497c35f14') in 0.002 seconds [static and dynamic dependencies]. Details - ImportResultOutputID=b717538fd7af48746b1ca4b8d3418a4b DependenciesID=e5a62318edab3a87cf8d795129a4a32f StaticDependenciesID=aecb04f4d81fe42001a0edd3772cac03 
Asset Pipeline Refresh (id=72b25112500bb4b0aacb8ac90a938c3e): Total: 0.024 seconds - Initiated by StopAssetImportingV2(NoUpdateAssetOptions)
Importing 'GUID: c17698a0503a9194688344593140632a - Path: Assets/Resources/ReturnV2/Feedback/bridge/01.png' with importer (TextureImporter)
Imported 'GUID: c17698a0503a9194688344593140632a' -> (Import Result ID: '6b34f75068a41ae01b4d1923dab72940') in 0.002 seconds [static and dynamic dependencies]. Details - ImportResultOutputID=53718c7b8eeb7856cd8ac3acd093195f DependenciesID=0589fdbfdb2ee269e081270bda1326a1 StaticDependenciesID=8acb7d4c57de6c1fc1dbac0eae857841 
Asset Pipeline Refresh (id=b3d34f46efbf4473bad968489cabd45f): Total: 0.024 seconds - Initiated by StopAssetImportingV2(NoUpdateAssetOptions)
Importing 'GUID: a632d4ae9a5492042a1680fcfd7a0246 - Path: Assets/Resources/ReturnV2/Feedback/bridge/02.png' with importer (TextureImporter)
Imported 'GUID: a632d4ae9a5492042a1680fcfd7a0246' -> (Import Result ID: 'd847bed8dd779bf624d2ef7bd708d903') in 0.002 seconds [static and dynamic dependencies]. Details - ImportResultOutputID=b9e717335f61226a73d5b7aea3bd101c DependenciesID=7bbc02361907273665c6c6a292b1fe67 StaticDependenciesID=9f631da541394893aa4c7b141a14fbd9 
Asset Pipeline Refresh (id=c5ef9985e627c4aa1a4161f049df2273): Total: 0.024 seconds - Initiated by StopAssetImportingV2(NoUpdateAssetOptions)
Importing 'GUID: 50815d6b342592c42a92b329e8041b84 - Path: Assets/Resources/ReturnV2/Feedback/button/00.png' with importer (TextureImporter)
Imported 'GUID: 50815d6b342592c42a92b329e8041b84' -> (Import Result ID: '9e4b6098da3736f1218aef3c242dec66') in 0.002 seconds [static and dynamic dependencies]. Details - ImportResultOutputID=f52276b158153106ceb79bdcf340345e DependenciesID=a4d974abef4c148ab68f5b94978e3762 StaticDependenciesID=10504b26cc722dc0dbbc4e8b93ea6f44 
Asset Pipeline Refresh (id=d2f5bfe1e995c47bc9fc8bfc64570945): Total: 0.024 seconds - Initiated by StopAssetImportingV2(NoUpdateAssetOptions)
Importing 'GUID: 5961b63cea5d6ca40aa6185d9949c172 - Path: Assets/Resources/ReturnV2/Feedback/button-disabled/00.png' with importer (TextureImporter)
Imported 'GUID: 5961b63cea5d6ca40aa6185d9949c172' -> (Import Result ID: '6c8bc6ad01b2167aee837e9fd4ffface') in 0.002 seconds [static and dynamic dependencies]. Details - ImportResultOutputID=c20a4672a9da4aa8cf6cbef63f01fbaf DependenciesID=eaa8fa3c25914488b4e903e26e285218 StaticDependenciesID=fc0af63b99f7bdf1e4ba9c2733a1b985 
Asset Pipeline Refresh (id=236d208d9611e42998f716303d5147a7): Total: 0.024 seconds - Initiated by StopAssetImportingV2(NoUpdateAssetOptions)
Importing 'GUID: 85d2a0dfe47484143bbba4b56ee2ad20 - Path: Assets/Resources/ReturnV2/Feedback/button-pressed/00.png' with importer (TextureImporter)
Imported 'GUID: 85d2a0dfe47484143bbba4b56ee2ad20' -> (Import Result ID: 'd0f4305984bd9f544f865713e93726f6') in 0.002 seconds [static and dynamic dependencies]. Details - ImportResultOutputID=ae530a5bdd70f56f9317454635669787 DependenciesID=7048604f75d7d9233752b47103cc683b StaticDependenciesID=a9f9c81b01df9331d3aaa0d5ea9c515e 
Asset Pipeline Refresh (id=c70ff17db52834574986dfe79efc636d): Total: 0.025 seconds - Initiated by StopAssetImportingV2(NoUpdateAssetOptions)
Importing 'GUID: d894a13101f35184e9e94dee86ec1c59 - Path: Assets/Resources/ReturnV2/Feedback/button-selected/00.png' with importer (TextureImporter)
Imported 'GUID: d894a13101f35184e9e94dee86ec1c59' -> (Import Result ID: '78ffe195d31cce998157f923d3f04790') in 0.002 seconds [static and dynamic dependencies]. Details - ImportResultOutputID=2e2ee7311ba46eb7093a909c9fb44862 DependenciesID=adf313ef3916faa4a28015d7213a9b82 StaticDependenciesID=f081c1730a2af47b4d34b953c07f0ec0 
Asset Pipeline Refresh (id=adef0e021ab4c490c8eefeeaef708e6f): Total: 0.024 seconds - Initiated by StopAssetImportingV2(NoUpdateAssetOptions)
Importing 'GUID: 64aef615ed889e04cbbe8cbcd0327287 - Path: Assets/Resources/ReturnV2/Feedback/chute/00.png' with importer (TextureImporter)
Imported 'GUID: 64aef615ed889e04cbbe8cbcd0327287' -> (Import Result ID: 'c3d68a50418bd93dd7741f38b3dbe5cd') in 0.002 seconds [static and dynamic dependencies]. Details - ImportResultOutputID=cf1a57ac3a1ace6c1152cf60b66f8754 DependenciesID=eb5449a7b5b14d4d9ef322e6451540b8 StaticDependenciesID=76b57b2a5bb550e3630c9f5c203be3a9 
Asset Pipeline Refresh (id=fa1b2d2d1f9274b4cbe06fd858daa344): Total: 0.024 seconds - Initiated by StopAssetImportingV2(NoUpdateAssetOptions)
Importing 'GUID: d061244845960c94382e47f32981c01a - Path: Assets/Resources/ReturnV2/Feedback/dash-ghost/00.png' with importer (TextureImporter)
Imported 'GUID: d061244845960c94382e47f32981c01a' -> (Import Result ID: '8b1512ec6f1161cd3d2820baef668da1') in 0.003 seconds [static and dynamic dependencies]. Details - ImportResultOutputID=0c33ec26c356bfaaed111e2d590ddaab DependenciesID=eabd572fc6e5a43f8771027d52e0d5ad StaticDependenciesID=a1deda44bc9d3ea13260504622421baa 
Asset Pipeline Refresh (id=9ae7ab26cb57041049c2bc6215e352c3): Total: 0.025 seconds - Initiated by StopAssetImportingV2(NoUpdateAssetOptions)
Importing 'GUID: 6d83329cd3ba9684d8815ec1885a1575 - Path: Assets/Resources/ReturnV2/Feedback/dash-ghost/01.png' with importer (TextureImporter)
Imported 'GUID: 6d83329cd3ba9684d8815ec1885a1575' -> (Import Result ID: '5af2808e414b25c14efef8a74f4ca6b2') in 0.003 seconds [static and dynamic dependencies]. Details - ImportResultOutputID=fe6673f2b222d6aaf311bbe9afba56da DependenciesID=7629a89f321edb2748f1cfc8e6a3e36c StaticDependenciesID=12e5b52ed4ed447de94f5ac059f1edc9 
Asset Pipeline Refresh (id=b3c9d405f05c641e19961b2de90b612a): Total: 0.025 seconds - Initiated by StopAssetImportingV2(NoUpdateAssetOptions)
Importing 'GUID: 79cb29d72ae5cb7408ce7341885a8b1a - Path: Assets/Resources/ReturnV2/Feedback/dash-ghost/02.png' with importer (TextureImporter)
Imported 'GUID: 79cb29d72ae5cb7408ce7341885a8b1a' -> (Import Result ID: '2098936dbb1e55359385bb6e700b133b') in 0.003 seconds [static and dynamic dependencies]. Details - ImportResultOutputID=71ff0b05437675037b740c88b8b449d6 DependenciesID=b6955ab41cd44a2b0f10935b2786381a StaticDependenciesID=abe98581953ea49feaf42571f5ccd379 
Asset Pipeline Refresh (id=02ef35c9b583840c6bec9d67c96a8c4c): Total: 0.025 seconds - Initiated by StopAssetImportingV2(NoUpdateAssetOptions)
Importing 'GUID: f589093363c4dd746bbd98959e929fcd - Path: Assets/Resources/ReturnV2/Feedback/dash-ghost/03.png' with importer (TextureImporter)
Imported 'GUID: f589093363c4dd746bbd98959e929fcd' -> (Import Result ID: '95c7dac7d4bb72615d2d526867a9afad') in 0.003 seconds [static and dynamic dependencies]. Details - ImportResultOutputID=c5605cc71f86597a26e9157ff9ecd812 DependenciesID=cc510587d2e09bdadd773f731d6070be StaticDependenciesID=89369df2651b64c004f4f2b981f9f96b 
Asset Pipeline Refresh (id=0dba9bd7726b14421935f20a63eaed03): Total: 0.025 seconds - Initiated by StopAssetImportingV2(NoUpdateAssetOptions)
Importing 'GUID: e4fb204553456074da8069cc5fd31418 - Path: Assets/Resources/ReturnV2/Feedback/dash-ghost/04.png' with importer (TextureImporter)
Imported 'GUID: e4fb204553456074da8069cc5fd31418' -> (Import Result ID: '29a004eb26b95bda050301caf58c0a60') in 0.003 seconds [static and dynamic dependencies]. Details - ImportResultOutputID=eddab38c236b544ed0675421c9bd1d7d DependenciesID=716a2326131b586b537019bc614d794d StaticDependenciesID=1d17bb691abc235f7b61593a646d7a6f 
Asset Pipeline Refresh (id=0b4cc2cc3fe5240c2a3064edecfe3c5e): Total: 0.025 seconds - Initiated by StopAssetImportingV2(NoUpdateAssetOptions)
Importing 'GUID: 9b7d1e157a842b044b3b859b9b45a4fb - Path: Assets/Resources/ReturnV2/Feedback/dash-ghost/05.png' with importer (TextureImporter)
Imported 'GUID: 9b7d1e157a842b044b3b859b9b45a4fb' -> (Import Result ID: '8d4a1417ed8efe15e8720ec4bde649dc') in 0.003 seconds [static and dynamic dependencies]. Details - ImportResultOutputID=5499f6e516e4b8eb07d0088a0f1091ea DependenciesID=3694a297262d86537c03fba08e47838f StaticDependenciesID=48aef2671ed5006bb3661a0d0b9eb95a 
Asset Pipeline Refresh (id=7943058835ffd47988f8c4bcd0bd147b): Total: 0.025 seconds - Initiated by StopAssetImportingV2(NoUpdateAssetOptions)
Importing 'GUID: a538c9bc7165f0342ad2c446a7e9d9b6 - Path: Assets/Resources/ReturnV2/Feedback/dash-ghost/06.png' with importer (TextureImporter)
Imported 'GUID: a538c9bc7165f0342ad2c446a7e9d9b6' -> (Import Result ID: 'd48df1b75f1e5d2395b3fe9302e1b51c') in 0.002 seconds [static and dynamic dependencies]. Details - ImportResultOutputID=1370eefa82e944658eb927e15012ea41 DependenciesID=7e81f008bab30a842b9a5f0b823d16c6 StaticDependenciesID=0aa6f2fa2fb88bc2c54be5c0b495b2c6 
Asset Pipeline Refresh (id=840648c1bc54f4fb18206d8a47bb6cc1): Total: 0.025 seconds - Initiated by StopAssetImportingV2(NoUpdateAssetOptions)
Importing 'GUID: 6d8c59f2a6d57eb4ebe224793219a065 - Path: Assets/Resources/ReturnV2/Feedback/dash-ghost/07.png' with importer (TextureImporter)
Imported 'GUID: 6d8c59f2a6d57eb4ebe224793219a065' -> (Import Result ID: '4a55f37ec5377d78b629d8ec09820648') in 0.003 seconds [static and dynamic dependencies]. Details - ImportResultOutputID=a962727bcecac5a0fce8a4c38b2edb3f DependenciesID=a3a3a60bf8551f3ea02ec178b87bc20a StaticDependenciesID=cd67c2d030b30a5b9565ae456374f8b9 
Asset Pipeline Refresh (id=aef1bd4e4c1554bb6997e36c902eda0e): Total: 0.025 seconds - Initiated by StopAssetImportingV2(NoUpdateAssetOptions)
Importing 'GUID: 4e9948609a969f14c93b8a03c79ec4a7 - Path: Assets/Resources/ReturnV2/Feedback/dash-ghost/08.png' with importer (TextureImporter)
Imported 'GUID: 4e9948609a969f14c93b8a03c79ec4a7' -> (Import Result ID: '3be4396943cb42b8490b6f6862a515a5') in 0.002 seconds [static and dynamic dependencies]. Details - ImportResultOutputID=c63bbf120b44c2fe7047674ec70e8dd7 DependenciesID=2d42dcdd5b07772ece9cf3c73b607b3a StaticDependenciesID=5c14938892cd0b6f96bd18ec56815023 
Asset Pipeline Refresh (id=f0f59f8fc01ff45f9bed6ed07542c9da): Total: 0.025 seconds - Initiated by StopAssetImportingV2(NoUpdateAssetOptions)
Importing 'GUID: 7f4cc6548d59d4b439fde8aa1f1541cc - Path: Assets/Resources/ReturnV2/Feedback/dash-ghost/09.png' with importer (TextureImporter)
Imported 'GUID: 7f4cc6548d59d4b439fde8aa1f1541cc' -> (Import Result ID: 'c986fc7a68d469e2b59c3c5be96dc0c1') in 0.003 seconds [static and dynamic dependencies]. Details - ImportResultOutputID=83a5b48c8ac8cb16ea6fd7172086c8e2 DependenciesID=cbd2aa3a4fa1ad2b5ee53e36ed7b9e5e StaticDependenciesID=ddedd31cfee9d2a9093c353e89246620 
Asset Pipeline Refresh (id=236f10dbf11704664a26d63af1758c3e): Total: 0.027 seconds - Initiated by StopAssetImportingV2(NoUpdateAssetOptions)
Importing 'GUID: 5754a60ac6971fd499c797f4eb606ca9 - Path: Assets/Resources/ReturnV2/Feedback/dash-ghost/10.png' with importer (TextureImporter)
Imported 'GUID: 5754a60ac6971fd499c797f4eb606ca9' -> (Import Result ID: '282ff5ee24205e1864e3e0cbf41b6d35') in 0.003 seconds [static and dynamic dependencies]. Details - ImportResultOutputID=196aa40dfdea855903092f09a90b43f2 DependenciesID=2ffc426b08e88e351dbdc27d7fe5e93c StaticDependenciesID=4611e83f65d6f4c591c83f99c2c24dd6 
Asset Pipeline Refresh (id=18e1579984a0a4b928eb11f19292d055): Total: 0.026 seconds - Initiated by StopAssetImportingV2(NoUpdateAssetOptions)
Importing 'GUID: 3d5b4e2b7cec42e4aa0527ac492ee789 - Path: Assets/Resources/ReturnV2/Feedback/dash-ghost/11.png' with importer (TextureImporter)
Imported 'GUID: 3d5b4e2b7cec42e4aa0527ac492ee789' -> (Import Result ID: 'a7331eceff58cec7ffa3a2566ada04b1') in 0.003 seconds [static and dynamic dependencies]. Details - ImportResultOutputID=fcb6356e5a345056a158c95eb05f5a70 DependenciesID=dbd6410a3cf0c4e0051164b86228c648 StaticDependenciesID=a803dbf7b9b2aa8995c5f868601b133a 
Asset Pipeline Refresh (id=091e554ea1ca148a2b42a5da42a864d3): Total: 0.025 seconds - Initiated by StopAssetImportingV2(NoUpdateAssetOptions)
Importing 'GUID: cafd89b8e7045224791b873dd57093fc - Path: Assets/Resources/ReturnV2/Feedback/dust/00.png' with importer (TextureImporter)
Imported 'GUID: cafd89b8e7045224791b873dd57093fc' -> (Import Result ID: 'ea86045107c2a56d659084776bbcf77e') in 0.002 seconds [static and dynamic dependencies]. Details - ImportResultOutputID=fc4495daa63710041541f0bf955b6e15 DependenciesID=4a208a1e24428f5ea9ca4dfb5745b92b StaticDependenciesID=81c826b4dd9a6f56dcaf00b6fcadf06c 
Asset Pipeline Refresh (id=f5717a9e8fd8947fe8b75a2fc875f5d2): Total: 0.024 seconds - Initiated by StopAssetImportingV2(NoUpdateAssetOptions)
Importing 'GUID: fb2a9673b5d7f894ea3e7023971ce1ea - Path: Assets/Resources/ReturnV2/Feedback/dust/01.png' with importer (TextureImporter)
Imported 'GUID: fb2a9673b5d7f894ea3e7023971ce1ea' -> (Import Result ID: 'a5a5d012ddeb311be22a53ccab33e608') in 0.002 seconds [static and dynamic dependencies]. Details - ImportResultOutputID=3b8b326a07570600060b3fba5cc7144a DependenciesID=753b3b2504ae528ee47810a7624bdc8d StaticDependenciesID=3ffeae2eb3a0be4fd99402ebacabc94e 
Asset Pipeline Refresh (id=5cdd73c23c163440497601bdb213597c): Total: 0.024 seconds - Initiated by StopAssetImportingV2(NoUpdateAssetOptions)
Importing 'GUID: 53c3729c35aebf6439ae70a2b4a9d16a - Path: Assets/Resources/ReturnV2/Feedback/dust/02.png' with importer (TextureImporter)
Worker ready: AssetImportWorkerHW0 0
Imported 'GUID: 53c3729c35aebf6439ae70a2b4a9d16a' -> (Import Result ID: '7319292f91dcd202914c2c904a45f884') in 0.002 seconds [static and dynamic dependencies]. Details - ImportResultOutputID=352d97a591a14f6bf63d3e1909055cd7 DependenciesID=1c467ac6a8d0a16364131a4f37f0d1ce StaticDependenciesID=8f0f46db774cd98acccfec872b2a8e47 
Asset Pipeline Refresh (id=0e7f9cc23a74746cebdaa07f00712371): Total: 0.025 seconds - Initiated by StopAssetImportingV2(NoUpdateAssetOptions)
Importing 'GUID: a02fd6f53c3d8c64980a448c7710ab37 - Path: Assets/Resources/ReturnV2/Feedback/dust/03.png' with importer (TextureImporter)
Imported 'GUID: a02fd6f53c3d8c64980a448c7710ab37' -> (Import Result ID: '1220db374235044b3cb84c97296094b9') in 0.002 seconds [static and dynamic dependencies]. Details - ImportResultOutputID=7b6a853bb69c0b02a5b27d0b6f792006 DependenciesID=01a1a565ac8b702edb0a5429441b48ea StaticDependenciesID=ab8c54d496a726070da1d7f6b689fe87 
Asset Pipeline Refresh (id=f1d63b5ae1f96412483a762177175c8d): Total: 0.024 seconds - Initiated by StopAssetImportingV2(NoUpdateAssetOptions)
Importing 'GUID: 69367112aef85234c9058cf370476c72 - Path: Assets/Resources/ReturnV2/Feedback/dust/04.png' with importer (TextureImporter)
Imported 'GUID: 69367112aef85234c9058cf370476c72' -> (Import Result ID: '0bd826f4ee789f747685657fe650a681') in 0.002 seconds [static and dynamic dependencies]. Details - ImportResultOutputID=ca5bf716dbef33a22dd049d462b34789 DependenciesID=95b573c64c65eba1db562dd050d32e49 StaticDependenciesID=431c3ade3758c7dad3b8d968189d5471 
Asset Pipeline Refresh (id=98ae409fa7de048218bf6c7d691d23a5): Total: 0.024 seconds - Initiated by StopAssetImportingV2(NoUpdateAssetOptions)
Importing 'GUID: 9d699af72fbc18c449b244c5babc397d - Path: Assets/Resources/ReturnV2/Feedback/friction/00.png' with importer (TextureImporter)
Imported 'GUID: 9d699af72fbc18c449b244c5babc397d' -> (Import Result ID: '18ca47a569214b65e312a47b9d267540') in 0.002 seconds [static and dynamic dependencies]. Details - ImportResultOutputID=96956fe78dcf10b8aaf7203a00ff4ac0 DependenciesID=9db6100a2b13fd103810992a5a703ea1 StaticDependenciesID=6b877ece7c3b6ecf4c7f86b802965a06 
Asset Pipeline Refresh (id=ff60827b06f414cfd916ffb31e5455c1): Total: 0.024 seconds - Initiated by StopAssetImportingV2(NoUpdateAssetOptions)
Importing 'GUID: df1150c8c0b6bb24094b20a557145a50 - Path: Assets/Resources/ReturnV2/Feedback/friction/01.png' with importer (TextureImporter)
Imported 'GUID: df1150c8c0b6bb24094b20a557145a50' -> (Import Result ID: '276092ec8ed535fc75bb06b0acbf5461') in 0.002 seconds [static and dynamic dependencies]. Details - ImportResultOutputID=9ba1e1f25364413dae378044023dc918 DependenciesID=de4506745335cc845f42688b7901fc39 StaticDependenciesID=982216db4cc61020cea8ed9771632d6c 
Asset Pipeline Refresh (id=d8b82c56b42cf48e092c3194d6b88926): Total: 0.024 seconds - Initiated by StopAssetImportingV2(NoUpdateAssetOptions)
Importing 'GUID: 8ddfd98967f5a4546a7bb16c36abf094 - Path: Assets/Resources/ReturnV2/Feedback/friction/02.png' with importer (TextureImporter)
Imported 'GUID: 8ddfd98967f5a4546a7bb16c36abf094' -> (Import Result ID: '509eb6a25cbecdd4250a2c277c682843') in 0.002 seconds [static and dynamic dependencies]. Details - ImportResultOutputID=e3a165df9480579e8fb631a4a0e93ae3 DependenciesID=1809e55c2dd2d789dd945b17da547c57 StaticDependenciesID=9fd2d043455bd4df98425ad017b1d747 
Asset Pipeline Refresh (id=bb728eb6618274461b85537bd817548e): Total: 0.024 seconds - Initiated by StopAssetImportingV2(NoUpdateAssetOptions)
Importing 'GUID: e2434d86d01776e40b398163077a9f53 - Path: Assets/Resources/ReturnV2/Feedback/friction/03.png' with importer (TextureImporter)
Imported 'GUID: e2434d86d01776e40b398163077a9f53' -> (Import Result ID: '8fd2c48f262b12ff679d0ff8b744a4d6') in 0.002 seconds [static and dynamic dependencies]. Details - ImportResultOutputID=7b5519c9736008d4939fcdabc0b2a06c DependenciesID=fcaa386f025aab6acf2e6ecd8dd900c0 StaticDependenciesID=e21ab6e0b70f10b53bd2e2ae24d90e9b 
Asset Pipeline Refresh (id=c09fa89a2b4254e21913dbd8540a2698): Total: 0.024 seconds - Initiated by StopAssetImportingV2(NoUpdateAssetOptions)
Importing 'GUID: 6ea2490946406ba4d99f01d0aa2ab628 - Path: Assets/Resources/ReturnV2/Feedback/heart-empty/00.png' with importer (TextureImporter)
Imported 'GUID: 6ea2490946406ba4d99f01d0aa2ab628' -> (Import Result ID: '1e6b500f2fd5694fec4f069877c9f93c') in 0.002 seconds [static and dynamic dependencies]. Details - ImportResultOutputID=0f9ce909b0e66eeeeefa210bad6d0d29 DependenciesID=01e0f496ce4958b8af0efe18cdceca08 StaticDependenciesID=a79612522c6153867aa05c92e884c979 
Asset Pipeline Refresh (id=9a24c03e38fcc468b9d1d4eb9c40c5fe): Total: 0.024 seconds - Initiated by StopAssetImportingV2(NoUpdateAssetOptions)
Importing 'GUID: 91062926291f02a428185e602b055a5d - Path: Assets/Resources/ReturnV2/Feedback/heart-full/00.png' with importer (TextureImporter)
Imported 'GUID: 91062926291f02a428185e602b055a5d' -> (Import Result ID: '8223392701ba1a9745bd68e426af94b9') in 0.002 seconds [static and dynamic dependencies]. Details - ImportResultOutputID=cebec457490ecfe270e9a2377bff7353 DependenciesID=d770926f063544fcca01e59209db925a StaticDependenciesID=eda3764b9b9911c5a54278680a58f17c 
Asset Pipeline Refresh (id=bd6118a7701b2436ea43897b9974fb47): Total: 0.024 seconds - Initiated by StopAssetImportingV2(NoUpdateAssetOptions)
Importing 'GUID: 15190f0af3c76674b8c7a39bbb065a3a - Path: Assets/Resources/ReturnV2/Feedback/heart-ghost/00.png' with importer (TextureImporter)
Imported 'GUID: 15190f0af3c76674b8c7a39bbb065a3a' -> (Import Result ID: '011419ab033e9d2c0c661bdd7349e98c') in 0.002 seconds [static and dynamic dependencies]. Details - ImportResultOutputID=d58eb033dab3b1ff39cf5d8d478a0817 DependenciesID=68ff8277d71d64d8afbe2f7e33fb2409 StaticDependenciesID=d7543588a0255994e821ce9add23876c 
Asset Pipeline Refresh (id=bc833231f12744a9a8a7f2541077264c): Total: 0.025 seconds - Initiated by StopAssetImportingV2(NoUpdateAssetOptions)
Importing 'GUID: 3aa7b12f17197b54d9842d6ef2b591af - Path: Assets/Resources/ReturnV2/Feedback/hit/00.png' with importer (TextureImporter)
Imported 'GUID: 3aa7b12f17197b54d9842d6ef2b591af' -> (Import Result ID: '9273b1c17a9b3f5c9538892881fd6f5d') in 0.002 seconds [static and dynamic dependencies]. Details - ImportResultOutputID=fd1b8e80494baeba81c93b06b7097faf DependenciesID=09dab91e9180f6efed59f49ed8203cca StaticDependenciesID=7930ca160df1eb19a8b1ec62f159dc62 
Asset Pipeline Refresh (id=a14c30f3707024bb18510bb01f06e4f0): Total: 0.025 seconds - Initiated by StopAssetImportingV2(NoUpdateAssetOptions)
Importing 'GUID: e3fbfca9fbf47dd45823479654befc5a - Path: Assets/Resources/ReturnV2/Feedback/hit/01.png' with importer (TextureImporter)
Imported 'GUID: e3fbfca9fbf47dd45823479654befc5a' -> (Import Result ID: 'e98de26b5cb65630e220c42c9b801616') in 0.002 seconds [static and dynamic dependencies]. Details - ImportResultOutputID=a03147010c3a9c35022112230c23e8ea DependenciesID=ffa94203873f615900d55157e5acbc38 StaticDependenciesID=58c5113b0fed68f1d68b9db1c02c8230 
Asset Pipeline Refresh (id=361d58266cb5c4bc9be4a44e899ef3e9): Total: 0.025 seconds - Initiated by StopAssetImportingV2(NoUpdateAssetOptions)
Importing 'GUID: 920691df0860e894b9f2b4bac8ad0589 - Path: Assets/Resources/ReturnV2/Feedback/hit/02.png' with importer (TextureImporter)
Imported 'GUID: 920691df0860e894b9f2b4bac8ad0589' -> (Import Result ID: '334dda1b801c671822bd69fa6de4f985') in 0.002 seconds [static and dynamic dependencies]. Details - ImportResultOutputID=33a8bdafb060662262609cfcbd2f7525 DependenciesID=1c5f9de0291baf49a0175da3b8d66be0 StaticDependenciesID=6d3c33792dc62d0c9b33c8ee8ca2416b 
Asset Pipeline Refresh (id=faea5b23c616f415d92ffee6b2b5effb): Total: 0.024 seconds - Initiated by StopAssetImportingV2(NoUpdateAssetOptions)
Importing 'GUID: 8d1a14922bb211a459edddefb15f3020 - Path: Assets/Resources/ReturnV2/Feedback/hit/03.png' with importer (TextureImporter)
Imported 'GUID: 8d1a14922bb211a459edddefb15f3020' -> (Import Result ID: '20fbdc42291adc8d2c7ccf484756a415') in 0.002 seconds [static and dynamic dependencies]. Details - ImportResultOutputID=faf9244a4dd2266e6f2766aa37e18d55 DependenciesID=305ee27df040421c9cd654c4b124cac3 StaticDependenciesID=6447b5e4d18b45bad11e53f521c09787 
Asset Pipeline Refresh (id=fd1c4e68d7a5e47b9b6f033370be2161): Total: 0.024 seconds - Initiated by StopAssetImportingV2(NoUpdateAssetOptions)
Importing 'GUID: c4326e54f401a014fa9d94a9326069da - Path: Assets/Resources/ReturnV2/Feedback/hit/04.png' with importer (TextureImporter)
Imported 'GUID: c4326e54f401a014fa9d94a9326069da' -> (Import Result ID: '89216c19b8311790c3a930ee1c57ad9e') in 0.002 seconds [static and dynamic dependencies]. Details - ImportResultOutputID=b591050ae1f9efb3e63f1d82f0809771 DependenciesID=2419deb1fc23959b931577b5250dabde StaticDependenciesID=1a58f25e5459abdf8853cf4883ce77a1 
Asset Pipeline Refresh (id=a81014c33d11f4351bd014998273a8e1): Total: 0.024 seconds - Initiated by StopAssetImportingV2(NoUpdateAssetOptions)
Importing 'GUID: 37c5e97f46c509f4db155be38c77dde0 - Path: Assets/Resources/ReturnV2/Feedback/hurt/00.png' with importer (TextureImporter)
Imported 'GUID: 37c5e97f46c509f4db155be38c77dde0' -> (Import Result ID: '76d1d1eaada0f0d3b6e7e1d33a99ffd2') in 0.002 seconds [static and dynamic dependencies]. Details - ImportResultOutputID=a658899f0615540b61938263d50776c6 DependenciesID=6fec0df055e7d3f8444c1dca020de7f9 StaticDependenciesID=961f762763129c01800ec900eb863de1 
Asset Pipeline Refresh (id=305312630d02448138fd541e33ce52e1): Total: 0.024 seconds - Initiated by StopAssetImportingV2(NoUpdateAssetOptions)
Importing 'GUID: c7fdc6f9b91fb0241b28b60668739e37 - Path: Assets/Resources/ReturnV2/Feedback/hurt/01.png' with importer (TextureImporter)
Imported 'GUID: c7fdc6f9b91fb0241b28b60668739e37' -> (Import Result ID: '7d0e588d548c26c06ddce1d28fa6e255') in 0.002 seconds [static and dynamic dependencies]. Details - ImportResultOutputID=c0981c6dd90c6c98b88a1cab11d75d55 DependenciesID=5fca7402ff58f4fdf06377229c9a7a3c StaticDependenciesID=184a31b9636dcbca5d3183543e343546 
Asset Pipeline Refresh (id=a76eabf6266b646d9ae1ceef9e379a7f): Total: 0.024 seconds - Initiated by StopAssetImportingV2(NoUpdateAssetOptions)
Importing 'GUID: 667a83d8d33150c43a82cf4b2a2765ee - Path: Assets/Resources/ReturnV2/Feedback/hurt/02.png' with importer (TextureImporter)
Imported 'GUID: 667a83d8d33150c43a82cf4b2a2765ee' -> (Import Result ID: '764544964ba224f663bdb961215b7150') in 0.002 seconds [static and dynamic dependencies]. Details - ImportResultOutputID=ca39bcc5b648d220e39c34bf95dafd00 DependenciesID=7bf120673fa168bc5fdafc58cd61c10e StaticDependenciesID=4bfa678e92bc9ff79dbed4f294e4b304 
Asset Pipeline Refresh (id=ece7cdf1c50d64b08aedae59dcfc94b3): Total: 0.025 seconds - Initiated by StopAssetImportingV2(NoUpdateAssetOptions)
Importing 'GUID: 84f4f34ff1a8fed4999ffca664ea32c7 - Path: Assets/Resources/ReturnV2/Feedback/hurt/03.png' with importer (TextureImporter)
Imported 'GUID: 84f4f34ff1a8fed4999ffca664ea32c7' -> (Import Result ID: 'e651cc454b6847a9cae8b0f887b79023') in 0.002 seconds [static and dynamic dependencies]. Details - ImportResultOutputID=0e281053416c363cb5e86166c4cbc531 DependenciesID=df5477a783d8e94fdc63833a6c86dbb4 StaticDependenciesID=65390b429396c10253902e348b3f43cc 
Asset Pipeline Refresh (id=0d249e2641332417c9903d89c2901180): Total: 0.024 seconds - Initiated by StopAssetImportingV2(NoUpdateAssetOptions)
Importing 'GUID: 2dc1e102e15e27d4d82b99ec36791152 - Path: Assets/Resources/ReturnV2/Feedback/hurt-pose/00.png' with importer (TextureImporter)
Imported 'GUID: 2dc1e102e15e27d4d82b99ec36791152' -> (Import Result ID: '197d91a8bb71008a30cf2daaa0274166') in 0.003 seconds [static and dynamic dependencies]. Details - ImportResultOutputID=5ef1030f7c0f4a2dd910a90608bb0ea4 DependenciesID=8dbee0b6e8f25977cf2cfb97223d85ba StaticDependenciesID=67d37113e9d98ebe3b61f3c106463392 
Asset Pipeline Refresh (id=835fbb84ce91e4646894701ade959e2f): Total: 0.024 seconds - Initiated by StopAssetImportingV2(NoUpdateAssetOptions)
Importing 'GUID: db4e25e47b0e119409a0b2630c3b6122 - Path: Assets/Resources/ReturnV2/Feedback/hurt-pose/01.png' with importer (TextureImporter)
Imported 'GUID: db4e25e47b0e119409a0b2630c3b6122' -> (Import Result ID: '9d7c15425f41445971514d9f8389ec6e') in 0.003 seconds [static and dynamic dependencies]. Details - ImportResultOutputID=24f286bd444f5aa59594bc5a155f077a DependenciesID=b64127a670831eaab2757e036b623cbc StaticDependenciesID=ddb7148d17cd9f1346854b3dea37eed0 
Asset Pipeline Refresh (id=6205856947d5240bf9d606f6e96763af): Total: 0.024 seconds - Initiated by StopAssetImportingV2(NoUpdateAssetOptions)
Importing 'GUID: 31daf83e1fc3c3f4daf0b0591d8fc3f9 - Path: Assets/Resources/ReturnV2/Feedback/hurt-pose/02.png' with importer (TextureImporter)
Imported 'GUID: 31daf83e1fc3c3f4daf0b0591d8fc3f9' -> (Import Result ID: '59ab908385694ccdee647d4f55d5743d') in 0.003 seconds [static and dynamic dependencies]. Details - ImportResultOutputID=6cc1ecc6d36a4851c335d7b7a9da2b54 DependenciesID=3d5d7365af3d6e8a8b34a31dd5d9b458 StaticDependenciesID=deed65fffe2c678a33834f1f1587579c 
Asset Pipeline Refresh (id=3a95a26cb482a4785a701e75e4b09a3e): Total: 0.024 seconds - Initiated by StopAssetImportingV2(NoUpdateAssetOptions)
Importing 'GUID: cd4d19d0b3b3c79478d9799e9e35efcd - Path: Assets/Resources/ReturnV2/Feedback/icon-attack/00.png' with importer (TextureImporter)
Imported 'GUID: cd4d19d0b3b3c79478d9799e9e35efcd' -> (Import Result ID: '14331ffe4a63faa83013291a4aa44af2') in 0.002 seconds [static and dynamic dependencies]. Details - ImportResultOutputID=ed043af533dfe8c471fe9dcff6964d5f DependenciesID=ba05c10ddfef13376b06e685812f5b8c StaticDependenciesID=956a26bdc2f5b6a381f5de395707e64e 
Asset Pipeline Refresh (id=d9635ae82167a4b839ed3e347394e97c): Total: 0.024 seconds - Initiated by StopAssetImportingV2(NoUpdateAssetOptions)
Importing 'GUID: 928b8ec319e509046ae270d4cc268f20 - Path: Assets/Resources/ReturnV2/Feedback/icon-circuit/00.png' with importer (TextureImporter)
Imported 'GUID: 928b8ec319e509046ae270d4cc268f20' -> (Import Result ID: '95bf0827a2eb3738d0b08c3fb62e4e0d') in 0.002 seconds [static and dynamic dependencies]. Details - ImportResultOutputID=1ddc25e71e82e0cccc7548ed818bd492 DependenciesID=4ef27491370667016484abf25136e4b0 StaticDependenciesID=4cb97dcf8860ed42e55915b9b0b3c08c 
Asset Pipeline Refresh (id=91e8fadd4117544dc999127ff8a46b73): Total: 0.024 seconds - Initiated by StopAssetImportingV2(NoUpdateAssetOptions)
Importing 'GUID: 2ac42371790d65245b3138640672de5d - Path: Assets/Resources/ReturnV2/Feedback/icon-dash/00.png' with importer (TextureImporter)
Imported 'GUID: 2ac42371790d65245b3138640672de5d' -> (Import Result ID: '70aecfcb6036364997195844718ae272') in 0.002 seconds [static and dynamic dependencies]. Details - ImportResultOutputID=60df67cf1bc657d2b3884dee79a1bbea DependenciesID=31396689d61116f9e8c4ab3192c64c41 StaticDependenciesID=c07abfc4d9521fcbfde3178d8c605af1 
Asset Pipeline Refresh (id=670b40b626cb14ea682c2388700f3137): Total: 0.024 seconds - Initiated by StopAssetImportingV2(NoUpdateAssetOptions)
Importing 'GUID: ea708587870e46e48b610ed3288e29cc - Path: Assets/Resources/ReturnV2/Feedback/icon-hint/00.png' with importer (TextureImporter)
Imported 'GUID: ea708587870e46e48b610ed3288e29cc' -> (Import Result ID: '2002661f6e523eedbe1440d27762070d') in 0.002 seconds [static and dynamic dependencies]. Details - ImportResultOutputID=be4e232b873a0f1b9858e648247fd5c9 DependenciesID=076241963e9072c094546b94b771d472 StaticDependenciesID=13eee4e0d0f5231519fc968a24dc90b3 
Asset Pipeline Refresh (id=0a3e7f5e26e0a44688b34d8fa4ad7dad): Total: 0.024 seconds - Initiated by StopAssetImportingV2(NoUpdateAssetOptions)
Importing 'GUID: 4c4cb19a522140346b7dd7bd781ef5d9 - Path: Assets/Resources/ReturnV2/Feedback/icon-interact/00.png' with importer (TextureImporter)
Imported 'GUID: 4c4cb19a522140346b7dd7bd781ef5d9' -> (Import Result ID: 'ba0d0ac25d88234d74929df757b45d69') in 0.002 seconds [static and dynamic dependencies]. Details - ImportResultOutputID=2ad8745f5a8f7898d55b1a32a2898a49 DependenciesID=30e220f937119f0727f64bff293a9b26 StaticDependenciesID=578e0e5a097a81bafa7e8e75a29d21e9 
Asset Pipeline Refresh (id=832c8e1d206c64fbab061fa0cec5f738): Total: 0.024 seconds - Initiated by StopAssetImportingV2(NoUpdateAssetOptions)
Importing 'GUID: 79d7cb4aee3355c4ca4aa927020314a5 - Path: Assets/Resources/ReturnV2/Feedback/icon-jump/00.png' with importer (TextureImporter)
Imported 'GUID: 79d7cb4aee3355c4ca4aa927020314a5' -> (Import Result ID: '8bc73ed0b910ed0ab5431ee66bf14bd1') in 0.002 seconds [static and dynamic dependencies]. Details - ImportResultOutputID=bfe2bd2d5ba1e8cd0a512549107afac3 DependenciesID=004f79b8b45289407ddd726a19e2a065 StaticDependenciesID=f3427a017493b49c0642b8ad4f61d1c5 
Asset Pipeline Refresh (id=705d6019bdcaf45e0a948b023d1ace03): Total: 0.024 seconds - Initiated by StopAssetImportingV2(NoUpdateAssetOptions)
Importing 'GUID: 584fe61fe6c958844a03f1a5e8cd70a5 - Path: Assets/Resources/ReturnV2/Feedback/icon-locked/00.png' with importer (TextureImporter)
Imported 'GUID: 584fe61fe6c958844a03f1a5e8cd70a5' -> (Import Result ID: '1bdb85b5fe93949a17344bae12d1e83d') in 0.002 seconds [static and dynamic dependencies]. Details - ImportResultOutputID=8ed2afb9f8c14ef09528b00105980e03 DependenciesID=a90e9bab849586cef6b3e5a8546a4438 StaticDependenciesID=fb8898949e4973a5231b1c9a80fca35e 
Asset Pipeline Refresh (id=69c72547a7c47420dbd26f23b0f822fc): Total: 0.024 seconds - Initiated by StopAssetImportingV2(NoUpdateAssetOptions)
Importing 'GUID: f4a169c93b81e96448e0f6432811dfc7 - Path: Assets/Resources/ReturnV2/Feedback/icon-pause/00.png' with importer (TextureImporter)
Imported 'GUID: f4a169c93b81e96448e0f6432811dfc7' -> (Import Result ID: '5d3f3f828f65971c0bddf92238892138') in 0.002 seconds [static and dynamic dependencies]. Details - ImportResultOutputID=919786db527292829d5784deeb60a9df DependenciesID=53fb908f850913189ba6383cf18a5234 StaticDependenciesID=5ad88ff31bc51ddc5730512622162aa4 
Asset Pipeline Refresh (id=dbd3fe28056514b05903b1f0547d9f91): Total: 0.024 seconds - Initiated by StopAssetImportingV2(NoUpdateAssetOptions)
Importing 'GUID: 799b3b4a1eba38c4986add0a54fc1b36 - Path: Assets/Resources/ReturnV2/Feedback/icon-reset/00.png' with importer (TextureImporter)
Imported 'GUID: 799b3b4a1eba38c4986add0a54fc1b36' -> (Import Result ID: '50919ed8e42d6b246446ac64d7b9ac99') in 0.002 seconds [static and dynamic dependencies]. Details - ImportResultOutputID=7ea6ebfffaf27fb784e6c8e0ec2b7df0 DependenciesID=0abdf8df3ada4e313a7315c65b460711 StaticDependenciesID=039a419106c71ac2e355cbf7071ecc21 
Asset Pipeline Refresh (id=c5c901c5380174fbbbde8ddff11e4e5c): Total: 0.024 seconds - Initiated by StopAssetImportingV2(NoUpdateAssetOptions)
Importing 'GUID: 8bb1586c1cbd4914a8617000a444ebbb - Path: Assets/Resources/ReturnV2/Feedback/icon-undo/00.png' with importer (TextureImporter)
Imported 'GUID: 8bb1586c1cbd4914a8617000a444ebbb' -> (Import Result ID: 'fe7f5f7a5369de6b8b55d66b7a3c4ab5') in 0.002 seconds [static and dynamic dependencies]. Details - ImportResultOutputID=196f600dcc685d121dfda21715b44894 DependenciesID=0123b77345fd00348b5cee781c6f75c7 StaticDependenciesID=1cb851f0bb0babdb7ee7b611c6b086b7 
Asset Pipeline Refresh (id=6f1ea02d19ffb4c9e820e73b5ea066df): Total: 0.024 seconds - Initiated by StopAssetImportingV2(NoUpdateAssetOptions)
Importing 'GUID: 92e7fac46d557bc43857f06aa51f2c9f - Path: Assets/Resources/ReturnV2/Feedback/iron-empty/00.png' with importer (TextureImporter)
Imported 'GUID: 92e7fac46d557bc43857f06aa51f2c9f' -> (Import Result ID: '451667bcbd3c26876bc73abf2681a0dc') in 0.002 seconds [static and dynamic dependencies]. Details - ImportResultOutputID=d31d5eec25399efab9b59b2258dd6e34 DependenciesID=1a5fac65899c1a0caf774ce6f8cd4554 StaticDependenciesID=1149c3da37fb1446af976935381cae7a 
Asset Pipeline Refresh (id=e3205d6e62d494b33b272f325ab75d5c): Total: 0.024 seconds - Initiated by StopAssetImportingV2(NoUpdateAssetOptions)
Importing 'GUID: 09ded554238bb0947ba2bac6edf927d5 - Path: Assets/Resources/ReturnV2/Feedback/iron-full/00.png' with importer (TextureImporter)
Imported 'GUID: 09ded554238bb0947ba2bac6edf927d5' -> (Import Result ID: '81af8ba530449cf5103b7d094ef19f87') in 0.002 seconds [static and dynamic dependencies]. Details - ImportResultOutputID=b1fc2d4fffb39b706d05ad5992b3b4ba DependenciesID=61d591d1240fff7ac7596047290cb275 StaticDependenciesID=85b32f3517324521bfbc639e68e3d2dd 
Asset Pipeline Refresh (id=93cc369b15e5142f9a1ca413e29c60e2): Total: 0.024 seconds - Initiated by StopAssetImportingV2(NoUpdateAssetOptions)
Importing 'GUID: dfe9149a035a2c841901b035c424ca87 - Path: Assets/Resources/ReturnV2/Feedback/iron-ghost/00.png' with importer (TextureImporter)
Imported 'GUID: dfe9149a035a2c841901b035c424ca87' -> (Import Result ID: '9032547be1e4f312f263f5dd1d3654f5') in 0.002 seconds [static and dynamic dependencies]. Details - ImportResultOutputID=28f848be09cfa4ba68c1e4a6a9518179 DependenciesID=d3b699ace467ba073095aaca6e563c75 StaticDependenciesID=a3280ad9423a6bdd41eab3cf479c8ee5 
Asset Pipeline Refresh (id=cb056e202b39a48d4bb1ec06a672c800): Total: 0.024 seconds - Initiated by StopAssetImportingV2(NoUpdateAssetOptions)
Importing 'GUID: a1776f9b069a95b498d30365fa6e1487 - Path: Assets/Resources/ReturnV2/Feedback/orb-release/00.png' with importer (TextureImporter)
Imported 'GUID: a1776f9b069a95b498d30365fa6e1487' -> (Import Result ID: 'ee099ab29767b3fae525e4a89c4d9c97') in 0.002 seconds [static and dynamic dependencies]. Details - ImportResultOutputID=ae0c2da09b0913838234c15f711a3298 DependenciesID=a42a644968622baee68bd8c39df08cbc StaticDependenciesID=c83ad538b7138c0e500629fa2ea09cda 
Asset Pipeline Refresh (id=3d6c35305d0d64a678f79be37a614044): Total: 0.024 seconds - Initiated by StopAssetImportingV2(NoUpdateAssetOptions)
Importing 'GUID: 9d30324dd68f259449c7eb43e9f57ffe - Path: Assets/Resources/ReturnV2/Feedback/orb-release/01.png' with importer (TextureImporter)
Imported 'GUID: 9d30324dd68f259449c7eb43e9f57ffe' -> (Import Result ID: '1e07b1300214529ab7aa64dc5ea1f523') in 0.002 seconds [static and dynamic dependencies]. Details - ImportResultOutputID=57103670d0369ec0f77e30833e9688ec DependenciesID=b44134cab12279e7281f2edd9e95c62a StaticDependenciesID=5905a7e6c313cf96ecbe9cd46b06eab5 
Asset Pipeline Refresh (id=491115a47397e47c38f7bd68dd29dd6d): Total: 0.026 seconds - Initiated by StopAssetImportingV2(NoUpdateAssetOptions)
Importing 'GUID: e4da7c1492d745f4d937a5116e341148 - Path: Assets/Resources/ReturnV2/Feedback/orb-release/02.png' with importer (TextureImporter)
Imported 'GUID: e4da7c1492d745f4d937a5116e341148' -> (Import Result ID: '97cc73b2c0605503567fd8444d718d11') in 0.002 seconds [static and dynamic dependencies]. Details - ImportResultOutputID=d129b50f1ee37ab50ca58edea8100ba1 DependenciesID=3746576c88d2f88a5a26c4ec915038c5 StaticDependenciesID=f65d88f4e94128a3243c4b3bdf9d873c 
Asset Pipeline Refresh (id=3f80d6aff5d124c1ab38fd19eeac36ee): Total: 0.024 seconds - Initiated by StopAssetImportingV2(NoUpdateAssetOptions)
Importing 'GUID: c1edfc96c85e9a849999d4082074e57f - Path: Assets/Resources/ReturnV2/Feedback/orb-stop/00.png' with importer (TextureImporter)
Imported 'GUID: c1edfc96c85e9a849999d4082074e57f' -> (Import Result ID: 'a8eaa4062a515fcc59cf8d2035e632f9') in 0.002 seconds [static and dynamic dependencies]. Details - ImportResultOutputID=cb5de977157103130463a85e3d8fab08 DependenciesID=85e2206b8709e998638ca51690320bc9 StaticDependenciesID=48cb5881a8667adebe57edf41c462345 
Asset Pipeline Refresh (id=2b8285a1544df4c5aa11b5c3b030ccdc): Total: 0.024 seconds - Initiated by StopAssetImportingV2(NoUpdateAssetOptions)
Importing 'GUID: b67b89de9ba9f01488907429fb668356 - Path: Assets/Resources/ReturnV2/Feedback/orb-stop/01.png' with importer (TextureImporter)
Imported 'GUID: b67b89de9ba9f01488907429fb668356' -> (Import Result ID: 'b7b8bf830aa6d04c79568a1a57d7c5a6') in 0.002 seconds [static and dynamic dependencies]. Details - ImportResultOutputID=0dac1f58c9fbee8f3e416f33f9d7ec3b DependenciesID=8250f0527eb53f5ba7f66c57ef4082a7 StaticDependenciesID=1625a5e84b08cfd0d81719b43f53eba0 
Asset Pipeline Refresh (id=89e82b2c14f214793853b8400ec62af4): Total: 0.024 seconds - Initiated by StopAssetImportingV2(NoUpdateAssetOptions)
Importing 'GUID: 378d167fb2121844d84f219c8c5b0a66 - Path: Assets/Resources/ReturnV2/Feedback/orb-stop/02.png' with importer (TextureImporter)
Imported 'GUID: 378d167fb2121844d84f219c8c5b0a66' -> (Import Result ID: '42d4011b7842e2f505a1538a84e9b3c3') in 0.002 seconds [static and dynamic dependencies]. Details - ImportResultOutputID=06364a86ff9b9ef8f90577fec5b6ecab DependenciesID=bdd1f76cd51c54bf9dc51c9c5140494b StaticDependenciesID=ca117c027cdacd7ca1f67973649b27f1 
Asset Pipeline Refresh (id=18aa7fdb5de59443b93170223d7f4d06): Total: 0.024 seconds - Initiated by StopAssetImportingV2(NoUpdateAssetOptions)
Importing 'GUID: 72578e7e65048bf4193b42e14079a509 - Path: Assets/Resources/ReturnV2/Feedback/panel/00.png' with importer (TextureImporter)
Imported 'GUID: 72578e7e65048bf4193b42e14079a509' -> (Import Result ID: '97748752399bb8d11c120ba92eb75594') in 0.002 seconds [static and dynamic dependencies]. Details - ImportResultOutputID=7e821e25cdf57c2f8eb2734ac7abda05 DependenciesID=513cc90aa2aa9007c9ae5ca50eceec3a StaticDependenciesID=6775d80cbd3bf37c0b7ff5a5cfa49c37 
Asset Pipeline Refresh (id=90133e89be9a041569f259ff4d2c12b4): Total: 0.024 seconds - Initiated by StopAssetImportingV2(NoUpdateAssetOptions)
Importing 'GUID: a5c9c3e4d661078439b64a0b85b29ff5 - Path: Assets/Resources/ReturnV2/Feedback/power-down/00.png' with importer (TextureImporter)
Imported 'GUID: a5c9c3e4d661078439b64a0b85b29ff5' -> (Import Result ID: '0492b4687740dee2db5df005e29e4711') in 0.002 seconds [static and dynamic dependencies]. Details - ImportResultOutputID=8f56ae2836020cc0f78b5b625bd873e1 DependenciesID=b55004b23c643f7d443f94b19f4c948e StaticDependenciesID=193cb7111f9da15c04c727ad7b3571a5 
Asset Pipeline Refresh (id=eb5b6b41f8ab945eb9e3f6c53d29917e): Total: 0.024 seconds - Initiated by StopAssetImportingV2(NoUpdateAssetOptions)
Importing 'GUID: 88325d785fd203b44863ae67b03e727f - Path: Assets/Resources/ReturnV2/Feedback/power-down/01.png' with importer (TextureImporter)
Imported 'GUID: 88325d785fd203b44863ae67b03e727f' -> (Import Result ID: 'e1bcacbeaca63534b91536ec38d65523') in 0.002 seconds [static and dynamic dependencies]. Details - ImportResultOutputID=759eca558c539eb94216d3e42d5b4ee1 DependenciesID=c04e0ede475a1b7d604a466895bb94c0 StaticDependenciesID=c6ffccb3c9253bf21c3bc527533697c2 
Asset Pipeline Refresh (id=8418178ae68974ff7a8bcfd809bb8b8e): Total: 0.025 seconds - Initiated by StopAssetImportingV2(NoUpdateAssetOptions)
Importing 'GUID: 542e8271927c10c41b1a627e678516cd - Path: Assets/Resources/ReturnV2/Feedback/power-down/02.png' with importer (TextureImporter)
Imported 'GUID: 542e8271927c10c41b1a627e678516cd' -> (Import Result ID: 'ebef65b67914e0c8a38102f60bd98704') in 0.002 seconds [static and dynamic dependencies]. Details - ImportResultOutputID=7cefac352db5b174adc76408e3352173 DependenciesID=a34d20c2e60443a3af715e3dc51cb50e StaticDependenciesID=1705c35ec649f8bac8202891385afe3f 
Asset Pipeline Refresh (id=382a88695dfc24ebbb2c76502e2559a8): Total: 0.024 seconds - Initiated by StopAssetImportingV2(NoUpdateAssetOptions)
Importing 'GUID: 07bec3fe846593444b6235986e3c8b58 - Path: Assets/Resources/ReturnV2/Feedback/protect/00.png' with importer (TextureImporter)
Imported 'GUID: 07bec3fe846593444b6235986e3c8b58' -> (Import Result ID: 'ae2abe5e4d2d5f58421793d705a6b5c9') in 0.002 seconds [static and dynamic dependencies]. Details - ImportResultOutputID=c634341c51721c9bcfecc042cb164193 DependenciesID=7b433909ccb8df94eab02ee627cdfb04 StaticDependenciesID=91460f4953369e70296280db5f1c1af3 
Asset Pipeline Refresh (id=4b73a4ac274944556915ec7c7b14c1f4): Total: 0.024 seconds - Initiated by StopAssetImportingV2(NoUpdateAssetOptions)
Importing 'GUID: 670e3a5c3a4e37c4380cc594aa49e0cf - Path: Assets/Resources/ReturnV2/Feedback/push-brace-down/00.png' with importer (TextureImporter)
Imported 'GUID: 670e3a5c3a4e37c4380cc594aa49e0cf' -> (Import Result ID: 'd16bddb94584f73c08a3921be39a05fc') in 0.002 seconds [static and dynamic dependencies]. Details - ImportResultOutputID=7cf6f50f4a850a3808b386cc5303f137 DependenciesID=934e4adeea50c9221740038e0ce0284a StaticDependenciesID=ab367bd51364823966548507fa3514d1 
Asset Pipeline Refresh (id=746f03c3ec22245b89b3a1fac7625781): Total: 0.024 seconds - Initiated by StopAssetImportingV2(NoUpdateAssetOptions)
Importing 'GUID: ad1095ed356f1834cb488ee348069fd4 - Path: Assets/Resources/ReturnV2/Feedback/push-brace-side/00.png' with importer (TextureImporter)
Imported 'GUID: ad1095ed356f1834cb488ee348069fd4' -> (Import Result ID: 'e8e1acfde5c73f369b1111067d2d6ad7') in 0.003 seconds [static and dynamic dependencies]. Details - ImportResultOutputID=ae0c7ee506c5fc89ec64f9a3d8fe86d7 DependenciesID=21325b41fb86cabec10aa8ee5349baec StaticDependenciesID=71b476863ffa30ac27a60c9a5fb3992b 
Asset Pipeline Refresh (id=48c086f20c3d64da78fc7bd7759ab6b1): Total: 0.024 seconds - Initiated by StopAssetImportingV2(NoUpdateAssetOptions)
Importing 'GUID: cfffcc00af355bf4998efb44fd55bb85 - Path: Assets/Resources/ReturnV2/Feedback/push-brace-up/00.png' with importer (TextureImporter)
Imported 'GUID: cfffcc00af355bf4998efb44fd55bb85' -> (Import Result ID: 'e9e400c2a54a1df21ad440ef7c71c497') in 0.003 seconds [static and dynamic dependencies]. Details - ImportResultOutputID=d043970b8b4859fc42ac9b6c7dcd46c3 DependenciesID=d04bf1a2140bcacba4643e00e20d2527 StaticDependenciesID=b1ecc23f8461f5cfb50e4ff823ccba06 
Asset Pipeline Refresh (id=0b7aef5583798487f8759d206353cffb): Total: 0.024 seconds - Initiated by StopAssetImportingV2(NoUpdateAssetOptions)
Importing 'GUID: bb09454d62a37404e915179268f82021 - Path: Assets/Resources/ReturnV2/Feedback/push-down/00.png' with importer (TextureImporter)
Imported 'GUID: bb09454d62a37404e915179268f82021' -> (Import Result ID: '48e705a45b23ea7f746c824de4f085f3') in 0.003 seconds [static and dynamic dependencies]. Details - ImportResultOutputID=a011f8bd1dfaac9d7765c30337910fcd DependenciesID=3ca44046c857060675d91a3936a0490c StaticDependenciesID=b90e6b3bd2f8501c6e9fe8d44108949c 
Asset Pipeline Refresh (id=87e74009d880c4e429a60793388dcb3c): Total: 0.024 seconds - Initiated by StopAssetImportingV2(NoUpdateAssetOptions)
Importing 'GUID: 65fc17980631cd24fb9b71be1205af25 - Path: Assets/Resources/ReturnV2/Feedback/push-down/01.png' with importer (TextureImporter)
Imported 'GUID: 65fc17980631cd24fb9b71be1205af25' -> (Import Result ID: '556e5ed2f6e60df34006fb9ef84fc8bf') in 0.002 seconds [static and dynamic dependencies]. Details - ImportResultOutputID=f4d8f119cdd26cc3c8f418910131be3c DependenciesID=58111626fea25ed174b403ff2b39a6c1 StaticDependenciesID=4cb3a4b9fc21c6f5f7a5ba3186e2a487 
Asset Pipeline Refresh (id=1b93266c33c36422e9d0fbebd0785df6): Total: 0.025 seconds - Initiated by StopAssetImportingV2(NoUpdateAssetOptions)
Importing 'GUID: bfae1b5ad35f9374798aaad341df2f9e - Path: Assets/Resources/ReturnV2/Feedback/push-down/02.png' with importer (TextureImporter)
Imported 'GUID: bfae1b5ad35f9374798aaad341df2f9e' -> (Import Result ID: '0fb9d625094822a6274a91f3ff04f19d') in 0.003 seconds [static and dynamic dependencies]. Details - ImportResultOutputID=0fd208d249ae29a9c61e5a74d425c458 DependenciesID=4dec4eeab0d188496bf2d6df59c08036 StaticDependenciesID=638bd80da5b99628b020352ed69cc99a 
Asset Pipeline Refresh (id=1c3f97f00974f40d48a85350e1d50bbc): Total: 0.024 seconds - Initiated by StopAssetImportingV2(NoUpdateAssetOptions)
Importing 'GUID: 9853391042f266241aa7e3eed2ab5f2b - Path: Assets/Resources/ReturnV2/Feedback/push-down/03.png' with importer (TextureImporter)
Imported 'GUID: 9853391042f266241aa7e3eed2ab5f2b' -> (Import Result ID: '870cdd5209ab0c141ba1fd14776636e4') in 0.003 seconds [static and dynamic dependencies]. Details - ImportResultOutputID=7a302dcf8e2ca9b3b5cfd5ba87f7b1d6 DependenciesID=d88ad1fefe27e5d0b3a394c10904f400 StaticDependenciesID=067d88a8f3a274be767ea29c864d9ee3 
Asset Pipeline Refresh (id=81d022951812341a8a9ef0dc6341e939): Total: 0.024 seconds - Initiated by StopAssetImportingV2(NoUpdateAssetOptions)
Importing 'GUID: 64d1ae347680aea4a83be5b13dec6101 - Path: Assets/Resources/ReturnV2/Feedback/push-down/04.png' with importer (TextureImporter)
Imported 'GUID: 64d1ae347680aea4a83be5b13dec6101' -> (Import Result ID: '56c3c30fd810e86529bc06f7a0c82b78') in 0.003 seconds [static and dynamic dependencies]. Details - ImportResultOutputID=bd88592cb930755de4b2aa6abea51ae7 DependenciesID=d88e84f651747548b75f9d302cf4adf7 StaticDependenciesID=826f54c405161d967bd0e9ca041a2049 
Asset Pipeline Refresh (id=fa2456726c69c485487aa8f749553435): Total: 0.024 seconds - Initiated by StopAssetImportingV2(NoUpdateAssetOptions)
Importing 'GUID: 1df212ba6bf94c440b2f90b0fbb6dbc9 - Path: Assets/Resources/ReturnV2/Feedback/push-down/05.png' with importer (TextureImporter)
Imported 'GUID: 1df212ba6bf94c440b2f90b0fbb6dbc9' -> (Import Result ID: '269f682c05c4fe8b26bd425f0180a581') in 0.002 seconds [static and dynamic dependencies]. Details - ImportResultOutputID=0f849853adcb86a20516bd69784023d2 DependenciesID=66bbf776b8e6722953e8a4c5d488d8ec StaticDependenciesID=2c59dd306cf2bf04bb3f745cb1961d58 
Asset Pipeline Refresh (id=25039d168b97a4f508f4806a3a57cd0d): Total: 0.025 seconds - Initiated by StopAssetImportingV2(NoUpdateAssetOptions)
Importing 'GUID: 915f15eddc11d9e488ddc2d23fad086b - Path: Assets/Resources/ReturnV2/Feedback/push-down/06.png' with importer (TextureImporter)
Imported 'GUID: 915f15eddc11d9e488ddc2d23fad086b' -> (Import Result ID: '6e43363cbd5df53120e9d675acbaccb8') in 0.003 seconds [static and dynamic dependencies]. Details - ImportResultOutputID=9a65f73b0bb66a413a188d4ef40b92cf DependenciesID=4cb10fa79f05410a41e8d3c5ab941399 StaticDependenciesID=dacfbb2bdcfb847e4245d82e83e88346 
Asset Pipeline Refresh (id=9f013aea798ce458bb8a415b6df9e036): Total: 0.024 seconds - Initiated by StopAssetImportingV2(NoUpdateAssetOptions)
Importing 'GUID: d38b6f3255ece0f42a4d4bd41794eb62 - Path: Assets/Resources/ReturnV2/Feedback/push-down/07.png' with importer (TextureImporter)
Imported 'GUID: d38b6f3255ece0f42a4d4bd41794eb62' -> (Import Result ID: 'bd934af6c430f7e27538eb06dd68b610') in 0.003 seconds [static and dynamic dependencies]. Details - ImportResultOutputID=9db0c83ca3e1c9c3054160e754c2a5b1 DependenciesID=16e8a4a17c2716efb7f02e6bf0dc684e StaticDependenciesID=9a67f2eb40188cdab927241024e3577e 
Asset Pipeline Refresh (id=f73220ffe9cc74e799f9fd2594317844): Total: 0.024 seconds - Initiated by StopAssetImportingV2(NoUpdateAssetOptions)
Importing 'GUID: 2a6dcc0364a30164cb03aa8a75510740 - Path: Assets/Resources/ReturnV2/Feedback/push-down/08.png' with importer (TextureImporter)
Imported 'GUID: 2a6dcc0364a30164cb03aa8a75510740' -> (Import Result ID: '91d21238b47de72e0bae2a5d2d0c66bd') in 0.003 seconds [static and dynamic dependencies]. Details - ImportResultOutputID=f0857ea202c0db5dce9913d95e2e411b DependenciesID=b3c2d055363626aca7bfa5707520b06f StaticDependenciesID=11820c0d9a0bdca3fd6d1c0bdf8d7d2a 
Asset Pipeline Refresh (id=8c38e3edfb5944f6c97e631bcaea80c9): Total: 0.024 seconds - Initiated by StopAssetImportingV2(NoUpdateAssetOptions)
Importing 'GUID: f5e2c69ea98796745bb40ab0aa28af03 - Path: Assets/Resources/ReturnV2/Feedback/push-down/09.png' with importer (TextureImporter)
Imported 'GUID: f5e2c69ea98796745bb40ab0aa28af03' -> (Import Result ID: '812a13e3b693b2522f758df2df17d12f') in 0.003 seconds [static and dynamic dependencies]. Details - ImportResultOutputID=c6aab1d84324db6e1dfcf6facd77ee1c DependenciesID=561d46c64cf4bb455b8a4f17a64f6e07 StaticDependenciesID=033e3f2af704f73c668c1622415e288c 
Asset Pipeline Refresh (id=d764e59210d7347bdbf28c83b0583ff5): Total: 0.024 seconds - Initiated by StopAssetImportingV2(NoUpdateAssetOptions)
Importing 'GUID: 568524da952e92b42bc308149d786d54 - Path: Assets/Resources/ReturnV2/Feedback/push-down/10.png' with importer (TextureImporter)
Imported 'GUID: 568524da952e92b42bc308149d786d54' -> (Import Result ID: '8c135b45f9cf673620d791ec985cf453') in 0.002 seconds [static and dynamic dependencies]. Details - ImportResultOutputID=e7c403d8c63d5c65490a8844cc668560 DependenciesID=5fe0c944409cba5cdd65db7123f35883 StaticDependenciesID=b3f9e23298d95511cc69a7e2c8ca39b4 
Asset Pipeline Refresh (id=bfa33f8aaa54a42f5ad42bfd310fd58a): Total: 0.024 seconds - Initiated by StopAssetImportingV2(NoUpdateAssetOptions)
Importing 'GUID: 7a435ea32f783c042a3ff88a1ce99ef2 - Path: Assets/Resources/ReturnV2/Feedback/push-down/11.png' with importer (TextureImporter)
Imported 'GUID: 7a435ea32f783c042a3ff88a1ce99ef2' -> (Import Result ID: '104330999245c4e66218a5f7fb96bdc4') in 0.002 seconds [static and dynamic dependencies]. Details - ImportResultOutputID=8bdd95d7078fd25493deff6918dabc73 DependenciesID=0bbbba34cf2a110e5b6653beb812dfcd StaticDependenciesID=ccaff0a1565d648faa54405888caca6e 
Asset Pipeline Refresh (id=0d650408f7e9649a89601c6c8d93fee6): Total: 0.024 seconds - Initiated by StopAssetImportingV2(NoUpdateAssetOptions)
Importing 'GUID: 56700220f0319b244b2e30bcd7402cf4 - Path: Assets/Resources/ReturnV2/Feedback/push-down/12.png' with importer (TextureImporter)
Imported 'GUID: 56700220f0319b244b2e30bcd7402cf4' -> (Import Result ID: '3908d96cf829d855694cf158e7413634') in 0.002 seconds [static and dynamic dependencies]. Details - ImportResultOutputID=c939f16c1f84ed1faf9cb04f9ec47ac4 DependenciesID=e517b1a284b7ef591c2de57c1f6fee39 StaticDependenciesID=da2e61e868e9ddef14caa4a0acdaeec9 
Asset Pipeline Refresh (id=4ed70859b82f540988e6919697993964): Total: 0.024 seconds - Initiated by StopAssetImportingV2(NoUpdateAssetOptions)
Importing 'GUID: 19d040ff3bff3b34e8fe3a87351945c0 - Path: Assets/Resources/ReturnV2/Feedback/push-down/13.png' with importer (TextureImporter)
Imported 'GUID: 19d040ff3bff3b34e8fe3a87351945c0' -> (Import Result ID: 'a0e05300a6431a5b5d2e1f0fec90e3d5') in 0.002 seconds [static and dynamic dependencies]. Details - ImportResultOutputID=5a3cad0066ad350737552e416e875d5a DependenciesID=2d6170b892b9107d1947a209e2a0c89a StaticDependenciesID=28568c0b30d76110bda3536c2a7fb013 
Asset Pipeline Refresh (id=f737f186e552b47db8110a1d090c4bd6): Total: 0.024 seconds - Initiated by StopAssetImportingV2(NoUpdateAssetOptions)
Importing 'GUID: 8b3e4fb310b2185429de24c3553a6c7f - Path: Assets/Resources/ReturnV2/Feedback/push-side/00.png' with importer (TextureImporter)
Imported 'GUID: 8b3e4fb310b2185429de24c3553a6c7f' -> (Import Result ID: 'de3ef557a22cd9362faac656942c50c5') in 0.003 seconds [static and dynamic dependencies]. Details - ImportResultOutputID=28118f3c0b5a198228a7ede4de395e90 DependenciesID=e9e1df797b4c7de32e670aeff9fcd962 StaticDependenciesID=82c3c375b6de2d02e792d87f5e476303 
Asset Pipeline Refresh (id=58e548d37f7cb4542919de41af02d34a): Total: 0.024 seconds - Initiated by StopAssetImportingV2(NoUpdateAssetOptions)
Importing 'GUID: 7ed76a06a3405854ba92e658b7d89d1f - Path: Assets/Resources/ReturnV2/Feedback/push-side/01.png' with importer (TextureImporter)
Imported 'GUID: 7ed76a06a3405854ba92e658b7d89d1f' -> (Import Result ID: 'a81661882a24a41742342ced1dbb92ef') in 0.003 seconds [static and dynamic dependencies]. Details - ImportResultOutputID=09f95d71cc4cd9f2ae54e58b9703b7f8 DependenciesID=4477a5a3ee84706216dec48450c69bea StaticDependenciesID=b5015e5f2e1d0945c4fccac0eb96ba66 
Asset Pipeline Refresh (id=f006051e8d17a43a08db444350ca8c74): Total: 0.025 seconds - Initiated by StopAssetImportingV2(NoUpdateAssetOptions)
Importing 'GUID: d6865c5a82c59c047a3f2154bbcfd81b - Path: Assets/Resources/ReturnV2/Feedback/push-side/02.png' with importer (TextureImporter)
Imported 'GUID: d6865c5a82c59c047a3f2154bbcfd81b' -> (Import Result ID: '7ef13ca11bb5a7b5e3f88972ecfb3786') in 0.003 seconds [static and dynamic dependencies]. Details - ImportResultOutputID=0937899d75607d580803dc891bb5ffb5 DependenciesID=e1a9df0689284f01d683ddf45cc3efc4 StaticDependenciesID=6a926f62f7c6dfe19904fb915c874158 
Asset Pipeline Refresh (id=85474395c7a7d4cf89112a11c0c772eb): Total: 0.024 seconds - Initiated by StopAssetImportingV2(NoUpdateAssetOptions)
Importing 'GUID: 6885d52f26f45224886581a089d72d9d - Path: Assets/Resources/ReturnV2/Feedback/push-side/03.png' with importer (TextureImporter)
Imported 'GUID: 6885d52f26f45224886581a089d72d9d' -> (Import Result ID: '380bb7d141be4713cd9028a07d3843b6') in 0.002 seconds [static and dynamic dependencies]. Details - ImportResultOutputID=f0a1978e9c07c494e949486dc3ab36d7 DependenciesID=51b315508d8e61bde63ce843e6cc63be StaticDependenciesID=d74824e59c49c200bb8d9e4bc656932f 
Asset Pipeline Refresh (id=8490f08f3d7ed42918d32e0589d4a0e5): Total: 0.024 seconds - Initiated by StopAssetImportingV2(NoUpdateAssetOptions)
Importing 'GUID: 352e45b5a1aebee41aeee4298ddcd423 - Path: Assets/Resources/ReturnV2/Feedback/push-side/04.png' with importer (TextureImporter)
Imported 'GUID: 352e45b5a1aebee41aeee4298ddcd423' -> (Import Result ID: '8f44d2f0a3372bfd3b9bbfa435843d7c') in 0.003 seconds [static and dynamic dependencies]. Details - ImportResultOutputID=fcc1128fb115425171e7890bb219a7c9 DependenciesID=19c2b321801902c0f4d10be1b9df9d15 StaticDependenciesID=7985fc272aab9a12ef6c2419f71b9e6d 
Asset Pipeline Refresh (id=f44ad34381db1449ba22e1ccd36fa941): Total: 0.024 seconds - Initiated by StopAssetImportingV2(NoUpdateAssetOptions)
Importing 'GUID: 56e66eb0db0bc6b49b2f129e9bac4b39 - Path: Assets/Resources/ReturnV2/Feedback/push-side/05.png' with importer (TextureImporter)
Imported 'GUID: 56e66eb0db0bc6b49b2f129e9bac4b39' -> (Import Result ID: '1215ca87dfcecb940cb30509a770a7d6') in 0.003 seconds [static and dynamic dependencies]. Details - ImportResultOutputID=6909608b5938238cd951181cdb74e1b4 DependenciesID=6eda41486de822d3d2c458334b18e181 StaticDependenciesID=30de836d6dde7ad4b8d40ac490df4ac8 
Asset Pipeline Refresh (id=46d593c3be6474900b97fef2a4f011b1): Total: 0.024 seconds - Initiated by StopAssetImportingV2(NoUpdateAssetOptions)
Importing 'GUID: 8161fa41adeeb7945825d338a220d27b - Path: Assets/Resources/ReturnV2/Feedback/push-side/06.png' with importer (TextureImporter)
Imported 'GUID: 8161fa41adeeb7945825d338a220d27b' -> (Import Result ID: '202f2405a54c940d5b2655d2e268f9d9') in 0.003 seconds [static and dynamic dependencies]. Details - ImportResultOutputID=61bf7d111a6a65a9110b6c248cfd6c70 DependenciesID=04c7cc18fde6f4ff8c4abbffc80ffb6a StaticDependenciesID=9c5971149bceeb2ee6694bec7c389f11 
Asset Pipeline Refresh (id=dcf4cab737928459b9fb99e98e541e8a): Total: 0.024 seconds - Initiated by StopAssetImportingV2(NoUpdateAssetOptions)
Importing 'GUID: cc594526fbf4ef144a5f1a473eb7701e - Path: Assets/Resources/ReturnV2/Feedback/push-side/07.png' with importer (TextureImporter)
Imported 'GUID: cc594526fbf4ef144a5f1a473eb7701e' -> (Import Result ID: 'bec419a09cbf99e4084d7f3b76e629a0') in 0.003 seconds [static and dynamic dependencies]. Details - ImportResultOutputID=7b5dcb2d421617f501dcb97d956cbef7 DependenciesID=59c3f944af881b8b00e7b073b3a4915b StaticDependenciesID=5c292de3310af68ea12c41a7d10a9fe1 
Asset Pipeline Refresh (id=c259328f4ecb44706866922434c3c631): Total: 0.025 seconds - Initiated by StopAssetImportingV2(NoUpdateAssetOptions)
Importing 'GUID: 7c581ccc0fa14774c90de97d6e047c18 - Path: Assets/Resources/ReturnV2/Feedback/push-side/08.png' with importer (TextureImporter)
Imported 'GUID: 7c581ccc0fa14774c90de97d6e047c18' -> (Import Result ID: 'c854ed248c44e304f3fbeac846d1aefa') in 0.003 seconds [static and dynamic dependencies]. Details - ImportResultOutputID=219fecf2b5e76aafe025d0c6f2a5b463 DependenciesID=decfc54f2eb91c05077f43daad951615 StaticDependenciesID=01c1813c1f53025b7e1f32a16106d81b 
Asset Pipeline Refresh (id=31604d77843f04f93874fdd282dfb5cb): Total: 0.025 seconds - Initiated by StopAssetImportingV2(NoUpdateAssetOptions)
Importing 'GUID: ac8549a89f116a14191ae7fff9e61935 - Path: Assets/Resources/ReturnV2/Feedback/push-side/09.png' with importer (TextureImporter)
Imported 'GUID: ac8549a89f116a14191ae7fff9e61935' -> (Import Result ID: 'ea40cda69f5156d342da0a0e576c9692') in 0.002 seconds [static and dynamic dependencies]. Details - ImportResultOutputID=3ac103132d338c725a16e17a185f6fb8 DependenciesID=9fd9625cb44e95b9b5ddfc2719729bfd StaticDependenciesID=e40d7581c41e6754c1b8f4f036bcb13c 
Asset Pipeline Refresh (id=831865142b2504c21b001143e89b1924): Total: 0.024 seconds - Initiated by StopAssetImportingV2(NoUpdateAssetOptions)
Importing 'GUID: 43bd20ecea2dc9a408022b15de03b9d0 - Path: Assets/Resources/ReturnV2/Feedback/push-side/10.png' with importer (TextureImporter)
Imported 'GUID: 43bd20ecea2dc9a408022b15de03b9d0' -> (Import Result ID: '22e7da75872eea8878f9ba41e848bc18') in 0.003 seconds [static and dynamic dependencies]. Details - ImportResultOutputID=3cb0684cfbe732a1a19cad1eae1e3445 DependenciesID=2aede3714060a13cf381a59479765702 StaticDependenciesID=52b5e7581cde5afed2ad8a6737726e37 
Asset Pipeline Refresh (id=0cb03a707d3e24970a4a3307dfad59d9): Total: 0.024 seconds - Initiated by StopAssetImportingV2(NoUpdateAssetOptions)
Importing 'GUID: 835af54f6b69d6b4fbadfe755ded1cef - Path: Assets/Resources/ReturnV2/Feedback/push-side/11.png' with importer (TextureImporter)
Imported 'GUID: 835af54f6b69d6b4fbadfe755ded1cef' -> (Import Result ID: '9aa3951751deb9b88dd545013d22c051') in 0.002 seconds [static and dynamic dependencies]. Details - ImportResultOutputID=12d2f39535f1df8ebdd3cad3fd728fc6 DependenciesID=ccb74e12aa9f09cd98b399355d6bd151 StaticDependenciesID=c90f0bca92144e384b43a56537926407 
Asset Pipeline Refresh (id=c10f7a5bb7a0f4ce99e18d602b9c7b71): Total: 0.024 seconds - Initiated by StopAssetImportingV2(NoUpdateAssetOptions)
Importing 'GUID: a04664be920737644a630afa3ccbc1b5 - Path: Assets/Resources/ReturnV2/Feedback/push-side/12.png' with importer (TextureImporter)
Imported 'GUID: a04664be920737644a630afa3ccbc1b5' -> (Import Result ID: 'bc35e227d20c8541c4fc6f7df557ceac') in 0.003 seconds [static and dynamic dependencies]. Details - ImportResultOutputID=1573b0d27c81ee59d5199fe287d16faa DependenciesID=cf848bdba7b745679ba9ae65a78aa6f6 StaticDependenciesID=aefc2811d6f67aab6411949764ea824b 
Asset Pipeline Refresh (id=8ada10db5c10f4cb79ef7d605e311567): Total: 0.024 seconds - Initiated by StopAssetImportingV2(NoUpdateAssetOptions)
Importing 'GUID: cec52ef2d52d37d449f79c597f91723f - Path: Assets/Resources/ReturnV2/Feedback/push-side/13.png' with importer (TextureImporter)
Imported 'GUID: cec52ef2d52d37d449f79c597f91723f' -> (Import Result ID: '73355775ba6da8d602dd53a7c2b26bea') in 0.003 seconds [static and dynamic dependencies]. Details - ImportResultOutputID=b7741910a9a96281bb0615456ea80d48 DependenciesID=33acdaea3805aa31f755fd36d8c47ef7 StaticDependenciesID=316e8d233a829c83fffade08e9397b51 
Asset Pipeline Refresh (id=8959b8b410641488082ecd4699188a86): Total: 0.025 seconds - Initiated by StopAssetImportingV2(NoUpdateAssetOptions)
Importing 'GUID: 7ceccc8dc63f61341835b6f91b7e1fc9 - Path: Assets/Resources/ReturnV2/Feedback/push-up/00.png' with importer (TextureImporter)
Imported 'GUID: 7ceccc8dc63f61341835b6f91b7e1fc9' -> (Import Result ID: 'c365ba52f2a57e163b9387af9f1bda56') in 0.003 seconds [static and dynamic dependencies]. Details - ImportResultOutputID=2911d74679b5234d3cefdd891e877938 DependenciesID=de857c90db15f0b20040874ae7385290 StaticDependenciesID=c561c4e37e01b844fdaa1177cd834f3e 
Asset Pipeline Refresh (id=ad5ba9732469f48999214284b256cfc5): Total: 0.025 seconds - Initiated by StopAssetImportingV2(NoUpdateAssetOptions)
Importing 'GUID: d1e7ebdcbeb98ae489f93d5d682597ec - Path: Assets/Resources/ReturnV2/Feedback/push-up/01.png' with importer (TextureImporter)
Imported 'GUID: d1e7ebdcbeb98ae489f93d5d682597ec' -> (Import Result ID: 'bfdb08957cbf18d1f949445088ec35ad') in 0.003 seconds [static and dynamic dependencies]. Details - ImportResultOutputID=5ee42b87635f9ca465ac95808ff2dfd8 DependenciesID=3a56dee48b9d40239bc1113a9c249cad StaticDependenciesID=a7f339c36d523cda491a4b5749cf72d5 
Asset Pipeline Refresh (id=431e1adfde8e945ccb333224a99e2b9d): Total: 0.024 seconds - Initiated by StopAssetImportingV2(NoUpdateAssetOptions)
Importing 'GUID: af6a36cba32509c4e90b3734d948e4cc - Path: Assets/Resources/ReturnV2/Feedback/push-up/02.png' with importer (TextureImporter)
Imported 'GUID: af6a36cba32509c4e90b3734d948e4cc' -> (Import Result ID: 'f4d480fe4462f022889a3f3fef98e1b3') in 0.003 seconds [static and dynamic dependencies]. Details - ImportResultOutputID=2f1aa75c75356170b7d7682967a98c7c DependenciesID=b5caf14249b38b83d52c8aaa0e2a4a94 StaticDependenciesID=d0f32753d43fb6821c149446c8348392 
Asset Pipeline Refresh (id=5299d788bac424e8198e34ed0a34444a): Total: 0.025 seconds - Initiated by StopAssetImportingV2(NoUpdateAssetOptions)
Importing 'GUID: 5ca4ea582b9b3714a98635c3684bb898 - Path: Assets/Resources/ReturnV2/Feedback/push-up/03.png' with importer (TextureImporter)
Imported 'GUID: 5ca4ea582b9b3714a98635c3684bb898' -> (Import Result ID: '3959c9450912f68bda7e9eedf4116637') in 0.003 seconds [static and dynamic dependencies]. Details - ImportResultOutputID=a51b02a2ae20a86b12995078221ab15c DependenciesID=463651cbdb8049d091d7ae112845e0df StaticDependenciesID=f24cfdfed32825d3a177454d9abe176b 
Asset Pipeline Refresh (id=f6e54f13de8a541759d3a38dd2efd3b7): Total: 0.024 seconds - Initiated by StopAssetImportingV2(NoUpdateAssetOptions)
Importing 'GUID: fdbce9567c7c07844a846550a9714170 - Path: Assets/Resources/ReturnV2/Feedback/push-up/04.png' with importer (TextureImporter)
Imported 'GUID: fdbce9567c7c07844a846550a9714170' -> (Import Result ID: '4154752b573a4bdaac11d5dedb7b7b9a') in 0.003 seconds [static and dynamic dependencies]. Details - ImportResultOutputID=7490e44d53a4802fac6d78be626fced7 DependenciesID=7a513207e05c03743d059266756a8680 StaticDependenciesID=50bdb38e6bed370e1e3678a468c49007 
Asset Pipeline Refresh (id=fe27b4952c59943139dc86043c23acf4): Total: 0.025 seconds - Initiated by StopAssetImportingV2(NoUpdateAssetOptions)
Importing 'GUID: b261c553bb13192499f4d53a190af91f - Path: Assets/Resources/ReturnV2/Feedback/push-up/05.png' with importer (TextureImporter)
Imported 'GUID: b261c553bb13192499f4d53a190af91f' -> (Import Result ID: 'e991467e5bdfe818f1f1218b0b2a65c7') in 0.003 seconds [static and dynamic dependencies]. Details - ImportResultOutputID=4baad8a88edab8826110485fe87216a8 DependenciesID=62751bba02c7425c0b7a3ad03ae38a21 StaticDependenciesID=f153da628c562fadbc8f049fcc8409e3 
Asset Pipeline Refresh (id=b011d01596cd0477898be8c98acff84e): Total: 0.025 seconds - Initiated by StopAssetImportingV2(NoUpdateAssetOptions)
Importing 'GUID: bbfff310f7086134287dc65fc7cd2098 - Path: Assets/Resources/ReturnV2/Feedback/push-up/06.png' with importer (TextureImporter)
Imported 'GUID: bbfff310f7086134287dc65fc7cd2098' -> (Import Result ID: '6d6c6ba91fe77a3f0ebc32a5c949e858') in 0.003 seconds [static and dynamic dependencies]. Details - ImportResultOutputID=14f314e5a1cc79c7ac8519ec32da6bbb DependenciesID=a9e248de8524a4fbd2d0e228e716d9d2 StaticDependenciesID=b8872d0e43f1250fd8046f71f9a6b19a 
Asset Pipeline Refresh (id=849d7ab17c3c047da95f534d792f9b3c): Total: 0.025 seconds - Initiated by StopAssetImportingV2(NoUpdateAssetOptions)
Importing 'GUID: 343d94b2e89dd634e980a47e783996a0 - Path: Assets/Resources/ReturnV2/Feedback/push-up/07.png' with importer (TextureImporter)
Imported 'GUID: 343d94b2e89dd634e980a47e783996a0' -> (Import Result ID: '46747f6cdc18e1637f2ab3e47cdd45d4') in 0.003 seconds [static and dynamic dependencies]. Details - ImportResultOutputID=8ce307bbc9f529badb4298e76713cecc DependenciesID=1f99ca99b975c82bd19534e7ca7f8c73 StaticDependenciesID=2139d3c52727bf97ce224eb508b7ec95 
Asset Pipeline Refresh (id=d4565a0e2cdb34532ba287288e4062bb): Total: 0.025 seconds - Initiated by StopAssetImportingV2(NoUpdateAssetOptions)
Importing 'GUID: d058da33aa1c4714a9134e2c9667e267 - Path: Assets/Resources/ReturnV2/Feedback/push-up/08.png' with importer (TextureImporter)
Imported 'GUID: d058da33aa1c4714a9134e2c9667e267' -> (Import Result ID: 'ab4bdb618c6612366bfeb05857ab236f') in 0.003 seconds [static and dynamic dependencies]. Details - ImportResultOutputID=a68955af390d9d1537251e8199b6ffab DependenciesID=ae13d17d8159def67aa8375bf9fd86ff StaticDependenciesID=3797107e5029699e430ef9eedbe46a1e 
Asset Pipeline Refresh (id=3ced506d0f64c4ed8a11f0ec7966bb5d): Total: 0.024 seconds - Initiated by StopAssetImportingV2(NoUpdateAssetOptions)
Importing 'GUID: fc383ebb2efb9c74a8ce70cdcb56b67b - Path: Assets/Resources/ReturnV2/Feedback/push-up/09.png' with importer (TextureImporter)
Imported 'GUID: fc383ebb2efb9c74a8ce70cdcb56b67b' -> (Import Result ID: '34142cf89c13f9462853443e9ade6c1b') in 0.003 seconds [static and dynamic dependencies]. Details - ImportResultOutputID=0ed890725b4112197e0d119855287864 DependenciesID=fe640e860da93a9c6e70ac7358d9fdae StaticDependenciesID=827951c455a50e9eae29671cbb196a49 
Asset Pipeline Refresh (id=47e4753a53d8d435b893ff5bafaa098b): Total: 0.024 seconds - Initiated by StopAssetImportingV2(NoUpdateAssetOptions)
Importing 'GUID: f9894e0b2d1a75045987ff5b717e3df6 - Path: Assets/Resources/ReturnV2/Feedback/push-up/10.png' with importer (TextureImporter)
Imported 'GUID: f9894e0b2d1a75045987ff5b717e3df6' -> (Import Result ID: '71e250345752ab81d62d96acd5539ad9') in 0.003 seconds [static and dynamic dependencies]. Details - ImportResultOutputID=fbddef93e6498ff8ad839369fad9662b DependenciesID=4cf41624efa686e3b4887f3d564295c8 StaticDependenciesID=f81f7f0dd029b5ebd0c20c4d6903d968 
Asset Pipeline Refresh (id=35eda1880b3124906be7768c8f5940ab): Total: 0.025 seconds - Initiated by StopAssetImportingV2(NoUpdateAssetOptions)
Importing 'GUID: 934e1170f5b2a72438325fa581332d95 - Path: Assets/Resources/ReturnV2/Feedback/push-up/11.png' with importer (TextureImporter)
Imported 'GUID: 934e1170f5b2a72438325fa581332d95' -> (Import Result ID: 'dfafd58228d7472b02293364e1d09bf5') in 0.003 seconds [static and dynamic dependencies]. Details - ImportResultOutputID=80b5dd5902b3871ce4c8e7549ad0e6d5 DependenciesID=d74b97266a2137b081583a234653500b StaticDependenciesID=b022ee9045dfd28942be5ce92556aa55 
Asset Pipeline Refresh (id=b134e51c8adce459bba8f792db790a5c): Total: 0.024 seconds - Initiated by StopAssetImportingV2(NoUpdateAssetOptions)
Importing 'GUID: 460069d91d25deb42a208dd5b28ad49a - Path: Assets/Resources/ReturnV2/Feedback/push-up/12.png' with importer (TextureImporter)
Imported 'GUID: 460069d91d25deb42a208dd5b28ad49a' -> (Import Result ID: '8648afec5b4f07d17711140d6d010c31') in 0.002 seconds [static and dynamic dependencies]. Details - ImportResultOutputID=d64e83741b2d05f772c97ade29068c86 DependenciesID=e327feee112dd344b2fb9b1c43df82b6 StaticDependenciesID=6185420dd329437404aa76cd4311cf17 
Asset Pipeline Refresh (id=ea69de20d9b48483eaf949063c3bc929): Total: 0.024 seconds - Initiated by StopAssetImportingV2(NoUpdateAssetOptions)
Importing 'GUID: 2d46d579816161c4ca5ad4d7459569ca - Path: Assets/Resources/ReturnV2/Feedback/push-up/13.png' with importer (TextureImporter)
Imported 'GUID: 2d46d579816161c4ca5ad4d7459569ca' -> (Import Result ID: 'b1cfc0fe521a6b83875270709d0578a4') in 0.003 seconds [static and dynamic dependencies]. Details - ImportResultOutputID=6e7190b92881a24a5ed313568d9670a3 DependenciesID=375420dbe12cb2e0837c8c68fde76dc8 StaticDependenciesID=8865479f1e3bcce52be83092f3ac9fcc 
Asset Pipeline Refresh (id=f06ae5702c37c4aed88e75c91c3e37b6): Total: 0.025 seconds - Initiated by StopAssetImportingV2(NoUpdateAssetOptions)
Importing 'GUID: 27caf24427571254ba57f7525541fd42 - Path: Assets/Resources/ReturnV2/Feedback/pylon-impact/00.png' with importer (TextureImporter)
Imported 'GUID: 27caf24427571254ba57f7525541fd42' -> (Import Result ID: 'efa2de0a676b1df6692c08b1b2617ef9') in 0.002 seconds [static and dynamic dependencies]. Details - ImportResultOutputID=cf4a63b5e42224f274752e3616ea2a71 DependenciesID=8bb068bacd427d41dd76513dc65070fa StaticDependenciesID=349cb1cf7096799e69fa06d9298fd4b6 
Asset Pipeline Refresh (id=256a820e3e5ad44d2a46b1de1cb101c2): Total: 0.024 seconds - Initiated by StopAssetImportingV2(NoUpdateAssetOptions)
Importing 'GUID: 6425519cf190ccc46892318209f7ea6a - Path: Assets/Resources/ReturnV2/Feedback/pylon-impact/01.png' with importer (TextureImporter)
Imported 'GUID: 6425519cf190ccc46892318209f7ea6a' -> (Import Result ID: 'a102b0a379debea506970c81d8e3e7f8') in 0.003 seconds [static and dynamic dependencies]. Details - ImportResultOutputID=84ca0fbaab5fa6fcf033f6f2b7888b48 DependenciesID=72c671bf9554a5436decad06828c6f1f StaticDependenciesID=48a40e95a05f33b763c981dcb1c85b61 
Asset Pipeline Refresh (id=06a3590ddaeca43ff9388c28beb40a02): Total: 0.025 seconds - Initiated by StopAssetImportingV2(NoUpdateAssetOptions)
Importing 'GUID: bfe157ca33c933a4abbc00b47cf010d7 - Path: Assets/Resources/ReturnV2/Feedback/pylon-impact/02.png' with importer (TextureImporter)
Imported 'GUID: bfe157ca33c933a4abbc00b47cf010d7' -> (Import Result ID: '1ae5465ea1f406aaedcc5801bc68104c') in 0.002 seconds [static and dynamic dependencies]. Details - ImportResultOutputID=6db55eb1563d0ec13a580112dd22891c DependenciesID=b4fee63d35b4c8388f0a1f3e4a3b8aa0 StaticDependenciesID=4d9974b1609d213315f624369fa114f6 
Asset Pipeline Refresh (id=ed24e8aaada924477b4d6e94fc236b01): Total: 0.024 seconds - Initiated by StopAssetImportingV2(NoUpdateAssetOptions)
Importing 'GUID: 59258195608f25d45905b46e82015124 - Path: Assets/Resources/ReturnV2/Feedback/pylon-impact/03.png' with importer (TextureImporter)
Imported 'GUID: 59258195608f25d45905b46e82015124' -> (Import Result ID: 'bfe0b3d5c93ca187c30a57c94a948fab') in 0.003 seconds [static and dynamic dependencies]. Details - ImportResultOutputID=c20f8fe9c695e53991ea7fe815d7c556 DependenciesID=5d5ff693e737acd4d6923465c1d4aab6 StaticDependenciesID=6212b441d9c6c0cf5ef97865bd7db7a0 
Asset Pipeline Refresh (id=f8d5394b736b64278889cbebbf91a8e1): Total: 0.024 seconds - Initiated by StopAssetImportingV2(NoUpdateAssetOptions)
Importing 'GUID: 676e14a308d494144951a6989d1adf5d - Path: Assets/Resources/ReturnV2/Feedback/pylon-impact/04.png' with importer (TextureImporter)
Imported 'GUID: 676e14a308d494144951a6989d1adf5d' -> (Import Result ID: 'a97989dd60d20ec00f3acff09e47dfe0') in 0.002 seconds [static and dynamic dependencies]. Details - ImportResultOutputID=604e50262311e1f061bd7e45a8a3493c DependenciesID=d9edde5e8c9b9a2c077fe40e9fd5d2a5 StaticDependenciesID=c0377798e0532f54044e98000343433e 
Asset Pipeline Refresh (id=39587867721094bdfa869c06d6e8e0a4): Total: 0.024 seconds - Initiated by StopAssetImportingV2(NoUpdateAssetOptions)
Importing 'GUID: 62e87b534064a6b4e8031025378b6ea3 - Path: Assets/Resources/ReturnV2/Feedback/slam-dust/00.png' with importer (TextureImporter)
Imported 'GUID: 62e87b534064a6b4e8031025378b6ea3' -> (Import Result ID: '2a38facfdb6e6fe9b6752d76deff466b') in 0.002 seconds [static and dynamic dependencies]. Details - ImportResultOutputID=56dfb1f623aa79aa90bf6bba7f4ceedc DependenciesID=5ee2755ae597f9f0d192e0e4247d070a StaticDependenciesID=7f857ef8d80e9c580ac37993c48665b1 
Asset Pipeline Refresh (id=2cc33841599be47178da80dcb63f98ce): Total: 0.024 seconds - Initiated by StopAssetImportingV2(NoUpdateAssetOptions)
Importing 'GUID: e29f8b6d20b460d4c80fcb7e804c5a40 - Path: Assets/Resources/ReturnV2/Feedback/slam-dust/01.png' with importer (TextureImporter)
Imported 'GUID: e29f8b6d20b460d4c80fcb7e804c5a40' -> (Import Result ID: '855e183e5eba850e4fc7e5cb8d052777') in 0.003 seconds [static and dynamic dependencies]. Details - ImportResultOutputID=e4bf9a3b74c28f4c0d43e177ce3f0499 DependenciesID=577e71d79b1afc2a557e5edc1aa4e4c5 StaticDependenciesID=ad3ddf5dd25e0010889f6321583d12e9 
Asset Pipeline Refresh (id=d941730e99ddb482aa99ecea76ad1a1c): Total: 0.024 seconds - Initiated by StopAssetImportingV2(NoUpdateAssetOptions)
Importing 'GUID: 73a4b5e201cc37d4d9bd7291548aa0b0 - Path: Assets/Resources/ReturnV2/Feedback/slam-dust/02.png' with importer (TextureImporter)
Imported 'GUID: 73a4b5e201cc37d4d9bd7291548aa0b0' -> (Import Result ID: 'fddc7d62abd78a860654c0787ac72d34') in 0.003 seconds [static and dynamic dependencies]. Details - ImportResultOutputID=a1e162c63088a49db6787d4cbe73dfc8 DependenciesID=22e7ac0fb30aa601e6159c3f589eb257 StaticDependenciesID=c145788bcd45fc94e06a86ba8f6cbb6f 
Asset Pipeline Refresh (id=c961102ba4dfc465bbc94870ad1ca189): Total: 0.025 seconds - Initiated by StopAssetImportingV2(NoUpdateAssetOptions)
Importing 'GUID: e671cd0127c61b847b015e1482fc51ee - Path: Assets/Resources/ReturnV2/Feedback/slam-dust/03.png' with importer (TextureImporter)
Imported 'GUID: e671cd0127c61b847b015e1482fc51ee' -> (Import Result ID: '5d2c49b0022800acf343fd723ac0688e') in 0.002 seconds [static and dynamic dependencies]. Details - ImportResultOutputID=ac8d936f27a3a11cee798cb300b659e1 DependenciesID=1bf25df6001a44c014f6ca23aaeab252 StaticDependenciesID=49df7511b41c54ba274041028ebafcf3 
Asset Pipeline Refresh (id=4977c71b252604af3b080849ff660c15): Total: 0.024 seconds - Initiated by StopAssetImportingV2(NoUpdateAssetOptions)
Importing 'GUID: 97c52146de917994cb70b5c946a613a2 - Path: Assets/Resources/ReturnV2/Feedback/slam-dust/04.png' with importer (TextureImporter)
Imported 'GUID: 97c52146de917994cb70b5c946a613a2' -> (Import Result ID: '7e789062bcf1d85fb6aa62cbb35e9c49') in 0.003 seconds [static and dynamic dependencies]. Details - ImportResultOutputID=42aec20b0d2141a4e62de71e032cccea DependenciesID=b1866c225f4006465d324011147186f8 StaticDependenciesID=43242a109c6ebf0485211f3401cfc08d 
Asset Pipeline Refresh (id=da967ec38278c4d339bfb8e37ec37e91): Total: 0.024 seconds - Initiated by StopAssetImportingV2(NoUpdateAssetOptions)
Importing 'GUID: 20154b19ca92b5845a8563974460334f - Path: Assets/Resources/ReturnV2/Feedback/slam-dust/05.png' with importer (TextureImporter)
Imported 'GUID: 20154b19ca92b5845a8563974460334f' -> (Import Result ID: 'ebb03d722044fd966181355238aaaec2') in 0.002 seconds [static and dynamic dependencies]. Details - ImportResultOutputID=ad22deae830b85367133c38e253fb38c DependenciesID=9ddac392763527c32fd80a1a3ad28a6a StaticDependenciesID=70687f0c9538e76f66dd2185e3375287 
Asset Pipeline Refresh (id=cee7f40d5af4b42e8aeeb9637c0cda01): Total: 0.024 seconds - Initiated by StopAssetImportingV2(NoUpdateAssetOptions)
Importing 'GUID: 51ed5a9f2d58ea145a1bf504ade7da7f - Path: Assets/Resources/ReturnV2/Feedback/tique-cell-empty/00.png' with importer (TextureImporter)
Imported 'GUID: 51ed5a9f2d58ea145a1bf504ade7da7f' -> (Import Result ID: '7eb8b88318e09f8c9cbdfa48e851cc7a') in 0.003 seconds [static and dynamic dependencies]. Details - ImportResultOutputID=84d55c435889b591ffb44197e8836310 DependenciesID=82df48a0e6baeee53b81d00c3c8d7f06 StaticDependenciesID=8aab103641df7e9d97229873694c303a 
Asset Pipeline Refresh (id=a98d065e20f754d8cac86987c76a2ce0): Total: 0.024 seconds - Initiated by StopAssetImportingV2(NoUpdateAssetOptions)
Importing 'GUID: b11bbf34c3ed1e3409f1e4b0276830b5 - Path: Assets/Resources/ReturnV2/Feedback/tique-cell-full/00.png' with importer (TextureImporter)
Imported 'GUID: b11bbf34c3ed1e3409f1e4b0276830b5' -> (Import Result ID: 'a6815eaaf18c928ae3bb6d5951fa52b9') in 0.004 seconds [static and dynamic dependencies]. Details - ImportResultOutputID=9f7f6a5d67815d608c19e0efe3717491 DependenciesID=1acd40fd17cd3a96e4bb6b8b8c308af4 StaticDependenciesID=632bd4cf43b9e2a7d662607daca208a3 
Asset Pipeline Refresh (id=109539eb4700f45718120c9cb677e3ad): Total: 0.026 seconds - Initiated by StopAssetImportingV2(NoUpdateAssetOptions)
Importing 'GUID: fb2a4eb1f01d3344aaf75be8b14a47e5 - Path: Assets/Resources/ReturnV2/Feedback/tique-cell-ghost/00.png' with importer (TextureImporter)
Imported 'GUID: fb2a4eb1f01d3344aaf75be8b14a47e5' -> (Import Result ID: '9bd61123cba46230f8195cb1ed78bd2c') in 0.002 seconds [static and dynamic dependencies]. Details - ImportResultOutputID=bdc89334224ff79ce16d2673aca4432f DependenciesID=e4e80b733beba4eafbd53ceaed4736c3 StaticDependenciesID=a226181e3c8af1470d69181eb81fae1c 
Asset Pipeline Refresh (id=40be8adc8373c466caf0223a4a1d8de8): Total: 0.024 seconds - Initiated by StopAssetImportingV2(NoUpdateAssetOptions)
Importing 'GUID: f32c402c4942a414799000bab44ef56f - Path: Assets/Resources/ReturnV2/Feedback/wall-brake/00.png' with importer (TextureImporter)
Imported 'GUID: f32c402c4942a414799000bab44ef56f' -> (Import Result ID: 'e39702c3835885f4df4519b7880f24b8') in 0.003 seconds [static and dynamic dependencies]. Details - ImportResultOutputID=08faa37dae055f50a9627559c0fa5f8a DependenciesID=3d653a81bdeabb6ffe7064e62224330f StaticDependenciesID=68683956aaa6440eee65be07b76a378c 
Asset Pipeline Refresh (id=51c91f1cf32a642daa19f6b6648ef9c3): Total: 0.024 seconds - Initiated by StopAssetImportingV2(NoUpdateAssetOptions)
Importing 'GUID: c259bc3797edbfa4ca6264baece12d72 - Path: Assets/Resources/ReturnV2/Feedback/wall-brake/01.png' with importer (TextureImporter)
Imported 'GUID: c259bc3797edbfa4ca6264baece12d72' -> (Import Result ID: '2c63ac28da753200adfe36f1f610571e') in 0.003 seconds [static and dynamic dependencies]. Details - ImportResultOutputID=34675fd5aa7a63e28143eb6a1e9a54ce DependenciesID=9da8af851bbd6dae3eddee80dd7d3001 StaticDependenciesID=7e20d09f058a543091ea0f1bfa0a750e 
Asset Pipeline Refresh (id=8d597875ec9674457a4535016153b66e): Total: 0.025 seconds - Initiated by StopAssetImportingV2(NoUpdateAssetOptions)
Importing 'GUID: 80a591b5e587a6845a20ebfbe266aea4 - Path: Assets/Resources/ReturnV2/Feedback/wall-brake/02.png' with importer (TextureImporter)
Imported 'GUID: 80a591b5e587a6845a20ebfbe266aea4' -> (Import Result ID: '69215c825981196281642a10220aca09') in 0.002 seconds [static and dynamic dependencies]. Details - ImportResultOutputID=9d734893e9a16e457cda59c27c489215 DependenciesID=e829fa67290f43b1cd3f4da97bd1d8ca StaticDependenciesID=bb694a8b11ec4a71578b70fec94b8717 
Asset Pipeline Refresh (id=80c9ce0360df94e4dbe88126ffa58725): Total: 0.025 seconds - Initiated by StopAssetImportingV2(NoUpdateAssetOptions)
Importing 'GUID: ef19980b781826b4da89fa61379e29ea - Path: Assets/Resources/ReturnV2/Feedback/wall-brake/03.png' with importer (TextureImporter)
Imported 'GUID: ef19980b781826b4da89fa61379e29ea' -> (Import Result ID: '70eae55eb4e3a57b0c6311f0e1aa0402') in 0.002 seconds [static and dynamic dependencies]. Details - ImportResultOutputID=d4bb4d2562991320aafb4e7d354a438e DependenciesID=fa892bc9e296546c45e988b0705dc97e StaticDependenciesID=2c0fd5caaa0b33605431f8346f6124e7 
Asset Pipeline Refresh (id=1f12e1a7dad0e48f58f98396a7061a1f): Total: 0.024 seconds - Initiated by StopAssetImportingV2(NoUpdateAssetOptions)
Importing 'GUID: f2790ee6ebcb6044fbe4165130f434b2 - Path: Assets/Resources/ReturnV2/Feedback/warden-boot/00.png' with importer (TextureImporter)
Imported 'GUID: f2790ee6ebcb6044fbe4165130f434b2' -> (Import Result ID: '115285c34719a047220d5b53dcd30049') in 0.004 seconds [static and dynamic dependencies]. Details - ImportResultOutputID=487776ba9f15acb88b516424b6d6884c DependenciesID=88dacefb46f256f438f3a2ced6749faa StaticDependenciesID=8429b80054390ba15e79c204be8146f3 
Asset Pipeline Refresh (id=eea44ea6e915f47428970030f9c9b8f1): Total: 0.025 seconds - Initiated by StopAssetImportingV2(NoUpdateAssetOptions)
Importing 'GUID: fc9091b48d152ca488808f39c22d5f12 - Path: Assets/Resources/ReturnV2/Feedback/warden-boot/01.png' with importer (TextureImporter)
Imported 'GUID: fc9091b48d152ca488808f39c22d5f12' -> (Import Result ID: '0607484105bd836186e0aafff54e093c') in 0.004 seconds [static and dynamic dependencies]. Details - ImportResultOutputID=620594d838908847e076b78ac9d88a43 DependenciesID=8e779425888f9206441acae3139291c7 StaticDependenciesID=b22a255d0480235934a567213a5ed187 
Asset Pipeline Refresh (id=25a8c39156aa94d3f93e23843b9ecd4a): Total: 0.026 seconds - Initiated by StopAssetImportingV2(NoUpdateAssetOptions)
Importing 'GUID: 37e075bf08ec09b42a8349013fdd5ee8 - Path: Assets/Resources/ReturnV2/Feedback/warden-boot/02.png' with importer (TextureImporter)
Imported 'GUID: 37e075bf08ec09b42a8349013fdd5ee8' -> (Import Result ID: '3557d2e2b16b08b5e1a3e1269b7251d4') in 0.004 seconds [static and dynamic dependencies]. Details - ImportResultOutputID=528d437410b5c2154882adf69110aecf DependenciesID=2a4f39851c8e5015a71dd29fee9ccfee StaticDependenciesID=ee9e1ae43b5b62db97b50967ac5a5d18 
Asset Pipeline Refresh (id=b5316dc9f5ae349b3817df391c93b2b5): Total: 0.026 seconds - Initiated by StopAssetImportingV2(NoUpdateAssetOptions)
Importing 'GUID: 8fd6e518bd9a7aa4f825b5e34401a0a0 - Path: Assets/Resources/ReturnV2/Feedback/warden-boot/03.png' with importer (TextureImporter)
Imported 'GUID: 8fd6e518bd9a7aa4f825b5e34401a0a0' -> (Import Result ID: 'a6733444431db7d37311f783c9c7298c') in 0.004 seconds [static and dynamic dependencies]. Details - ImportResultOutputID=02f386c924525b2041fd7b9cd71cdd19 DependenciesID=d0d1d0acb86e608b2f2f4dadc0cac5d8 StaticDependenciesID=393ee1e339afd06f48d3f8adcc168729 
Asset Pipeline Refresh (id=b9e363ee3d75040c3843aa2ba6f2e221): Total: 0.026 seconds - Initiated by StopAssetImportingV2(NoUpdateAssetOptions)
Importing 'GUID: 1a90cc73609aa2f49a1f46e6eeb9cdcf - Path: Assets/Resources/ReturnV2/Feedback/warden-shutdown/00.png' with importer (TextureImporter)
Imported 'GUID: 1a90cc73609aa2f49a1f46e6eeb9cdcf' -> (Import Result ID: '53373287e6a69a5b46b83db7bf955f5b') in 0.004 seconds [static and dynamic dependencies]. Details - ImportResultOutputID=c529f5426d9f36d45b189754c8cd4b84 DependenciesID=9d6982d5231155dde3101a89bbff2597 StaticDependenciesID=c43241ace7c195498cc00f9298262ba1 
Asset Pipeline Refresh (id=8476129f7a89d4ddcaade43fc1aea29d): Total: 0.026 seconds - Initiated by StopAssetImportingV2(NoUpdateAssetOptions)
Importing 'GUID: 3c03a01528959cd4498273dcfc02890a - Path: Assets/Resources/ReturnV2/Feedback/warden-shutdown/01.png' with importer (TextureImporter)
Imported 'GUID: 3c03a01528959cd4498273dcfc02890a' -> (Import Result ID: 'cfa84f74ae95ad07c2268f762caf8b01') in 0.004 seconds [static and dynamic dependencies]. Details - ImportResultOutputID=2a95be7460885a3b1ab4189e6546e4f4 DependenciesID=c94f769084543d910c3f53b30332a5e3 StaticDependenciesID=6f76e789ba06d033f2a915e75bb24266 
Asset Pipeline Refresh (id=f3980a92dbcf140a19f65ecc156d3114): Total: 0.026 seconds - Initiated by StopAssetImportingV2(NoUpdateAssetOptions)
Importing 'GUID: 8df9b7b35d0e4bb4cb6315978ddce748 - Path: Assets/Resources/ReturnV2/Feedback/warden-shutdown/02.png' with importer (TextureImporter)
Imported 'GUID: 8df9b7b35d0e4bb4cb6315978ddce748' -> (Import Result ID: '1e66e20734deb5b5977949b7d53d66e1') in 0.004 seconds [static and dynamic dependencies]. Details - ImportResultOutputID=690d929d8c98fc22b8ede96ec1f79fe3 DependenciesID=387b1fe461a989cad97ec8f02afc96aa StaticDependenciesID=0392a2359f1664172e6c7cebe84f9b90 
Asset Pipeline Refresh (id=3720cca9eb52046eab7a562ea2dade81): Total: 0.027 seconds - Initiated by StopAssetImportingV2(NoUpdateAssetOptions)
Importing 'GUID: 1763b83ed57df4b48843e198eb318927 - Path: Assets/Resources/ReturnV2/Feedback/warden-shutdown/03.png' with importer (TextureImporter)
Imported 'GUID: 1763b83ed57df4b48843e198eb318927' -> (Import Result ID: '25fa49f10e5bf02fc708edf506e03842') in 0.004 seconds [static and dynamic dependencies]. Details - ImportResultOutputID=c81ab9aaa7a25b62430cfd0200b67537 DependenciesID=fdefcb42682ac6dba85f201dbf712ba3 StaticDependenciesID=012902735fdfaf5952837ed1f52207ad 
Asset Pipeline Refresh (id=34271688ffdef4b1090df186e996354e): Total: 0.026 seconds - Initiated by StopAssetImportingV2(NoUpdateAssetOptions)
Importing 'GUID: 0a6d6497f77d8d14fbb8a7b12decfb72 - Path: Assets/Resources/ReturnV2/Feedback/weight-settle/00.png' with importer (TextureImporter)
Imported 'GUID: 0a6d6497f77d8d14fbb8a7b12decfb72' -> (Import Result ID: '4df4c8b96d4039b8c46a17846a57fb87') in 0.003 seconds [static and dynamic dependencies]. Details - ImportResultOutputID=3efdbe88e10a9511f56e87a2a115e0b4 DependenciesID=5d010c18435196a5ca9035876ed4ac8b StaticDependenciesID=6f6d6d549c88b22a495776bb8cf0c3f9 
Asset Pipeline Refresh (id=9ac3bb25fdbc34477a842c04fdcbfa4e): Total: 0.025 seconds - Initiated by StopAssetImportingV2(NoUpdateAssetOptions)
Importing 'GUID: f8ae5e959cdf102419aed676d3bf1efe - Path: Assets/Resources/ReturnV2/Feedback/weight-settle/01.png' with importer (TextureImporter)
Imported 'GUID: f8ae5e959cdf102419aed676d3bf1efe' -> (Import Result ID: 'efaa325f37bf96603711ebe5d66a748f') in 0.002 seconds [static and dynamic dependencies]. Details - ImportResultOutputID=ce92926206bba720c4a173081e3d015d DependenciesID=c7492b9ac27c75acd5685cc55f32cbf4 StaticDependenciesID=22e2e20bca1d8242e348a1de21bc8d7a 
Asset Pipeline Refresh (id=835862cdbc4bf499383644577dd0cd95): Total: 0.024 seconds - Initiated by StopAssetImportingV2(NoUpdateAssetOptions)
Importing 'GUID: 40e8561cfac105c4e9630792120ba937 - Path: Assets/Resources/ReturnV2/Feedback/weight-settle/02.png' with importer (TextureImporter)
Imported 'GUID: 40e8561cfac105c4e9630792120ba937' -> (Import Result ID: '11270be0a5474904a94078d399cae770') in 0.003 seconds [static and dynamic dependencies]. Details - ImportResultOutputID=c689f3cd52cb6964498e8ef4f3c04a0f DependenciesID=556dc54d8552419f3696f7d993368baf StaticDependenciesID=168756bad67ab00ad58a6e7eb4bcdf78 
Asset Pipeline Refresh (id=11fd313e3630c400fbcc3226e6b37902): Total: 0.025 seconds - Initiated by StopAssetImportingV2(NoUpdateAssetOptions)
Importing 'GUID: 141719e1b23857e1928b7a8b08e182f2 - Path: Assets/Resources/ReturnV2/ReadabilityArt/amber-slot-connect/00.png' with importer (TextureImporter)
Imported 'GUID: 141719e1b23857e1928b7a8b08e182f2' -> (Import Result ID: '57fec9571a74d44236b95ce9b80e8f6b') in 0.003 seconds [static and dynamic dependencies]. Details - ImportResultOutputID=148ba53355c3efcba8e688ace95d05a2 DependenciesID=f24b8f5d31377baaa44359db93097248 StaticDependenciesID=27b0875bb9882b5f0fedd1487be13375 
Asset Pipeline Refresh (id=349c117f56b474ae1aa45cf11ee8f6d6): Total: 0.024 seconds - Initiated by StopAssetImportingV2(NoUpdateAssetOptions)
Importing 'GUID: 7e89ec68571959beb1d6d6cfe4d62196 - Path: Assets/Resources/ReturnV2/ReadabilityArt/amber-slot-connect/01.png' with importer (TextureImporter)
Imported 'GUID: 7e89ec68571959beb1d6d6cfe4d62196' -> (Import Result ID: '0b32a22cdfc2f8b1272d2d97df8868c7') in 0.002 seconds [static and dynamic dependencies]. Details - ImportResultOutputID=9ac7a7afe7b89f5420a74148a2f469c4 DependenciesID=792a9a0d7bc30ef75e97bee3b1972d01 StaticDependenciesID=e6f2629e16a098b73533b2e4862b9b54 
Asset Pipeline Refresh (id=6d0a64ac8f60f481fa2ea7c7b5bce8bc): Total: 0.024 seconds - Initiated by StopAssetImportingV2(NoUpdateAssetOptions)
Importing 'GUID: d0ba7c94bb6050cc8783835bdb2846b5 - Path: Assets/Resources/ReturnV2/ReadabilityArt/amber-slot-connect/02.png' with importer (TextureImporter)
Imported 'GUID: d0ba7c94bb6050cc8783835bdb2846b5' -> (Import Result ID: '31c159073b510ad28ea451485e377897') in 0.002 seconds [static and dynamic dependencies]. Details - ImportResultOutputID=493005f3c0a477178ae5474303283d55 DependenciesID=817468aac1a1a17e651f0dc909f99a5f StaticDependenciesID=ecfcab2d9e69b6e21f67077191e3a670 
Asset Pipeline Refresh (id=18c8e9d579ae74f5db1eb12d18ae3a20): Total: 0.024 seconds - Initiated by StopAssetImportingV2(NoUpdateAssetOptions)
Importing 'GUID: 37f46958492a522f9a9ec569cb1b30ae - Path: Assets/Resources/ReturnV2/ReadabilityArt/amber-slot-connect/03.png' with importer (TextureImporter)
Imported 'GUID: 37f46958492a522f9a9ec569cb1b30ae' -> (Import Result ID: 'eddf5d6b544f12b20023b040456970a6') in 0.002 seconds [static and dynamic dependencies]. Details - ImportResultOutputID=a8034bd31c4f1bd75d71445fe2ff2c6f DependenciesID=9c25d092f188ae1657bca85b70be5e73 StaticDependenciesID=ec6e5e51454e1bc7220f90f2cb3232e5 
Asset Pipeline Refresh (id=62b06826c7972464987dc1aa4cb9aad3): Total: 0.025 seconds - Initiated by StopAssetImportingV2(NoUpdateAssetOptions)
Importing 'GUID: f6f7422e91e350d4873ce7a4923bbd54 - Path: Assets/Resources/ReturnV2/ReadabilityArt/amber-slot-connect/04.png' with importer (TextureImporter)
Imported 'GUID: f6f7422e91e350d4873ce7a4923bbd54' -> (Import Result ID: 'f377cf59143a25c42adb1e88b99b179e') in 0.002 seconds [static and dynamic dependencies]. Details - ImportResultOutputID=b90d16cb6506f42f36b2819641ebd61d DependenciesID=b606984e0c968ceca7114d54bbcaddba StaticDependenciesID=c0f9c8976e8a88983e3ce48d0744620d 
Asset Pipeline Refresh (id=23f9be45c5d864086990381933810c04): Total: 0.023 seconds - Initiated by StopAssetImportingV2(NoUpdateAssetOptions)
Importing 'GUID: 496a35014e945e78b353212f9d9fff2a - Path: Assets/Resources/ReturnV2/ReadabilityArt/amber-slot-connect/05.png' with importer (TextureImporter)
Imported 'GUID: 496a35014e945e78b353212f9d9fff2a' -> (Import Result ID: '9ef45304363543abfa5a81ea31f608b4') in 0.002 seconds [static and dynamic dependencies]. Details - ImportResultOutputID=2717ff7289435a83d16bc227d403ef73 DependenciesID=ca2e0a6da518457f23b82ee5fe67decb StaticDependenciesID=d03a86a5851468b33ba2b54537ec222d 
Asset Pipeline Refresh (id=15bad2cab569242479de05ab06e6ef9e): Total: 0.024 seconds - Initiated by StopAssetImportingV2(NoUpdateAssetOptions)
Importing 'GUID: a0ad1201acd35cb181057e973cdc7d0f - Path: Assets/Resources/ReturnV2/ReadabilityArt/amber-slot-connect/06.png' with importer (TextureImporter)
Imported 'GUID: a0ad1201acd35cb181057e973cdc7d0f' -> (Import Result ID: '6d066b5f8b7bddef7eabc94f4ee110f1') in 0.002 seconds [static and dynamic dependencies]. Details - ImportResultOutputID=ef4cdd40d94333d5a8b594be8dec1da8 DependenciesID=785ce099867dcf4f567e89f4dc4110a2 StaticDependenciesID=d9880b8317c03dad5fa0fb93e3a4314b 
Asset Pipeline Refresh (id=97e999f2b7e4c47c196fdc587937a1e6): Total: 0.024 seconds - Initiated by StopAssetImportingV2(NoUpdateAssetOptions)
Importing 'GUID: 0727227185f3508bbe75768f77baccca - Path: Assets/Resources/ReturnV2/ReadabilityArt/amber-slot-connect/07.png' with importer (TextureImporter)
Imported 'GUID: 0727227185f3508bbe75768f77baccca' -> (Import Result ID: '261224ead015e7132464f3d41dd2e289') in 0.002 seconds [static and dynamic dependencies]. Details - ImportResultOutputID=fd30faa70f72f9280524f4b584a1cba5 DependenciesID=947f7f779ed922a83a01818d5ab9ad27 StaticDependenciesID=3cf4a5d738d5096fdc19a8ef0f4f4c61 
Asset Pipeline Refresh (id=58b19d4acb1d341819de0f83e300a405): Total: 0.024 seconds - Initiated by StopAssetImportingV2(NoUpdateAssetOptions)
Importing 'GUID: 56f13d06bcc558f6bbeac49d2575d50c - Path: Assets/Resources/ReturnV2/ReadabilityArt/amber-slot-connect/08.png' with importer (TextureImporter)
Imported 'GUID: 56f13d06bcc558f6bbeac49d2575d50c' -> (Import Result ID: '86a6c49627fd1af0e2d224d6a6087436') in 0.003 seconds [static and dynamic dependencies]. Details - ImportResultOutputID=99fd7810f5d9fc29ac74b6a4859ceb0d DependenciesID=ca09295dd18586f3b8cebd801d72e6f9 StaticDependenciesID=d39a63dd513851d304aa194f9b69e8d7 
Asset Pipeline Refresh (id=c07b53aa65ac3475f87e5291d59c749c): Total: 0.024 seconds - Initiated by StopAssetImportingV2(NoUpdateAssetOptions)
Importing 'GUID: 72215ec0c780581bb6a0951e54a45daf - Path: Assets/Resources/ReturnV2/ReadabilityArt/amber-slot-connect/09.png' with importer (TextureImporter)
Imported 'GUID: 72215ec0c780581bb6a0951e54a45daf' -> (Import Result ID: '29f92ea96b42a5ece9a78af25b4720f3') in 0.002 seconds [static and dynamic dependencies]. Details - ImportResultOutputID=3222dfe53ce1cd9e47f74ec7f4f42487 DependenciesID=84016ec2d336a1757836d0eb80710717 StaticDependenciesID=092b3903392c43f8c0658806436bd943 
Asset Pipeline Refresh (id=6e71298b97fe645bb822902fb3efa5ab): Total: 0.025 seconds - Initiated by StopAssetImportingV2(NoUpdateAssetOptions)
Importing 'GUID: 4f5339e7c470544fae6d60ddd21bfd4c - Path: Assets/Resources/ReturnV2/ReadabilityArt/amber-slot-connect/10.png' with importer (TextureImporter)
Imported 'GUID: 4f5339e7c470544fae6d60ddd21bfd4c' -> (Import Result ID: 'c4dff7141c9b738e15f9e5aeaab4fd89') in 0.002 seconds [static and dynamic dependencies]. Details - ImportResultOutputID=3bd1b7e76c479cfda37e1422a9099346 DependenciesID=6c20f47c89d21bda512db4420f6d4a68 StaticDependenciesID=192da23f55b2a177e7cd42aa68e18551 
Asset Pipeline Refresh (id=e9652953c6c304e869782599e12f1bb7): Total: 0.024 seconds - Initiated by StopAssetImportingV2(NoUpdateAssetOptions)
Importing 'GUID: cb56b3de632e56fa804b8d6e73796424 - Path: Assets/Resources/ReturnV2/ReadabilityArt/amber-slot-connect/11.png' with importer (TextureImporter)
Imported 'GUID: cb56b3de632e56fa804b8d6e73796424' -> (Import Result ID: 'f91675d87b444ffa434350215b1f781a') in 0.002 seconds [static and dynamic dependencies]. Details - ImportResultOutputID=103a3e5a2f11e13a2ddfa4dc42e80977 DependenciesID=830d8a6f38033f68e77d7b7d35be436f StaticDependenciesID=89a18b5f5a6443aa6d05cc79af844b24 
Asset Pipeline Refresh (id=cf8686f1d1bb949139732a75c26ebd45): Total: 0.024 seconds - Initiated by StopAssetImportingV2(NoUpdateAssetOptions)
Importing 'GUID: 6d1c6b315791585dbc02e49d1c91105e - Path: Assets/Resources/ReturnV2/ReadabilityArt/amber-slot-empty/00.png' with importer (TextureImporter)
Imported 'GUID: 6d1c6b315791585dbc02e49d1c91105e' -> (Import Result ID: 'be0fabb43a4c820edfbdcd315b33c0c0') in 0.002 seconds [static and dynamic dependencies]. Details - ImportResultOutputID=bb910ed250addb837c028fc89cfd5dae DependenciesID=5f3ddee42d0d47c755325849c26a5bb6 StaticDependenciesID=5a57d8be34c85adb8d1499be776cafdf 
Asset Pipeline Refresh (id=bc111b8af9b984cf58632770884afb92): Total: 0.023 seconds - Initiated by StopAssetImportingV2(NoUpdateAssetOptions)
Importing 'GUID: 5a67a51f4a1251c0b1926866e191a7fe - Path: Assets/Resources/ReturnV2/ReadabilityArt/amber-slot-filled/00.png' with importer (TextureImporter)
Imported 'GUID: 5a67a51f4a1251c0b1926866e191a7fe' -> (Import Result ID: '017e80a3b88f0072f7cd7cda05b6c8ba') in 0.002 seconds [static and dynamic dependencies]. Details - ImportResultOutputID=8ad9775b5aaab01b8e8f2f6767592fc9 DependenciesID=0d65bd1679db99722c9fce254730a50b StaticDependenciesID=4b55b2d718297c0bdfdb73c28bef8ed9 
Asset Pipeline Refresh (id=72212b01190214244984499f51747254): Total: 0.024 seconds - Initiated by StopAssetImportingV2(NoUpdateAssetOptions)
Importing 'GUID: 1c7ea2e9dcea508d906d048b601be0c7 - Path: Assets/Resources/ReturnV2/ReadabilityArt/amber-slot-wrong/00.png' with importer (TextureImporter)
Imported 'GUID: 1c7ea2e9dcea508d906d048b601be0c7' -> (Import Result ID: '0afea7864f2f8a4bfa3cc11355ba744e') in 0.002 seconds [static and dynamic dependencies]. Details - ImportResultOutputID=8a1ce4a203f29823cf9e577a405363dc DependenciesID=7ea7aef8d78b97cebcbfb03170d1814c StaticDependenciesID=cb2e3b613941955079eea3e1e73547c4 
Asset Pipeline Refresh (id=b1ee1642ee61b49548a95ba00fbec58e): Total: 0.023 seconds - Initiated by StopAssetImportingV2(NoUpdateAssetOptions)
Importing 'GUID: 6a4aaf46440f5433ba3955d60ad140e0 - Path: Assets/Resources/ReturnV2/ReadabilityArt/battery-docked/00.png' with importer (TextureImporter)
Imported 'GUID: 6a4aaf46440f5433ba3955d60ad140e0' -> (Import Result ID: 'fbc78f691b7852fbf88b6ac03b668c04') in 0.003 seconds [static and dynamic dependencies]. Details - ImportResultOutputID=ef6f11f16ac6e76938fdf25f3ad79797 DependenciesID=c5536dc255722c365dd19df898179f24 StaticDependenciesID=beb914567cb61539984efb15b7822507 
Asset Pipeline Refresh (id=c3d7d6293f48d4b6f8df41d45d95b807): Total: 0.025 seconds - Initiated by StopAssetImportingV2(NoUpdateAssetOptions)
Importing 'GUID: 352372472d695d67918508a600d076c2 - Path: Assets/Resources/ReturnV2/ReadabilityArt/battery-idle/00.png' with importer (TextureImporter)
Imported 'GUID: 352372472d695d67918508a600d076c2' -> (Import Result ID: 'a829c56e025b4e06a0ab6683a4cc5b2c') in 0.002 seconds [static and dynamic dependencies]. Details - ImportResultOutputID=877d26f9f5dee8626dce910eacfe14e7 DependenciesID=b964a1ad42a130bf82f406a9ac1eeda5 StaticDependenciesID=4817f0e444aff42cba8ff32ce53232bc 
Asset Pipeline Refresh (id=71e8aba2d718943089f46655a446dba8): Total: 0.024 seconds - Initiated by StopAssetImportingV2(NoUpdateAssetOptions)
Importing 'GUID: 201521dffe4a56fa97be5e22f3def7e5 - Path: Assets/Resources/ReturnV2/ReadabilityArt/battery-moving/00.png' with importer (TextureImporter)
Imported 'GUID: 201521dffe4a56fa97be5e22f3def7e5' -> (Import Result ID: 'e336e2cf8a2176b6f8203a2431b97342') in 0.003 seconds [static and dynamic dependencies]. Details - ImportResultOutputID=2312bfeb633bda9813466326d6a75c80 DependenciesID=6fd0167ccbf5cc3856653df363564c1f StaticDependenciesID=fc916a6e1a235e8ca2febcc3fb4fc723 
Asset Pipeline Refresh (id=69bb35ec1a1f94969a29542f52945513): Total: 0.024 seconds - Initiated by StopAssetImportingV2(NoUpdateAssetOptions)
Importing 'GUID: a59cde1cba675baba15c296622eb76c5 - Path: Assets/Resources/ReturnV2/ReadabilityArt/battery-moving/01.png' with importer (TextureImporter)
Imported 'GUID: a59cde1cba675baba15c296622eb76c5' -> (Import Result ID: '1a1d4fdee862145b8236feea3e159fd7') in 0.002 seconds [static and dynamic dependencies]. Details - ImportResultOutputID=04e6b73ecf61b38a3a4f0653d6d214a7 DependenciesID=d9dab98a1fd9c22fe1f7ccb14c0a07e2 StaticDependenciesID=3d2f9e289bbc97ba66464ce65816068c 
Asset Pipeline Refresh (id=98d3c86f921f049bf83435b19671fa3f): Total: 0.024 seconds - Initiated by StopAssetImportingV2(NoUpdateAssetOptions)
Importing 'GUID: f793459ff57e5c8a803c6d669e0060c8 - Path: Assets/Resources/ReturnV2/ReadabilityArt/battery-moving/02.png' with importer (TextureImporter)
Imported 'GUID: f793459ff57e5c8a803c6d669e0060c8' -> (Import Result ID: 'df2a9e0ec85452f1222c35748efcbd55') in 0.002 seconds [static and dynamic dependencies]. Details - ImportResultOutputID=94752da7eac7acbb0f0d3c42cccaf217 DependenciesID=b8a4517bac0f947ab3967acfbe063133 StaticDependenciesID=2e8fddbd92f3af9d1b657f65b27a8f73 
Asset Pipeline Refresh (id=bb93275ac6ed54f9993a2a3f240d6543): Total: 0.023 seconds - Initiated by StopAssetImportingV2(NoUpdateAssetOptions)
Importing 'GUID: 41f1503837d15e35ac6b69b0708fa97c - Path: Assets/Resources/ReturnV2/ReadabilityArt/battery-moving/03.png' with importer (TextureImporter)
Imported 'GUID: 41f1503837d15e35ac6b69b0708fa97c' -> (Import Result ID: 'cf43b22638fde8e7655da8a377f8bb9a') in 0.002 seconds [static and dynamic dependencies]. Details - ImportResultOutputID=d1f530b4d8fbc5a69b41e8c0e4b4b258 DependenciesID=9f45e5331d6fe415f27d017a1dee00a2 StaticDependenciesID=439b766c85992606348a761ad8d6ca24 
Asset Pipeline Refresh (id=e12f000ded44941ba81300bc602e82c3): Total: 0.023 seconds - Initiated by StopAssetImportingV2(NoUpdateAssetOptions)
Importing 'GUID: 4d80f71818bb5f748fa7eaefdb862cbf - Path: Assets/Resources/ReturnV2/ReadabilityArt/battery-moving/04.png' with importer (TextureImporter)
Imported 'GUID: 4d80f71818bb5f748fa7eaefdb862cbf' -> (Import Result ID: '8d8ddc405e943fb422ca2af55baf823f') in 0.002 seconds [static and dynamic dependencies]. Details - ImportResultOutputID=cf392033f3c4434cd6fc6b8893ad004f DependenciesID=1da4d3c8361ef0090dbf90e49bb4fc48 StaticDependenciesID=f204c4e3b283e98ade3348b1b5943b2b 
Asset Pipeline Refresh (id=236709c5b6ce24a85b84b02e5e5ab187): Total: 0.023 seconds - Initiated by StopAssetImportingV2(NoUpdateAssetOptions)
Importing 'GUID: 13d2fb5728f25c5f84ec63b1681efeb5 - Path: Assets/Resources/ReturnV2/ReadabilityArt/battery-moving/05.png' with importer (TextureImporter)
Imported 'GUID: 13d2fb5728f25c5f84ec63b1681efeb5' -> (Import Result ID: 'bd7f024d28d08463f4a586917ce6c54a') in 0.002 seconds [static and dynamic dependencies]. Details - ImportResultOutputID=52ab5dce4d0a5989fc9e94073e12e5f1 DependenciesID=59ff165863bbb73f674040d1327b6a36 StaticDependenciesID=06cc8ae180b3517354f96aee140b309f 
Asset Pipeline Refresh (id=7911a65b097344196a6de192357d2157): Total: 0.024 seconds - Initiated by StopAssetImportingV2(NoUpdateAssetOptions)
Importing 'GUID: 89837f8fb75759b995889ffbf6bdcde8 - Path: Assets/Resources/ReturnV2/ReadabilityArt/battery-moving/06.png' with importer (TextureImporter)
Imported 'GUID: 89837f8fb75759b995889ffbf6bdcde8' -> (Import Result ID: 'bdd895c65e53b709c30d155fc2689f06') in 0.002 seconds [static and dynamic dependencies]. Details - ImportResultOutputID=c6c5b0374061916027b0f0619295b550 DependenciesID=7442dbf7f877f2ff437ccf232b02a501 StaticDependenciesID=6b3a9070e3ed125de9f0612f8fa01eab 
Asset Pipeline Refresh (id=11e74e3a1ee6448ff8dbe2fbea71cb39): Total: 0.024 seconds - Initiated by StopAssetImportingV2(NoUpdateAssetOptions)
Importing 'GUID: 1d67414881605c4eac185a08edb5fa40 - Path: Assets/Resources/ReturnV2/ReadabilityArt/battery-moving/07.png' with importer (TextureImporter)
Imported 'GUID: 1d67414881605c4eac185a08edb5fa40' -> (Import Result ID: '58d7caf599d2e7c39d0387c6ef7b1630') in 0.002 seconds [static and dynamic dependencies]. Details - ImportResultOutputID=d8c6b3a7f41a2ee87e8166b80b3a3af9 DependenciesID=fcb37d18caf7b923303bfa2002c3498d StaticDependenciesID=172481e1eb6dabae39c2e6389aa3f34c 
Asset Pipeline Refresh (id=863370a1046bc4748963aa81a2723445): Total: 0.024 seconds - Initiated by StopAssetImportingV2(NoUpdateAssetOptions)
Importing 'GUID: c8db935e04e557c9b743d4dc51fed0b6 - Path: Assets/Resources/ReturnV2/ReadabilityArt/battery-moving/08.png' with importer (TextureImporter)
Imported 'GUID: c8db935e04e557c9b743d4dc51fed0b6' -> (Import Result ID: 'fba8924be56d79d23ce00d0590f8e4ea') in 0.002 seconds [static and dynamic dependencies]. Details - ImportResultOutputID=b52de6fc3a553eee31085595652ab5eb DependenciesID=4f98cbfee82fd77a91b6a55d62f228d3 StaticDependenciesID=2f8a2aa057b8c7df3bfa9010366efb7d 
Asset Pipeline Refresh (id=b210bf71b2fe3417c8179537b55c996f): Total: 0.024 seconds - Initiated by StopAssetImportingV2(NoUpdateAssetOptions)
Importing 'GUID: 43e0879159985905af79554929c3654c - Path: Assets/Resources/ReturnV2/ReadabilityArt/battery-moving/09.png' with importer (TextureImporter)
Imported 'GUID: 43e0879159985905af79554929c3654c' -> (Import Result ID: 'a575d90ebe2e078159099fcc60647c93') in 0.002 seconds [static and dynamic dependencies]. Details - ImportResultOutputID=613e1750feb8fb9cf55c732382d38eec DependenciesID=8c1fd847f0be90e52774d15a673a2cd2 StaticDependenciesID=9efda1b975dfab470679e46cbb04f71a 
Asset Pipeline Refresh (id=e23c11b356d4647f7b983888cedb80f4): Total: 0.024 seconds - Initiated by StopAssetImportingV2(NoUpdateAssetOptions)
Importing 'GUID: 4a81b9cd2ab15e98aacca294ee9fd722 - Path: Assets/Resources/ReturnV2/ReadabilityArt/battery-moving/10.png' with importer (TextureImporter)
Imported 'GUID: 4a81b9cd2ab15e98aacca294ee9fd722' -> (Import Result ID: '025d09650f6f12c0233d100d6a06a5c4') in 0.002 seconds [static and dynamic dependencies]. Details - ImportResultOutputID=c0b812e2b3a52b5de00df9ad5539e0eb DependenciesID=4c529c9f8d68992c03053314eed9ee01 StaticDependenciesID=0af96ed958070dc02fd373bb8e8a0650 
Asset Pipeline Refresh (id=4003cd8386631420a87bcfcb450bd44d): Total: 0.024 seconds - Initiated by StopAssetImportingV2(NoUpdateAssetOptions)
Importing 'GUID: 1a84c5a693fb5b818550935b71acbc84 - Path: Assets/Resources/ReturnV2/ReadabilityArt/battery-moving/11.png' with importer (TextureImporter)
Imported 'GUID: 1a84c5a693fb5b818550935b71acbc84' -> (Import Result ID: '2f20ad04bb47dbb127094f4a40680510') in 0.002 seconds [static and dynamic dependencies]. Details - ImportResultOutputID=280fa321d3a12ff991011ef6613f4e59 DependenciesID=09fceb95bdf43430a7ab33c84283ae61 StaticDependenciesID=77076c79dd80486c57bd257985f0ae57 
Asset Pipeline Refresh (id=569b088603b4146ed94cf48d3aa7f757): Total: 0.024 seconds - Initiated by StopAssetImportingV2(NoUpdateAssetOptions)
Importing 'GUID: ebc60cefa3d0517ea43861c292b2150c - Path: Assets/Resources/ReturnV2/ReadabilityArt/cyan-slot-connect/00.png' with importer (TextureImporter)
Imported 'GUID: ebc60cefa3d0517ea43861c292b2150c' -> (Import Result ID: 'b554cc0650a5f602f285c90ed5c3f3a1') in 0.003 seconds [static and dynamic dependencies]. Details - ImportResultOutputID=5cf8b9cce961fc7399ceac7ad66478eb DependenciesID=dcbca55472b4cd97fc824a1fb4d0d136 StaticDependenciesID=bfac9a72aa1db92331b3fad0a2d857e1 
Asset Pipeline Refresh (id=7d372469c52414b92af5aab89e934db7): Total: 0.024 seconds - Initiated by StopAssetImportingV2(NoUpdateAssetOptions)
Importing 'GUID: 99c800fb71f453029b6bb53b89745a70 - Path: Assets/Resources/ReturnV2/ReadabilityArt/cyan-slot-connect/01.png' with importer (TextureImporter)
Imported 'GUID: 99c800fb71f453029b6bb53b89745a70' -> (Import Result ID: '80610ad3ee6f34513e3665d5912a8de8') in 0.002 seconds [static and dynamic dependencies]. Details - ImportResultOutputID=f8e66bfedf1e0481151ef624e04f83f0 DependenciesID=6b2d13380410badf6117282a5d21819e StaticDependenciesID=132f8227e658bca7fdd28f4e8aea0eeb 
Asset Pipeline Refresh (id=691fda8e6992647c2875d5bf13f3e94f): Total: 0.023 seconds - Initiated by StopAssetImportingV2(NoUpdateAssetOptions)
Importing 'GUID: 97d417bce36c566f98f187f34f19ad5e - Path: Assets/Resources/ReturnV2/ReadabilityArt/cyan-slot-connect/02.png' with importer (TextureImporter)
Imported 'GUID: 97d417bce36c566f98f187f34f19ad5e' -> (Import Result ID: 'b214a4fa280af975b4c433865af4346d') in 0.002 seconds [static and dynamic dependencies]. Details - ImportResultOutputID=2712e6d11f82626252e196632a262d93 DependenciesID=838fc66113fe2dfa9a86e6bc53a49031 StaticDependenciesID=e28d6264b2460dc74cb86aa2786706d1 
Asset Pipeline Refresh (id=d98e9ee9fdbcd48278d9866d03bc6076): Total: 0.024 seconds - Initiated by StopAssetImportingV2(NoUpdateAssetOptions)
Importing 'GUID: ea17a585f74f52c79154df5d6e621b6d - Path: Assets/Resources/ReturnV2/ReadabilityArt/cyan-slot-connect/03.png' with importer (TextureImporter)
Imported 'GUID: ea17a585f74f52c79154df5d6e621b6d' -> (Import Result ID: '9ac1dbae33f5e1061cbd1c9e1fe2a001') in 0.002 seconds [static and dynamic dependencies]. Details - ImportResultOutputID=32e03368149a5533f91c1fe5f3112521 DependenciesID=6c09a8d481c0b18e0c11f1daa36c5129 StaticDependenciesID=1a39252de87476f0c3a1c9f4682349f6 
Asset Pipeline Refresh (id=f96fd789ca7fd44bba39d37f15aed048): Total: 0.023 seconds - Initiated by StopAssetImportingV2(NoUpdateAssetOptions)
Importing 'GUID: fdf4832fd592576aa93dde59bc080ed3 - Path: Assets/Resources/ReturnV2/ReadabilityArt/cyan-slot-connect/04.png' with importer (TextureImporter)
Imported 'GUID: fdf4832fd592576aa93dde59bc080ed3' -> (Import Result ID: 'a0e9c08c49a5fb2b0b0793b0aff8ae80') in 0.002 seconds [static and dynamic dependencies]. Details - ImportResultOutputID=31584f9442dbda497d5281fc7c46634d DependenciesID=8695669272ab6adef5399d939298cb61 StaticDependenciesID=f2b41c2b8025dfc532533cc6d33b7929 
Asset Pipeline Refresh (id=7ad086396c092421a934909273c7458a): Total: 0.024 seconds - Initiated by StopAssetImportingV2(NoUpdateAssetOptions)
Importing 'GUID: be1ceda8e3055582a8b1bd10350488d1 - Path: Assets/Resources/ReturnV2/ReadabilityArt/cyan-slot-connect/05.png' with importer (TextureImporter)
Imported 'GUID: be1ceda8e3055582a8b1bd10350488d1' -> (Import Result ID: 'cb78e67432bc1ab3b85e86ddef0942b3') in 0.004 seconds [static and dynamic dependencies]. Details - ImportResultOutputID=ea0aa478401aaea9c2779deb5b674b6c DependenciesID=567552606b7a69e2df0c35afb512247a StaticDependenciesID=25eeb34be0cfe101eeaeb05411971f8e 
Asset Pipeline Refresh (id=de4794e08b05244709de11a982e5b57f): Total: 0.026 seconds - Initiated by StopAssetImportingV2(NoUpdateAssetOptions)
Importing 'GUID: 79fb7adea40f5307a488b82007ff3507 - Path: Assets/Resources/ReturnV2/ReadabilityArt/cyan-slot-connect/06.png' with importer (TextureImporter)
Imported 'GUID: 79fb7adea40f5307a488b82007ff3507' -> (Import Result ID: '6684efe1c34af43a47e8657503f86352') in 0.002 seconds [static and dynamic dependencies]. Details - ImportResultOutputID=dd6b71f5ef69d75fb4405e14b87473e6 DependenciesID=f72ed8830457418df6a78fc97ab5ac21 StaticDependenciesID=056f8825c5347c5734ecdd006354922d 
Asset Pipeline Refresh (id=c9037118f37454936899543f2c108385): Total: 0.025 seconds - Initiated by StopAssetImportingV2(NoUpdateAssetOptions)
Importing 'GUID: f901c26366de53a98d2f618660b9c62f - Path: Assets/Resources/ReturnV2/ReadabilityArt/cyan-slot-connect/07.png' with importer (TextureImporter)
Imported 'GUID: f901c26366de53a98d2f618660b9c62f' -> (Import Result ID: '20cdd9b884116f8314da23feadc242b6') in 0.002 seconds [static and dynamic dependencies]. Details - ImportResultOutputID=3ed01a16d87a5a3df9fb1dd5a5761d49 DependenciesID=b3c4225e4a4c8f02bb4e69634d7fed2c StaticDependenciesID=3715f6b31acd6f24753799513cea54e0 
Asset Pipeline Refresh (id=86cb2b5d82f5f496891a5cb5d2608ad7): Total: 0.023 seconds - Initiated by StopAssetImportingV2(NoUpdateAssetOptions)
Importing 'GUID: a5c1bdff16485a8693cebf5a46b92c4e - Path: Assets/Resources/ReturnV2/ReadabilityArt/cyan-slot-connect/08.png' with importer (TextureImporter)
Imported 'GUID: a5c1bdff16485a8693cebf5a46b92c4e' -> (Import Result ID: '91721e25c4b651b5a5920ea3ccb4d7a7') in 0.002 seconds [static and dynamic dependencies]. Details - ImportResultOutputID=508481cd57c98fcc221cfec4c4738315 DependenciesID=a8a5cf646be7c6108e48c3c71e5b0415 StaticDependenciesID=027024be57e4b6b49a229a08849bd5c7 
Asset Pipeline Refresh (id=3a45d792528084f9c92521022752ae1b): Total: 0.024 seconds - Initiated by StopAssetImportingV2(NoUpdateAssetOptions)
Importing 'GUID: cc81c8f55e0857068f73b66e3333d256 - Path: Assets/Resources/ReturnV2/ReadabilityArt/cyan-slot-connect/09.png' with importer (TextureImporter)
Imported 'GUID: cc81c8f55e0857068f73b66e3333d256' -> (Import Result ID: '73bde9e4b8dc26e95103799d7b5528d3') in 0.002 seconds [static and dynamic dependencies]. Details - ImportResultOutputID=e2fa2d5e4931ab9debd3f44e6d132b80 DependenciesID=472f0ccfdafa69ec03d3542232c7eb4b StaticDependenciesID=aef432fb16df6846d0f774c6bcf63c7f 
Asset Pipeline Refresh (id=3c8e48591f2b642bf9ae97adbab3d56a): Total: 0.024 seconds - Initiated by StopAssetImportingV2(NoUpdateAssetOptions)
Importing 'GUID: 339f52c51f405caeaac55c0ca6173f45 - Path: Assets/Resources/ReturnV2/ReadabilityArt/cyan-slot-connect/10.png' with importer (TextureImporter)
Imported 'GUID: 339f52c51f405caeaac55c0ca6173f45' -> (Import Result ID: 'c35539320c95d50cec023a5dae29e6ef') in 0.002 seconds [static and dynamic dependencies]. Details - ImportResultOutputID=0e16a757c41742f3b661520182222d31 DependenciesID=904227a70c63b6626cb009a4d90d04ce StaticDependenciesID=6abaa82a70e5eaf578a6d0cf10f5377a 
Asset Pipeline Refresh (id=77a655f4a1a114abf8672fe7c52ff8da): Total: 0.023 seconds - Initiated by StopAssetImportingV2(NoUpdateAssetOptions)
Importing 'GUID: 1bfce7cf71095f29a5419db3f8912dfd - Path: Assets/Resources/ReturnV2/ReadabilityArt/cyan-slot-connect/11.png' with importer (TextureImporter)
Imported 'GUID: 1bfce7cf71095f29a5419db3f8912dfd' -> (Import Result ID: '4557d9a44b7c53ed34de831ce1ac21a1') in 0.002 seconds [static and dynamic dependencies]. Details - ImportResultOutputID=7c0fcb3832f2e2ea7997bee6a8f5aced DependenciesID=1caaa9bcc39092e40cf625d9c8c63445 StaticDependenciesID=9fc6f55c164314bcc8c03bc589a919c0 
Asset Pipeline Refresh (id=d29e1a1807586471eadddb5e4991d805): Total: 0.023 seconds - Initiated by StopAssetImportingV2(NoUpdateAssetOptions)
Importing 'GUID: ac7d997f17ba5007b5cdb3719d2ded0d - Path: Assets/Resources/ReturnV2/ReadabilityArt/cyan-slot-empty/00.png' with importer (TextureImporter)
Imported 'GUID: ac7d997f17ba5007b5cdb3719d2ded0d' -> (Import Result ID: '26164917bcae7fef32ae0fbfc07d23e2') in 0.002 seconds [static and dynamic dependencies]. Details - ImportResultOutputID=e06b6c2d00cc73495e27c4e60d43669c DependenciesID=718fb1b1993d73112bc5916972627d59 StaticDependenciesID=553ef2e9920d056d15cba51d3e9d9ab4 
Asset Pipeline Refresh (id=b8faa83cd0db74548b202a83b2a9c2cf): Total: 0.023 seconds - Initiated by StopAssetImportingV2(NoUpdateAssetOptions)
Importing 'GUID: ad0d73b38c765945b19de12c695d55c2 - Path: Assets/Resources/ReturnV2/ReadabilityArt/cyan-slot-filled/00.png' with importer (TextureImporter)
Imported 'GUID: ad0d73b38c765945b19de12c695d55c2' -> (Import Result ID: 'd2ab6353fda9d6db6ff1ff44243518a1') in 0.002 seconds [static and dynamic dependencies]. Details - ImportResultOutputID=269a060d44de3c580268449e45bb442f DependenciesID=e6f2ba8d4e6f58b99835db1815548096 StaticDependenciesID=c188cac6c15e92c7f2e3d0a208f5471f 
Asset Pipeline Refresh (id=1a046664b8ba1468ca9633c6d2d96509): Total: 0.024 seconds - Initiated by StopAssetImportingV2(NoUpdateAssetOptions)
Importing 'GUID: 0d0dbe45fff35f6d9de7c034c9a7fa48 - Path: Assets/Resources/ReturnV2/ReadabilityArt/cyan-slot-wrong/00.png' with importer (TextureImporter)
Imported 'GUID: 0d0dbe45fff35f6d9de7c034c9a7fa48' -> (Import Result ID: '82f664fe186c7de13cf8c47b044c5aa0') in 0.002 seconds [static and dynamic dependencies]. Details - ImportResultOutputID=de71f6a3c726ea73fb0ea2e361a69d01 DependenciesID=ca2bd580d2bb7361738dee60813fed0c StaticDependenciesID=5d8c389dcf402de8843d5b6a42e26f25 
Asset Pipeline Refresh (id=66997977aa5df4043a4fa49c43db0106): Total: 0.024 seconds - Initiated by StopAssetImportingV2(NoUpdateAssetOptions)
Importing 'GUID: dc5fe16ecabb5891ba22855d9e24fe71 - Path: Assets/Resources/ReturnV2/ReadabilityArt/floor/00.png' with importer (TextureImporter)
Imported 'GUID: dc5fe16ecabb5891ba22855d9e24fe71' -> (Import Result ID: '0d60f2e1a89c9288526cf0e7520832f1') in 0.002 seconds [static and dynamic dependencies]. Details - ImportResultOutputID=a10fb8952dfefa895c70e8c28ff11be7 DependenciesID=2c771ff5ad5c66bcec6be8147cbb465d StaticDependenciesID=69d843d7efc7ac5dda3296a9bc6cda2f 
Asset Pipeline Refresh (id=ace7d9ff7a256444a8587f4210e04c3b): Total: 0.024 seconds - Initiated by StopAssetImportingV2(NoUpdateAssetOptions)
Importing 'GUID: 31500efac67e5605946ce7f0f45d2134 - Path: Assets/Resources/ReturnV2/ReadabilityArt/orb-docked/00.png' with importer (TextureImporter)
Imported 'GUID: 31500efac67e5605946ce7f0f45d2134' -> (Import Result ID: '08901bbb90cd72e645b4481ffd212e15') in 0.002 seconds [static and dynamic dependencies]. Details - ImportResultOutputID=bd7e050f350ebfe27723592baec438c2 DependenciesID=777d3723132bab0a11bf144f41db72b2 StaticDependenciesID=542407d8e3092b9570507d9218c33cf0 
Asset Pipeline Refresh (id=5f104d3c3d8b947a9912846b02b5c1d6): Total: 0.023 seconds - Initiated by StopAssetImportingV2(NoUpdateAssetOptions)
Importing 'GUID: 9aba929950af5a88866fa0ad7fadb261 - Path: Assets/Resources/ReturnV2/ReadabilityArt/orb-idle/00.png' with importer (TextureImporter)
Imported 'GUID: 9aba929950af5a88866fa0ad7fadb261' -> (Import Result ID: '6f33f9b2e63fdc062331673efb714051') in 0.002 seconds [static and dynamic dependencies]. Details - ImportResultOutputID=88fb5a41d1d857ff235b9fb7333b3b75 DependenciesID=3f0bd1867cca87a8aa76603801654e62 StaticDependenciesID=023aa567027f186518665881aa9b474f 
Asset Pipeline Refresh (id=00d3c7fe8e0d94cbda9ccb483e83c357): Total: 0.023 seconds - Initiated by StopAssetImportingV2(NoUpdateAssetOptions)
Importing 'GUID: fded0eeb427b5fccb768a3f2cfbbecdf - Path: Assets/Resources/ReturnV2/ReadabilityArt/orb-moving/00.png' with importer (TextureImporter)
Imported 'GUID: fded0eeb427b5fccb768a3f2cfbbecdf' -> (Import Result ID: '1a5542417573bfa28817178c55df751c') in 0.002 seconds [static and dynamic dependencies]. Details - ImportResultOutputID=0f59dd6d3c8923030765553c7378ad21 DependenciesID=d8267cde35954af8af5862b1dafad18f StaticDependenciesID=81d42c070fd40ab369eb0d4b8feb3605 
Asset Pipeline Refresh (id=f2f2a9dc8026f49a9a8bd118a1e909f2): Total: 0.023 seconds - Initiated by StopAssetImportingV2(NoUpdateAssetOptions)
Importing 'GUID: 25e4917699995844a81833ccbb8557c5 - Path: Assets/Resources/ReturnV2/ReadabilityArt/orb-moving/01.png' with importer (TextureImporter)
Imported 'GUID: 25e4917699995844a81833ccbb8557c5' -> (Import Result ID: '8961591bb452cf487b17a5e9ed6a22c4') in 0.002 seconds [static and dynamic dependencies]. Details - ImportResultOutputID=7d17557f17fee574e7e87e7aebcf10a4 DependenciesID=ce412ff9e5a6c31d53e7c005c9218961 StaticDependenciesID=3493c6cd605753367bb8a33a44bcc7fb 
Asset Pipeline Refresh (id=94e09ca6a2525475a90ffd68c4f313c7): Total: 0.024 seconds - Initiated by StopAssetImportingV2(NoUpdateAssetOptions)
Importing 'GUID: dca06a4e84a95076861f0971198311fc - Path: Assets/Resources/ReturnV2/ReadabilityArt/orb-moving/02.png' with importer (TextureImporter)
Imported 'GUID: dca06a4e84a95076861f0971198311fc' -> (Import Result ID: '60f971934303d6f3dbe2cb40140b5159') in 0.003 seconds [static and dynamic dependencies]. Details - ImportResultOutputID=1a15a8731b7874be06f4f7e3157d8be3 DependenciesID=0e3855022921b8ae665c8d89277559a9 StaticDependenciesID=a53a594dd43af91ce9237c6262880223 
Asset Pipeline Refresh (id=802c9c210227b49c1b5b80f495836b01): Total: 0.025 seconds - Initiated by StopAssetImportingV2(NoUpdateAssetOptions)
Importing 'GUID: b79d4de79f2a5a25af2fa5cbfb39e647 - Path: Assets/Resources/ReturnV2/ReadabilityArt/orb-moving/03.png' with importer (TextureImporter)
Imported 'GUID: b79d4de79f2a5a25af2fa5cbfb39e647' -> (Import Result ID: '70cb4397bcd9c242890ed8a4e6c6a387') in 0.002 seconds [static and dynamic dependencies]. Details - ImportResultOutputID=dfc9febc5ac7bb7041c449b706a32934 DependenciesID=bb484d0a88e4a03a2c5ed35931c2956d StaticDependenciesID=6aa19563c9f8c386fe6f4c7654f14fbe 
Asset Pipeline Refresh (id=cd2fca0cc563949bebdc54712db80089): Total: 0.024 seconds - Initiated by StopAssetImportingV2(NoUpdateAssetOptions)
Importing 'GUID: a848251c39605b55b36f6e38dfb92278 - Path: Assets/Resources/ReturnV2/ReadabilityArt/orb-moving/04.png' with importer (TextureImporter)
Imported 'GUID: a848251c39605b55b36f6e38dfb92278' -> (Import Result ID: '296db35c2a8fd5046a1ed53e23d47ad8') in 0.002 seconds [static and dynamic dependencies]. Details - ImportResultOutputID=7b780b4d499dff5331c700b56d1b1746 DependenciesID=285a0f668c5248c8156a12c3dc8528ae StaticDependenciesID=27c88266d54562ce82793d05109360fb 
Asset Pipeline Refresh (id=0f2c1d47d00854e64b0e7d2f943800f7): Total: 0.024 seconds - Initiated by StopAssetImportingV2(NoUpdateAssetOptions)
Importing 'GUID: 7df1f7ec44045de4bb645204aac8f105 - Path: Assets/Resources/ReturnV2/ReadabilityArt/orb-moving/05.png' with importer (TextureImporter)
Imported 'GUID: 7df1f7ec44045de4bb645204aac8f105' -> (Import Result ID: '4b84517f6704e2457571d865da487a7c') in 0.002 seconds [static and dynamic dependencies]. Details - ImportResultOutputID=88ed45a9feec6199cee92d1db53c190c DependenciesID=6151bab4120572e1be292b7582ae6d93 StaticDependenciesID=a9443be549dff6a2e4c0311fe187a781 
Asset Pipeline Refresh (id=c90c84e70c42a435e8d009ec75806f31): Total: 0.024 seconds - Initiated by StopAssetImportingV2(NoUpdateAssetOptions)
Importing 'GUID: 180d17f8dac3500f9a97e10766a779b7 - Path: Assets/Resources/ReturnV2/ReadabilityArt/orb-moving/06.png' with importer (TextureImporter)
Imported 'GUID: 180d17f8dac3500f9a97e10766a779b7' -> (Import Result ID: '4f6784dbf0a0e3830bfb04da51ad7ddd') in 0.002 seconds [static and dynamic dependencies]. Details - ImportResultOutputID=29ff0c01a67ae68bcf1faeb27cf7e1a5 DependenciesID=d44c976275682d5126eedef45bb64136 StaticDependenciesID=8ffd483d8022d9aee988ef36a5619a43 
Asset Pipeline Refresh (id=dad7f95fc8cc04b33b6604f222b87ca5): Total: 0.023 seconds - Initiated by StopAssetImportingV2(NoUpdateAssetOptions)
Importing 'GUID: e7206e0661be5ab198abab8979fb267d - Path: Assets/Resources/ReturnV2/ReadabilityArt/orb-moving/07.png' with importer (TextureImporter)
Imported 'GUID: e7206e0661be5ab198abab8979fb267d' -> (Import Result ID: 'e6bfe08b088d0b79ea07b4c2bc20f86d') in 0.002 seconds [static and dynamic dependencies]. Details - ImportResultOutputID=b09a356149480614affe7f13af5992ee DependenciesID=74e4c83db3b69512b6c812a17a515c12 StaticDependenciesID=b7e291f135de53c3493cd45a25b755d0 
Asset Pipeline Refresh (id=807bd2b4106ef42c9aa20f90f5ec4e28): Total: 0.024 seconds - Initiated by StopAssetImportingV2(NoUpdateAssetOptions)
Importing 'GUID: 62765d4240545505b9ef66c439ccd3c6 - Path: Assets/Resources/ReturnV2/ReadabilityArt/orb-moving/08.png' with importer (TextureImporter)
Imported 'GUID: 62765d4240545505b9ef66c439ccd3c6' -> (Import Result ID: '53314b26e78c574de6d54ebdffc68930') in 0.002 seconds [static and dynamic dependencies]. Details - ImportResultOutputID=3f8b12ad475988d0842e378ac4a10b38 DependenciesID=a6a1ca3a6c667715db029757dfb35833 StaticDependenciesID=a31726f56b7f4edbbb6e09eeb6e3210e 
Asset Pipeline Refresh (id=7696cfe5016284c8c9f8186a4909b286): Total: 0.023 seconds - Initiated by StopAssetImportingV2(NoUpdateAssetOptions)
Importing 'GUID: 97519d19ae5351daac2cf9052b166455 - Path: Assets/Resources/ReturnV2/ReadabilityArt/orb-moving/09.png' with importer (TextureImporter)
Imported 'GUID: 97519d19ae5351daac2cf9052b166455' -> (Import Result ID: '5d2655da54c770829c87d581e4b5d747') in 0.002 seconds [static and dynamic dependencies]. Details - ImportResultOutputID=87fb679aaebf397a566b99e727e41b90 DependenciesID=7e80d21220822bb0e8dea45e911cb073 StaticDependenciesID=d7f00d2444bcbf9a61bcbe83dfe4b027 
Asset Pipeline Refresh (id=2ee3e405204f34fc491326880199f3aa): Total: 0.023 seconds - Initiated by StopAssetImportingV2(NoUpdateAssetOptions)
Importing 'GUID: c3dd4092a3d2568492c4b6ae795e2594 - Path: Assets/Resources/ReturnV2/ReadabilityArt/orb-moving/10.png' with importer (TextureImporter)
Imported 'GUID: c3dd4092a3d2568492c4b6ae795e2594' -> (Import Result ID: 'dc4fed9179eb8aaebdaee8fac1e43857') in 0.002 seconds [static and dynamic dependencies]. Details - ImportResultOutputID=a71034df03fbea19932c4c5bcf07030a DependenciesID=debda5ad7dad4313bca9c163b4db9e2f StaticDependenciesID=ddb6040735179509ccd2546ef0771f86 
Asset Pipeline Refresh (id=59de1bf09830d41f79058f18df46d674): Total: 0.023 seconds - Initiated by StopAssetImportingV2(NoUpdateAssetOptions)
Importing 'GUID: 25adf888b3525431b037e14fde04a4ce - Path: Assets/Resources/ReturnV2/ReadabilityArt/orb-moving/11.png' with importer (TextureImporter)
Imported 'GUID: 25adf888b3525431b037e14fde04a4ce' -> (Import Result ID: '915909a8caeeb1f4d2ee7a14b49f57ad') in 0.002 seconds [static and dynamic dependencies]. Details - ImportResultOutputID=ddeb2faff08137a0cc9ea5aa3fb7ef02 DependenciesID=5dfe5cdc90f7b29ed50187f1e701ffb2 StaticDependenciesID=2c7ada7e081dd31fce2144a4f0bebf20 
Asset Pipeline Refresh (id=823b7072dc3c44b12b783ad272fc020e): Total: 0.023 seconds - Initiated by StopAssetImportingV2(NoUpdateAssetOptions)
Importing 'GUID: f2072a12e3b45bc591d28490b2b55b6e - Path: Assets/Resources/ReturnV2/ReadabilityArt/orb-moving/12.png' with importer (TextureImporter)
Imported 'GUID: f2072a12e3b45bc591d28490b2b55b6e' -> (Import Result ID: '78b38642ba6d4b2b7441b7edf430ab9b') in 0.002 seconds [static and dynamic dependencies]. Details - ImportResultOutputID=66dda2f4316c05450fe69570f4a3e428 DependenciesID=c4b394b19197b4e11dab90c9869e9667 StaticDependenciesID=35237c695125b84d61fa38b52f675edd 
Asset Pipeline Refresh (id=f78274a188fa94da38cf896fd0492b09): Total: 0.023 seconds - Initiated by StopAssetImportingV2(NoUpdateAssetOptions)
Importing 'GUID: 273863d07ab5510fa7973ffbfcb19dcc - Path: Assets/Resources/ReturnV2/ReadabilityArt/orb-moving/13.png' with importer (TextureImporter)
Imported 'GUID: 273863d07ab5510fa7973ffbfcb19dcc' -> (Import Result ID: 'e7628c97ea23024f07b9113bd3272c38') in 0.002 seconds [static and dynamic dependencies]. Details - ImportResultOutputID=20216626edde34726699307ca6f80f4a DependenciesID=d69a07194176db8fa1588a399924e0c1 StaticDependenciesID=231b66ff9a82c2645d8714b69643b86d 
Asset Pipeline Refresh (id=a29307898efec489699ca35711b6f1e8): Total: 0.023 seconds - Initiated by StopAssetImportingV2(NoUpdateAssetOptions)
Importing 'GUID: 1892341fa23652a9a61f0c862e39b9ff - Path: Assets/Resources/ReturnV2/ReadabilityArt/wall-00/00.png' with importer (TextureImporter)
Imported 'GUID: 1892341fa23652a9a61f0c862e39b9ff' -> (Import Result ID: '0af6421a3d56686dfc48b9cb5adc0728') in 0.002 seconds [static and dynamic dependencies]. Details - ImportResultOutputID=eea37f603eae94f143c2bba9a7168fe2 DependenciesID=901feafbaced147bb9e44181c411be8e StaticDependenciesID=158ab883052b58e93ea9094f4568e348 
Asset Pipeline Refresh (id=5b4952658aaa34da68fd268d362f0605): Total: 0.023 seconds - Initiated by StopAssetImportingV2(NoUpdateAssetOptions)
Importing 'GUID: 5e39bd433899511d8764bd94bc53bc25 - Path: Assets/Resources/ReturnV2/ReadabilityArt/wall-01/00.png' with importer (TextureImporter)
Imported 'GUID: 5e39bd433899511d8764bd94bc53bc25' -> (Import Result ID: 'aea5758e8e432b75b7b9b2b277a98412') in 0.002 seconds [static and dynamic dependencies]. Details - ImportResultOutputID=57e009dd577e8798df84fb3819222f58 DependenciesID=9ab42fc07b5f602774456fb58404e5d4 StaticDependenciesID=e9195ee01529ad4febf02b1e4f23c245 
Asset Pipeline Refresh (id=92a19a331bd8b428abb58b3f534dd1b9): Total: 0.023 seconds - Initiated by StopAssetImportingV2(NoUpdateAssetOptions)
Importing 'GUID: 8d512f5adaf5508ea6a748a3a669983c - Path: Assets/Resources/ReturnV2/ReadabilityArt/wall-02/00.png' with importer (TextureImporter)
Imported 'GUID: 8d512f5adaf5508ea6a748a3a669983c' -> (Import Result ID: '846cb1465146bdaf921dccabd2ad8736') in 0.002 seconds [static and dynamic dependencies]. Details - ImportResultOutputID=30bff57b0a48abbf17aab785890ff989 DependenciesID=65af2fa5eb3790f080442fcdfaa2a68f StaticDependenciesID=255a3210a745eb00f479b8e88d4bd416 
Asset Pipeline Refresh (id=6cb4df4cc316b4c8b816059b4718b34d): Total: 0.023 seconds - Initiated by StopAssetImportingV2(NoUpdateAssetOptions)
Importing 'GUID: 8c27f11235fe5f38a658dc830d35864c - Path: Assets/Resources/ReturnV2/ReadabilityArt/wall-03/00.png' with importer (TextureImporter)
Imported 'GUID: 8c27f11235fe5f38a658dc830d35864c' -> (Import Result ID: '1cf3660988d7edf76a5ee92877f20c50') in 0.002 seconds [static and dynamic dependencies]. Details - ImportResultOutputID=92afe768ec5e8ab2cf9ffadf1efd4d19 DependenciesID=d80bef87ab7ee7ef8cc43eadf477aa5a StaticDependenciesID=ce0451bd70c6cc44df88ec3d830a6a12 
Asset Pipeline Refresh (id=1144410fb92004c40a972c7f1e3b3474): Total: 0.024 seconds - Initiated by StopAssetImportingV2(NoUpdateAssetOptions)
Importing 'GUID: 8bef2b8572dd5185860e2fbbd5246872 - Path: Assets/Resources/ReturnV2/ReadabilityArt/wall-04/00.png' with importer (TextureImporter)
Imported 'GUID: 8bef2b8572dd5185860e2fbbd5246872' -> (Import Result ID: '5cfdaefa0f03405a651a7e617b634f1b') in 0.002 seconds [static and dynamic dependencies]. Details - ImportResultOutputID=cc01ccbd8ad71401517e72aaafbcf4ce DependenciesID=3a88c8bbd5b5b6f102df5ab2ee8329c2 StaticDependenciesID=888173972f92f13ea2932ccdae334dd6 
Asset Pipeline Refresh (id=7423560f1c946444db9c92667a0c7574): Total: 0.024 seconds - Initiated by StopAssetImportingV2(NoUpdateAssetOptions)
Importing 'GUID: 169fa95749415b0ea6bbd47341c18a5e - Path: Assets/Resources/ReturnV2/ReadabilityArt/wall-05/00.png' with importer (TextureImporter)
Imported 'GUID: 169fa95749415b0ea6bbd47341c18a5e' -> (Import Result ID: '04f647c4f163d80386d3e14f04130855') in 0.002 seconds [static and dynamic dependencies]. Details - ImportResultOutputID=f04e7a5bc19632f0ae2ac89fd9a7dad1 DependenciesID=d92137c531620109ac3513db23e9f6f1 StaticDependenciesID=460087ca68fce655c27da63f8c891708 
Asset Pipeline Refresh (id=7cfc8ba245a484d7eb01c740c378e306): Total: 0.024 seconds - Initiated by StopAssetImportingV2(NoUpdateAssetOptions)
Importing 'GUID: c7c601066bd05223b6194a22a73c4433 - Path: Assets/Resources/ReturnV2/ReadabilityArt/wall-06/00.png' with importer (TextureImporter)
Imported 'GUID: c7c601066bd05223b6194a22a73c4433' -> (Import Result ID: 'bbf643c1be7c10130a7725bf29c0976e') in 0.002 seconds [static and dynamic dependencies]. Details - ImportResultOutputID=04d32b169d1ab1b1d82a3f3487d8e589 DependenciesID=ef6a3d4f93a78772de6ef587dfcb34ae StaticDependenciesID=b327e047730fb4c1892c9ea689cc8221 
Asset Pipeline Refresh (id=bc766d0fdc8a5423b85c4aa0b4ad22a4): Total: 0.024 seconds - Initiated by StopAssetImportingV2(NoUpdateAssetOptions)
Importing 'GUID: c8ae295d76b5596d983c165efbc1530c - Path: Assets/Resources/ReturnV2/ReadabilityArt/wall-07/00.png' with importer (TextureImporter)
Imported 'GUID: c8ae295d76b5596d983c165efbc1530c' -> (Import Result ID: '9b66d84844602e5e44e670d47988f3a3') in 0.002 seconds [static and dynamic dependencies]. Details - ImportResultOutputID=c968faa255e4ec802d73df6637583e52 DependenciesID=899f31547e86d4cf6d9f864ffdc3258f StaticDependenciesID=8bbf5448a7c0f619ab015510e379e45a 
Asset Pipeline Refresh (id=5943f0563ae0b4c189619927539c2f2a): Total: 0.023 seconds - Initiated by StopAssetImportingV2(NoUpdateAssetOptions)
Importing 'GUID: 9631521c634e52f2860877488c3c5d3e - Path: Assets/Resources/ReturnV2/ReadabilityArt/wall-08/00.png' with importer (TextureImporter)
Imported 'GUID: 9631521c634e52f2860877488c3c5d3e' -> (Import Result ID: '247b3c5763e4514235bc3d62a96f0182') in 0.002 seconds [static and dynamic dependencies]. Details - ImportResultOutputID=901cd0b6668088b6a77d7a1318e4c728 DependenciesID=4fa900acada09f1f96be29df239a7368 StaticDependenciesID=149a582ba1d9bce854a069c98c79eb32 
Asset Pipeline Refresh (id=d1c79517d21374786807b2c30e2c67a9): Total: 0.024 seconds - Initiated by StopAssetImportingV2(NoUpdateAssetOptions)
Importing 'GUID: 58884c6957ce5f1080755d6e3b2aeac8 - Path: Assets/Resources/ReturnV2/ReadabilityArt/wall-09/00.png' with importer (TextureImporter)
Imported 'GUID: 58884c6957ce5f1080755d6e3b2aeac8' -> (Import Result ID: '575b2598ac4de875529d20dce3952ed2') in 0.002 seconds [static and dynamic dependencies]. Details - ImportResultOutputID=a638b8ab7dae65fb5611ababd68142d9 DependenciesID=8a58ac64480a75fba74d7b0e7faf1d1e StaticDependenciesID=290c8c46b1db7edcf45b490e9484a0c3 
Asset Pipeline Refresh (id=4135a944034f84cb496c9bd46db7b172): Total: 0.023 seconds - Initiated by StopAssetImportingV2(NoUpdateAssetOptions)
Importing 'GUID: 0a9cf43a0b585f82877ace4d0d1cec52 - Path: Assets/Resources/ReturnV2/ReadabilityArt/wall-10/00.png' with importer (TextureImporter)
Imported 'GUID: 0a9cf43a0b585f82877ace4d0d1cec52' -> (Import Result ID: 'e896d2c80ba31bb5d3f5a519abdb60b3') in 0.002 seconds [static and dynamic dependencies]. Details - ImportResultOutputID=10a3547b353548637f0e99581f061486 DependenciesID=360dfb9b26c3907bc1b214991aca9ddb StaticDependenciesID=48cff9b8226c8386e13b39595bf7eec2 
Asset Pipeline Refresh (id=3090eb28849f54c5e826bf845f58d283): Total: 0.023 seconds - Initiated by StopAssetImportingV2(NoUpdateAssetOptions)
Importing 'GUID: de342c46a90d5c6a99796b01979727ca - Path: Assets/Resources/ReturnV2/ReadabilityArt/wall-11/00.png' with importer (TextureImporter)
Imported 'GUID: de342c46a90d5c6a99796b01979727ca' -> (Import Result ID: '37d663bea8fe9a8c65436ba4364a9175') in 0.002 seconds [static and dynamic dependencies]. Details - ImportResultOutputID=1b4a11db4b579963e3878d8573b4d8a7 DependenciesID=e03c65ca63b19d1f03b6d8c31091dd74 StaticDependenciesID=98062827812637652d1e787d5f430a90 
Asset Pipeline Refresh (id=99d487e8105ef4c4abf94addd61bea25): Total: 0.023 seconds - Initiated by StopAssetImportingV2(NoUpdateAssetOptions)
Importing 'GUID: 883d997cf12a5a55b1d7dc8532badf24 - Path: Assets/Resources/ReturnV2/ReadabilityArt/wall-12/00.png' with importer (TextureImporter)
Imported 'GUID: 883d997cf12a5a55b1d7dc8532badf24' -> (Import Result ID: 'ad365b4cf58752b403a58e7ddc35e6d3') in 0.002 seconds [static and dynamic dependencies]. Details - ImportResultOutputID=38c42ada9ab983b0c778a3ddf061c947 DependenciesID=cb728560b03d7fdcc350ed10579d8484 StaticDependenciesID=488e9657d7d7cb34a63738587a9c0ee8 
Asset Pipeline Refresh (id=ab83c25e2cb1e4b6e9ff90165ec2b287): Total: 0.023 seconds - Initiated by StopAssetImportingV2(NoUpdateAssetOptions)
Importing 'GUID: 0d1e99333be75ec7a7684eb25d1fdf9f - Path: Assets/Resources/ReturnV2/ReadabilityArt/wall-13/00.png' with importer (TextureImporter)
Imported 'GUID: 0d1e99333be75ec7a7684eb25d1fdf9f' -> (Import Result ID: '51a376bca8c06942689cf51588511fbe') in 0.002 seconds [static and dynamic dependencies]. Details - ImportResultOutputID=db6c78cfe487cf82d70862cb76087356 DependenciesID=92afcfb23fc83d0e1ca056e888c02a43 StaticDependenciesID=e524cb0e74368bed51e4d7222cf5ba61 
Asset Pipeline Refresh (id=da6a59cfe0ba2492ab01dee2dba5d655): Total: 0.023 seconds - Initiated by StopAssetImportingV2(NoUpdateAssetOptions)
Importing 'GUID: 61d39595ed33516cb527814ffd39b629 - Path: Assets/Resources/ReturnV2/ReadabilityArt/wall-14/00.png' with importer (TextureImporter)
Imported 'GUID: 61d39595ed33516cb527814ffd39b629' -> (Import Result ID: '531f111c657485e4899c9c7b46eef72e') in 0.002 seconds [static and dynamic dependencies]. Details - ImportResultOutputID=7c42f0ca1878e24c31d68ccbeadcd3af DependenciesID=7b5c15243fa0aed66a1c5afa336ba4a0 StaticDependenciesID=ccaf91bd04f3e5ab90abff43ba376827 
Asset Pipeline Refresh (id=ce823a8f8e9a94432a86ae1ac497461d): Total: 0.024 seconds - Initiated by StopAssetImportingV2(NoUpdateAssetOptions)
Importing 'GUID: 5db6eae143355a4e8f36763e6a27eb8a - Path: Assets/Resources/ReturnV2/ReadabilityArt/wall-15/00.png' with importer (TextureImporter)
Imported 'GUID: 5db6eae143355a4e8f36763e6a27eb8a' -> (Import Result ID: 'ce09cc2e5a280660b4655da35c873b3b') in 0.002 seconds [static and dynamic dependencies]. Details - ImportResultOutputID=70d9c51e05084b78dae715c11404f4ff DependenciesID=c2a66f5c5d17d19103810e68ee24dceb StaticDependenciesID=f15d61f26ff3cc7e94002c837a20b7bf 
Asset Pipeline Refresh (id=0e65fd87f3f8046758770df09a50fe4c): Total: 0.024 seconds - Initiated by StopAssetImportingV2(NoUpdateAssetOptions)
Importing 'GUID: ad46390c14635b4db826e3ba13d1413b - Path: Assets/Resources/ReturnV2/ReadabilityArtV2/amber-slot-connect/00.png' with importer (TextureImporter)
Imported 'GUID: ad46390c14635b4db826e3ba13d1413b' -> (Import Result ID: '3a3d95c63b7758f062817d66295eb540') in 0.003 seconds [static and dynamic dependencies]. Details - ImportResultOutputID=a3091b90d4441f446e95ef243745c762 DependenciesID=dff12505185b26b988408be901bec44c StaticDependenciesID=d261b487c310c29c9688fa68b17924ec 
Asset Pipeline Refresh (id=954a2ca5eb6d54b35a3527488042a834): Total: 0.024 seconds - Initiated by StopAssetImportingV2(NoUpdateAssetOptions)
Importing 'GUID: 35bc68b4a40a58408d95020fb5688060 - Path: Assets/Resources/ReturnV2/ReadabilityArtV2/amber-slot-connect/01.png' with importer (TextureImporter)
Imported 'GUID: 35bc68b4a40a58408d95020fb5688060' -> (Import Result ID: 'fabe45b6344d5f584a03e933ac51cf78') in 0.003 seconds [static and dynamic dependencies]. Details - ImportResultOutputID=b870778a5d5baf0c4197d000dc3e7596 DependenciesID=6cfaf313075b6df38586f8e6bd558d78 StaticDependenciesID=6ad86ff23ee0a8c794033ddf0abe339c 
Asset Pipeline Refresh (id=e498c3c2417d1412c9ca51866d83c3a6): Total: 0.025 seconds - Initiated by StopAssetImportingV2(NoUpdateAssetOptions)
Importing 'GUID: bcc0cf112c175af7b1d964d945e44abb - Path: Assets/Resources/ReturnV2/ReadabilityArtV2/amber-slot-connect/02.png' with importer (TextureImporter)
Imported 'GUID: bcc0cf112c175af7b1d964d945e44abb' -> (Import Result ID: 'a3dda356dc0b7005b79684195f4eebea') in 0.003 seconds [static and dynamic dependencies]. Details - ImportResultOutputID=7b30713416b86d2673a3921f432b3e0c DependenciesID=7e4234e0638d0ca75f4e7d7df578335b StaticDependenciesID=80b5121999fcb1fdcf55a9abd06645f4 
Asset Pipeline Refresh (id=500026c28ff3a40f2991a209c901394d): Total: 0.025 seconds - Initiated by StopAssetImportingV2(NoUpdateAssetOptions)
Importing 'GUID: 43632a848d945ef4ade58295af05a1b3 - Path: Assets/Resources/ReturnV2/ReadabilityArtV2/amber-slot-connect/03.png' with importer (TextureImporter)
Imported 'GUID: 43632a848d945ef4ade58295af05a1b3' -> (Import Result ID: '82797f912a7925386865f7012f7bd018') in 0.002 seconds [static and dynamic dependencies]. Details - ImportResultOutputID=4414ebb24b64ae1d05a91f5862987b07 DependenciesID=8df20a13d8ba672bf89de50df0e1b5ad StaticDependenciesID=0b73c7c9e49ddfe556821195259a4c67 
Asset Pipeline Refresh (id=4bbfb04b7aa7445178f8e1409bee260f): Total: 0.023 seconds - Initiated by StopAssetImportingV2(NoUpdateAssetOptions)
Importing 'GUID: 0ade868288d5542cb4f73b21749ad056 - Path: Assets/Resources/ReturnV2/ReadabilityArtV2/amber-slot-connect/04.png' with importer (TextureImporter)
Imported 'GUID: 0ade868288d5542cb4f73b21749ad056' -> (Import Result ID: '481d3572bc4ae1cb3bf4467bf7b3c675') in 0.002 seconds [static and dynamic dependencies]. Details - ImportResultOutputID=6e84e270f7d86565384db50860f8f8de DependenciesID=96ad475860a2a17e5cab503ebd9a6ffa StaticDependenciesID=05849baf2c2ddf14d2dadd646f9597d3 
Asset Pipeline Refresh (id=6e5c02755aabf47f28d4e2e93da01f09): Total: 0.024 seconds - Initiated by StopAssetImportingV2(NoUpdateAssetOptions)
Importing 'GUID: d13ecdc218045932a841cef9dcaa7f3e - Path: Assets/Resources/ReturnV2/ReadabilityArtV2/amber-slot-connect/05.png' with importer (TextureImporter)
Imported 'GUID: d13ecdc218045932a841cef9dcaa7f3e' -> (Import Result ID: '14c8cbc71e346414bca6fa236585dbdf') in 0.002 seconds [static and dynamic dependencies]. Details - ImportResultOutputID=cd75ff765f5c220a94ebf763b7307446 DependenciesID=7b699928945940fa0116d8b581fd9858 StaticDependenciesID=0572d5b7af0612b547a1fd950b776f11 
Asset Pipeline Refresh (id=bccad4f6c9e7b4263839a7f85d56f1f1): Total: 0.024 seconds - Initiated by StopAssetImportingV2(NoUpdateAssetOptions)
Importing 'GUID: 54fc2b3ff979566eb63c59e559f61e1a - Path: Assets/Resources/ReturnV2/ReadabilityArtV2/amber-slot-connect/06.png' with importer (TextureImporter)
Imported 'GUID: 54fc2b3ff979566eb63c59e559f61e1a' -> (Import Result ID: 'd6d125bbb9559ec0b48e8acd6f09e921') in 0.002 seconds [static and dynamic dependencies]. Details - ImportResultOutputID=d1028fc71942cb289b3525f9c4e82837 DependenciesID=4242ce957a1fe1381acf927aa26ebc17 StaticDependenciesID=ef50ac03e56a4590df09b679df9a5a46 
Asset Pipeline Refresh (id=bcd1bda5a2e4c475c976bdd566ebafac): Total: 0.023 seconds - Initiated by StopAssetImportingV2(NoUpdateAssetOptions)
Importing 'GUID: a5723c47a976549aa627c83de9b5bc7b - Path: Assets/Resources/ReturnV2/ReadabilityArtV2/amber-slot-connect/07.png' with importer (TextureImporter)
Imported 'GUID: a5723c47a976549aa627c83de9b5bc7b' -> (Import Result ID: '3ffb00500ae0c866cce10a05090b496d') in 0.002 seconds [static and dynamic dependencies]. Details - ImportResultOutputID=75cb9e4ddbabb715e7f128072df7b3bc DependenciesID=c526e44343e966d92f85ad820b01885e StaticDependenciesID=f17045422bca790514a2ec8d76ad8345 
Asset Pipeline Refresh (id=969c907f696c84a5eb82d6b140571302): Total: 0.024 seconds - Initiated by StopAssetImportingV2(NoUpdateAssetOptions)
Importing 'GUID: 5ad4b498a34656a2bea7360237a93ad8 - Path: Assets/Resources/ReturnV2/ReadabilityArtV2/amber-slot-connect/08.png' with importer (TextureImporter)
Imported 'GUID: 5ad4b498a34656a2bea7360237a93ad8' -> (Import Result ID: 'd91d32df28d94f5b6ee40b6b2cbc8526') in 0.003 seconds [static and dynamic dependencies]. Details - ImportResultOutputID=56927c7769f483ebbf0f947f4f4153a4 DependenciesID=99b7298657e2b8ffd48fe1fa4063056c StaticDependenciesID=539967fd1fbaba5a8b47639aef4e25af 
Asset Pipeline Refresh (id=1e1453424918346288efbd84e05dbbc2): Total: 0.024 seconds - Initiated by StopAssetImportingV2(NoUpdateAssetOptions)
Importing 'GUID: 1f2e9449675652eb9f1cb4fc59eb1537 - Path: Assets/Resources/ReturnV2/ReadabilityArtV2/amber-slot-connect/09.png' with importer (TextureImporter)
Imported 'GUID: 1f2e9449675652eb9f1cb4fc59eb1537' -> (Import Result ID: '4fdd69ece7b6a566e183087bb136d436') in 0.002 seconds [static and dynamic dependencies]. Details - ImportResultOutputID=8ae1031d09b255c04a5e15cae46744e0 DependenciesID=2a734a54995efa25339a0cc3ce4aa591 StaticDependenciesID=7767bd2001193059c3289e46d81e8c78 
Asset Pipeline Refresh (id=e782ac9cc1c0e48ef8b0fef3ca0c165c): Total: 0.023 seconds - Initiated by StopAssetImportingV2(NoUpdateAssetOptions)
Importing 'GUID: bf717a7c148f50ef988da0e2946d68a4 - Path: Assets/Resources/ReturnV2/ReadabilityArtV2/amber-slot-connect/10.png' with importer (TextureImporter)
Imported 'GUID: bf717a7c148f50ef988da0e2946d68a4' -> (Import Result ID: 'a2cdd3fd6bfa92f16c64c5174b728aa4') in 0.003 seconds [static and dynamic dependencies]. Details - ImportResultOutputID=e5d2ca603f3ad2ff12b67a03a9948de6 DependenciesID=977a063d2fee1e5e75a25d89241af32b StaticDependenciesID=ad336fa6c9c664021b9c52a4c8584d0e 
Asset Pipeline Refresh (id=95547ce39faee407bbac795e8c4775e7): Total: 0.024 seconds - Initiated by StopAssetImportingV2(NoUpdateAssetOptions)
Importing 'GUID: 882d3aac34065445a8410ab0a3bd3734 - Path: Assets/Resources/ReturnV2/ReadabilityArtV2/amber-slot-connect/11.png' with importer (TextureImporter)
Imported 'GUID: 882d3aac34065445a8410ab0a3bd3734' -> (Import Result ID: '760f7063bdcb61aa785df125a333e93b') in 0.002 seconds [static and dynamic dependencies]. Details - ImportResultOutputID=30e3c5990ebb6fe639fd066323881f31 DependenciesID=021caed6ecfb08446664907655189ebe StaticDependenciesID=171f42495e2b07519fb95541cfef2e94 
Asset Pipeline Refresh (id=ef654dfd261a44dd19f308f905640ed7): Total: 0.023 seconds - Initiated by StopAssetImportingV2(NoUpdateAssetOptions)
Importing 'GUID: 4e39bb0ad03359568fda747fb4b30959 - Path: Assets/Resources/ReturnV2/ReadabilityArtV2/amber-slot-empty/00.png' with importer (TextureImporter)
Imported 'GUID: 4e39bb0ad03359568fda747fb4b30959' -> (Import Result ID: 'f752f9867d5008d855c07e0ff343cf0c') in 0.003 seconds [static and dynamic dependencies]. Details - ImportResultOutputID=c975a47c4000cb7396551be186552861 DependenciesID=24de71dc0195cb8662a0af20f7e82b22 StaticDependenciesID=2af7a038bcbafbae037ba56c9914e5c5 
Asset Pipeline Refresh (id=6ef65db3d78604987ade155f905c6b88): Total: 0.024 seconds - Initiated by StopAssetImportingV2(NoUpdateAssetOptions)
Importing 'GUID: a0f3d7cf7661516daf8f1a83777d5c11 - Path: Assets/Resources/ReturnV2/ReadabilityArtV2/amber-slot-filled/00.png' with importer (TextureImporter)
Imported 'GUID: a0f3d7cf7661516daf8f1a83777d5c11' -> (Import Result ID: 'e02db4aa10d67349ab31930c43a308ab') in 0.003 seconds [static and dynamic dependencies]. Details - ImportResultOutputID=59ca4e48e95bafb9191712ce2efc51b1 DependenciesID=3286859f458851cd29b60deb86d9fbb2 StaticDependenciesID=19461c89fd3c74ad83f2dfcb1b30b00b 
Asset Pipeline Refresh (id=132c7538ef223448a81d4268a9543d81): Total: 0.024 seconds - Initiated by StopAssetImportingV2(NoUpdateAssetOptions)
Importing 'GUID: f3c65ae74281526681d2be3f64ee0911 - Path: Assets/Resources/ReturnV2/ReadabilityArtV2/amber-slot-wrong/00.png' with importer (TextureImporter)
Imported 'GUID: f3c65ae74281526681d2be3f64ee0911' -> (Import Result ID: '1512df3bc37d6df001a45f4094d0a0a2') in 0.002 seconds [static and dynamic dependencies]. Details - ImportResultOutputID=016ca75c043f59d8b7a0182ea9e88fd2 DependenciesID=613f23f9927ebd132bdad39ae6319f88 StaticDependenciesID=19cb594f59aed27c8f2907c7e7a969b1 
Asset Pipeline Refresh (id=c60efc0e90e6744d88b0f773ba049395): Total: 0.024 seconds - Initiated by StopAssetImportingV2(NoUpdateAssetOptions)
Importing 'GUID: 3dbb92b2e9695051a32fc3eeab0e7148 - Path: Assets/Resources/ReturnV2/ReadabilityArtV2/battery-docked/00.png' with importer (TextureImporter)
Imported 'GUID: 3dbb92b2e9695051a32fc3eeab0e7148' -> (Import Result ID: '2de941c900384c33ac8ddd05f2f8017a') in 0.003 seconds [static and dynamic dependencies]. Details - ImportResultOutputID=04f8d09d2376f3b3a33328510de549fd DependenciesID=cffa2f90af4df46ca59f741bd3142b87 StaticDependenciesID=b6f305bb30e3e042b09391db75a681f1 
Asset Pipeline Refresh (id=0cea96cd363d048cbb5f7476e95cc8a9): Total: 0.024 seconds - Initiated by StopAssetImportingV2(NoUpdateAssetOptions)
Importing 'GUID: 36da347746f651a3b7a4ec31bc377fdf - Path: Assets/Resources/ReturnV2/ReadabilityArtV2/battery-idle/00.png' with importer (TextureImporter)
Imported 'GUID: 36da347746f651a3b7a4ec31bc377fdf' -> (Import Result ID: 'b74197a495edb6b4dd0a1162ac018fe5') in 0.003 seconds [static and dynamic dependencies]. Details - ImportResultOutputID=02c06614ac1c371da4b6fa130c062978 DependenciesID=041b3eb8ca386d095edb988722740270 StaticDependenciesID=dfe4833dd889d7a754a332de30f93329 
Asset Pipeline Refresh (id=072c53c3c9b5b497c8ce73c003120cc5): Total: 0.024 seconds - Initiated by StopAssetImportingV2(NoUpdateAssetOptions)
Importing 'GUID: 86cebd7b5289519ca4e455fceee315ec - Path: Assets/Resources/ReturnV2/ReadabilityArtV2/battery-moving/00.png' with importer (TextureImporter)
Imported 'GUID: 86cebd7b5289519ca4e455fceee315ec' -> (Import Result ID: 'eb11690cc798860807eb86aad897b751') in 0.003 seconds [static and dynamic dependencies]. Details - ImportResultOutputID=ee64e24bfd9f35fa798141c4218c70d7 DependenciesID=f3b7894d1acb579ac768e156db7a5349 StaticDependenciesID=99992b860aa740c42d5d4eef520fea72 
Asset Pipeline Refresh (id=f98f24f3f44b046e2970bf486d32f630): Total: 0.024 seconds - Initiated by StopAssetImportingV2(NoUpdateAssetOptions)
Importing 'GUID: 2e8609ca6f735cc79e7b23bb51767b95 - Path: Assets/Resources/ReturnV2/ReadabilityArtV2/battery-moving/01.png' with importer (TextureImporter)
Imported 'GUID: 2e8609ca6f735cc79e7b23bb51767b95' -> (Import Result ID: 'e2601c1ce9c11c68801af962c6283c74') in 0.002 seconds [static and dynamic dependencies]. Details - ImportResultOutputID=13e1e29584541a07f7682e2420e722af DependenciesID=a3e9e02382832cfea234b72ae61d43fd StaticDependenciesID=2e3ad410d825d2403412823f87b9949e 
Asset Pipeline Refresh (id=5a5a95f9aff1040cbade7f5493d96d27): Total: 0.023 seconds - Initiated by StopAssetImportingV2(NoUpdateAssetOptions)
Importing 'GUID: 46a7b4653b2b53fdb2e329d4cf48b4d8 - Path: Assets/Resources/ReturnV2/ReadabilityArtV2/battery-moving/02.png' with importer (TextureImporter)
Imported 'GUID: 46a7b4653b2b53fdb2e329d4cf48b4d8' -> (Import Result ID: 'f561369eef591c24c359ebc36da9e25e') in 0.002 seconds [static and dynamic dependencies]. Details - ImportResultOutputID=52a0e97053db8eba7ed7cda23895ab29 DependenciesID=ea43383d7bc91b06dba604fe28ff9263 StaticDependenciesID=907198e3e422d530439843143b0d1339 
Asset Pipeline Refresh (id=683236ab5e97249eb9d95fbc6b0347d3): Total: 0.023 seconds - Initiated by StopAssetImportingV2(NoUpdateAssetOptions)
Importing 'GUID: 3e64a6d90f6e5f45936a8953daef6612 - Path: Assets/Resources/ReturnV2/ReadabilityArtV2/battery-moving/03.png' with importer (TextureImporter)
Imported 'GUID: 3e64a6d90f6e5f45936a8953daef6612' -> (Import Result ID: 'd8a9c8982e3117971ec44da76f682bbd') in 0.003 seconds [static and dynamic dependencies]. Details - ImportResultOutputID=3e3f519fabdbb98405e031a0da955205 DependenciesID=ddd5d1e563b6b44265af46421ca7bc3a StaticDependenciesID=f598b2bf40a7c00cc9869d8580179e4f 
Asset Pipeline Refresh (id=805db315c603848749c50c879d207b0e): Total: 0.025 seconds - Initiated by StopAssetImportingV2(NoUpdateAssetOptions)
Importing 'GUID: 139310ac395055dd89c284574ed1e68c - Path: Assets/Resources/ReturnV2/ReadabilityArtV2/battery-moving/04.png' with importer (TextureImporter)
Imported 'GUID: 139310ac395055dd89c284574ed1e68c' -> (Import Result ID: 'efc3419ff57fe08b03b2211ca20b3fd7') in 0.002 seconds [static and dynamic dependencies]. Details - ImportResultOutputID=a4f38bcb90a02fe19a42d1d8e2767e77 DependenciesID=17498f2c77c4ecb96d57a38dba8983e0 StaticDependenciesID=d998bdce92d2bafe77002902d37deb4b 
Asset Pipeline Refresh (id=15593c8c8a4854334a29b6380e547c16): Total: 0.023 seconds - Initiated by StopAssetImportingV2(NoUpdateAssetOptions)
Importing 'GUID: 5f06b463f2fe547caab7c0fa60cc6d01 - Path: Assets/Resources/ReturnV2/ReadabilityArtV2/battery-moving/05.png' with importer (TextureImporter)
Imported 'GUID: 5f06b463f2fe547caab7c0fa60cc6d01' -> (Import Result ID: '62e611442ff9e126773f197f469922cc') in 0.003 seconds [static and dynamic dependencies]. Details - ImportResultOutputID=f8c00f2b3b2271c44cd68e4a27e0bc34 DependenciesID=4cd4cddadcedc21dc3e8f565a72fc85b StaticDependenciesID=c1e06d0cd1df8a6db10e0bcb7d9f1555 
Asset Pipeline Refresh (id=d9921c07f8216481fabab53707be8bc7): Total: 0.024 seconds - Initiated by StopAssetImportingV2(NoUpdateAssetOptions)
Importing 'GUID: cd3f181f6cf6545689bb7ff7e9f35319 - Path: Assets/Resources/ReturnV2/ReadabilityArtV2/battery-moving/06.png' with importer (TextureImporter)
Imported 'GUID: cd3f181f6cf6545689bb7ff7e9f35319' -> (Import Result ID: 'e5c02d39c4890fafd52065c347307091') in 0.002 seconds [static and dynamic dependencies]. Details - ImportResultOutputID=d053a85baf558d921bab99e9ece0006b DependenciesID=c93210e2586f3a05289ac64bbf0d211e StaticDependenciesID=e3517c8939f41ec5d8debac3dec7c1e3 
Asset Pipeline Refresh (id=263c1883a6c234080a493f052e3c150d): Total: 0.024 seconds - Initiated by StopAssetImportingV2(NoUpdateAssetOptions)
Importing 'GUID: c6f7b668906d5ec38c9f95478b609358 - Path: Assets/Resources/ReturnV2/ReadabilityArtV2/battery-moving/07.png' with importer (TextureImporter)
Imported 'GUID: c6f7b668906d5ec38c9f95478b609358' -> (Import Result ID: 'fe1d1b40d1119cee1e85e6e651f0ddd7') in 0.002 seconds [static and dynamic dependencies]. Details - ImportResultOutputID=026a90540c2905cc26d22b5dea13a161 DependenciesID=3e48eed4b1cc8927039443e5bb67cb4e StaticDependenciesID=5ecc926950f80ab5c2f68ad16eddf2c8 
Asset Pipeline Refresh (id=c2f9b9c1d6c4f49cbabe20b3da5d21fd): Total: 0.023 seconds - Initiated by StopAssetImportingV2(NoUpdateAssetOptions)
Importing 'GUID: 98e5524843275cbc97795e09e2aaac40 - Path: Assets/Resources/ReturnV2/ReadabilityArtV2/battery-moving/08.png' with importer (TextureImporter)
Imported 'GUID: 98e5524843275cbc97795e09e2aaac40' -> (Import Result ID: 'ac7806dee51248bc17b464d07470a55b') in 0.003 seconds [static and dynamic dependencies]. Details - ImportResultOutputID=7956b1b8aec124a7f0f9b209f2331d1c DependenciesID=1e52886ad4c866a49e84895c4f27624b StaticDependenciesID=183c6149cea1cadb0bc488c8d1751754 
Asset Pipeline Refresh (id=c3b3e34ef6e754c688885b8a7a3ae4fd): Total: 0.024 seconds - Initiated by StopAssetImportingV2(NoUpdateAssetOptions)
Importing 'GUID: 17cceaa83532586a89cdfead86975390 - Path: Assets/Resources/ReturnV2/ReadabilityArtV2/battery-moving/09.png' with importer (TextureImporter)
Imported 'GUID: 17cceaa83532586a89cdfead86975390' -> (Import Result ID: 'e19975cd193cbd62e546a45ce80cc6fe') in 0.003 seconds [static and dynamic dependencies]. Details - ImportResultOutputID=0c08949557878cc7655e6ae2d886d68f DependenciesID=c5b007fed591b97471fc7d271dba3230 StaticDependenciesID=092ce31cd60082b51da479200ec642ce 
Asset Pipeline Refresh (id=bbde3292afa104a228e426c9da1f828a): Total: 0.024 seconds - Initiated by StopAssetImportingV2(NoUpdateAssetOptions)
Importing 'GUID: 6faf38f3770e543c931ab1ab018bd772 - Path: Assets/Resources/ReturnV2/ReadabilityArtV2/battery-moving/10.png' with importer (TextureImporter)
Imported 'GUID: 6faf38f3770e543c931ab1ab018bd772' -> (Import Result ID: 'c6a0b3f63ab4f789da1481854ac0abae') in 0.002 seconds [static and dynamic dependencies]. Details - ImportResultOutputID=1e5d7852570a6f2f3a5a7c313f92dcfb DependenciesID=5a06f675e96e1282129b1639ecaadc87 StaticDependenciesID=a91e4907b0eeb0c6868a7c47fd4080b1 
Asset Pipeline Refresh (id=1810ba84349b24560b170391dc0d74ca): Total: 0.024 seconds - Initiated by StopAssetImportingV2(NoUpdateAssetOptions)
Importing 'GUID: 8110440d261d53da96d9e10b50ede45a - Path: Assets/Resources/ReturnV2/ReadabilityArtV2/battery-moving/11.png' with importer (TextureImporter)
Imported 'GUID: 8110440d261d53da96d9e10b50ede45a' -> (Import Result ID: '4902b0ff7146ab5a8a65f255d3e0322f') in 0.002 seconds [static and dynamic dependencies]. Details - ImportResultOutputID=2d28af60767a19fe2c5781d89564f471 DependenciesID=c9dbdc8a3a516a7e9e0630a49f508151 StaticDependenciesID=f68fb9d10c7a93b4ce72bedb5297d172 
Asset Pipeline Refresh (id=f1d4d6b8cd8b54a4bae9f2e51e6defcc): Total: 0.024 seconds - Initiated by StopAssetImportingV2(NoUpdateAssetOptions)
Importing 'GUID: c1438e566bef5013a85fc4b95592d054 - Path: Assets/Resources/ReturnV2/ReadabilityArtV2/cyan-slot-connect/00.png' with importer (TextureImporter)
Imported 'GUID: c1438e566bef5013a85fc4b95592d054' -> (Import Result ID: 'f054396aed3fc3c46de5c5ad5b37296b') in 0.003 seconds [static and dynamic dependencies]. Details - ImportResultOutputID=bedd94e59f859a7b5e5bcde8095fb4f5 DependenciesID=78b1d3a5650331f71a33628468bc567c StaticDependenciesID=939c3f1065eb5738bc21183e75f4dc76 
Asset Pipeline Refresh (id=1f6503818a0cb45f7843dc38aa34c34a): Total: 0.025 seconds - Initiated by StopAssetImportingV2(NoUpdateAssetOptions)
Importing 'GUID: 8fd00618c8085dfcb04c2689892a6f24 - Path: Assets/Resources/ReturnV2/ReadabilityArtV2/cyan-slot-connect/01.png' with importer (TextureImporter)
Imported 'GUID: 8fd00618c8085dfcb04c2689892a6f24' -> (Import Result ID: 'd9630daa90329b4f9a9f486a32429774') in 0.003 seconds [static and dynamic dependencies]. Details - ImportResultOutputID=10beae99ea44fcdfc036faa6854b2717 DependenciesID=f9abfc3aceb6c09e3bb2acf4d675084d StaticDependenciesID=17094decfd21f14a6a103aef6cc153ec 
Asset Pipeline Refresh (id=a05f1f2fc0f0e4767bd1f14d7f37b7f0): Total: 0.024 seconds - Initiated by StopAssetImportingV2(NoUpdateAssetOptions)
Importing 'GUID: 9d25b2e1b8af526585bc1a65af4dbc5d - Path: Assets/Resources/ReturnV2/ReadabilityArtV2/cyan-slot-connect/02.png' with importer (TextureImporter)
Imported 'GUID: 9d25b2e1b8af526585bc1a65af4dbc5d' -> (Import Result ID: 'df22864a1143610fb37c23594ac7f9f0') in 0.002 seconds [static and dynamic dependencies]. Details - ImportResultOutputID=efe9c1a5f958d6644a2a8d66001b2883 DependenciesID=a3a97fe13ab3c51a280f6036e3e267d6 StaticDependenciesID=72706ec24f4180ac184369108d901fba 
Asset Pipeline Refresh (id=28a78d2eabce64d22819a6b37588a17a): Total: 0.024 seconds - Initiated by StopAssetImportingV2(NoUpdateAssetOptions)
Importing 'GUID: 95804e6d839e5eefbd1a9edd09b29b0a - Path: Assets/Resources/ReturnV2/ReadabilityArtV2/cyan-slot-connect/03.png' with importer (TextureImporter)
Imported 'GUID: 95804e6d839e5eefbd1a9edd09b29b0a' -> (Import Result ID: 'dc2d46ec3bb82f79d34b4c77323f9299') in 0.003 seconds [static and dynamic dependencies]. Details - ImportResultOutputID=ca38b5ccbcb9e34d16ea8910307e62fb DependenciesID=69f02fff5bf04a5040e639fc49c0721a StaticDependenciesID=ea3d8634046019b99a25b16e2f1dbef5 
Asset Pipeline Refresh (id=e59e5e117de1d4814a953f32386f6f79): Total: 0.024 seconds - Initiated by StopAssetImportingV2(NoUpdateAssetOptions)
Importing 'GUID: 72b4038e0fc45f3694f12a1fc52ae262 - Path: Assets/Resources/ReturnV2/ReadabilityArtV2/cyan-slot-connect/04.png' with importer (TextureImporter)
Imported 'GUID: 72b4038e0fc45f3694f12a1fc52ae262' -> (Import Result ID: '2a4ad701680ecc831516daf218fa9d12') in 0.002 seconds [static and dynamic dependencies]. Details - ImportResultOutputID=703a2469844d14bca975e157bf9bd4cb DependenciesID=c09e3ab82eea8e05dc7f6f3e841775b0 StaticDependenciesID=3ef3108e43ed6e61ebaf9f148b439734 
Asset Pipeline Refresh (id=593c3caf50e464f0195bcabded19fa95): Total: 0.024 seconds - Initiated by StopAssetImportingV2(NoUpdateAssetOptions)
Importing 'GUID: 1e54661e157752ce87aaf060649d6a72 - Path: Assets/Resources/ReturnV2/ReadabilityArtV2/cyan-slot-connect/05.png' with importer (TextureImporter)
Imported 'GUID: 1e54661e157752ce87aaf060649d6a72' -> (Import Result ID: '4cac36364d9eb667ad269f66de62c4df') in 0.002 seconds [static and dynamic dependencies]. Details - ImportResultOutputID=04a9dcd762ac39601d66ee490df1182f DependenciesID=1003d5b395294749505e985d1bf84263 StaticDependenciesID=83e7a4d0d966c0162dfef91b485f7b96 
Asset Pipeline Refresh (id=8d07e3caf048f4631be3bb03c351fe43): Total: 0.024 seconds - Initiated by StopAssetImportingV2(NoUpdateAssetOptions)
Importing 'GUID: 7f4ea9a7a52f57478d97ebfb6967603a - Path: Assets/Resources/ReturnV2/ReadabilityArtV2/cyan-slot-connect/06.png' with importer (TextureImporter)
Imported 'GUID: 7f4ea9a7a52f57478d97ebfb6967603a' -> (Import Result ID: '58a70d42e6b0bbb61ffb30461b286bea') in 0.002 seconds [static and dynamic dependencies]. Details - ImportResultOutputID=831e76b892caddfc136cf24888fd2100 DependenciesID=33849e781b60659f3abedb453f4240e8 StaticDependenciesID=1b096c98b7e57cef010d671fa6b8eecc 
Asset Pipeline Refresh (id=ecd06996a0cf6401e939a6d2576ad9c0): Total: 0.024 seconds - Initiated by StopAssetImportingV2(NoUpdateAssetOptions)
Importing 'GUID: e461314297215f8bacd9003d80903119 - Path: Assets/Resources/ReturnV2/ReadabilityArtV2/cyan-slot-connect/07.png' with importer (TextureImporter)
Imported 'GUID: e461314297215f8bacd9003d80903119' -> (Import Result ID: 'ff846355d07707974970b5adb396a56a') in 0.002 seconds [static and dynamic dependencies]. Details - ImportResultOutputID=f7d4c09c5ff65f99d89b435af4ca29b7 DependenciesID=b5357d5bc2eb6f9f9f5d55f9a8caa728 StaticDependenciesID=498d6c0b70d56a832c9fe963c2ae1d23 
Asset Pipeline Refresh (id=407a28c56a09147c3b63b686dea49fe9): Total: 0.023 seconds - Initiated by StopAssetImportingV2(NoUpdateAssetOptions)
Importing 'GUID: 15122c28e1e85ced88f64e7ca4d3fe32 - Path: Assets/Resources/ReturnV2/ReadabilityArtV2/cyan-slot-connect/08.png' with importer (TextureImporter)
Imported 'GUID: 15122c28e1e85ced88f64e7ca4d3fe32' -> (Import Result ID: '99984e7860845b31f3560148df467dba') in 0.002 seconds [static and dynamic dependencies]. Details - ImportResultOutputID=700cf4c9026df32d19647144c716e0ba DependenciesID=16867d64b97a11d3ff0bbdcd7287a08c StaticDependenciesID=1807d944d5055591956d004b86a159bb 
Asset Pipeline Refresh (id=268b57db00f7740cb8aaaa77c96fbda3): Total: 0.024 seconds - Initiated by StopAssetImportingV2(NoUpdateAssetOptions)
Importing 'GUID: 674aa736d74959d78abc145876701452 - Path: Assets/Resources/ReturnV2/ReadabilityArtV2/cyan-slot-connect/09.png' with importer (TextureImporter)
Imported 'GUID: 674aa736d74959d78abc145876701452' -> (Import Result ID: 'b0da9edc891b8a73dbd5bed43d12d31d') in 0.002 seconds [static and dynamic dependencies]. Details - ImportResultOutputID=24ac4d0428aceb5a465476d282a253e9 DependenciesID=9ec8451347f656e4a0f119ad94395f27 StaticDependenciesID=303d563408673f81e7edaab3592fc2e2 
Asset Pipeline Refresh (id=c9db4f4b929df4a9facf9a9bb2702339): Total: 0.024 seconds - Initiated by StopAssetImportingV2(NoUpdateAssetOptions)
Importing 'GUID: 12497f387a245b3f9966b82e39572ca8 - Path: Assets/Resources/ReturnV2/ReadabilityArtV2/cyan-slot-connect/10.png' with importer (TextureImporter)
Imported 'GUID: 12497f387a245b3f9966b82e39572ca8' -> (Import Result ID: '00af03bd3489ba762f80f890cc175e1b') in 0.002 seconds [static and dynamic dependencies]. Details - ImportResultOutputID=80f01c5bc57c3781849eabe345373e35 DependenciesID=ea7bbf487c8c5949432b6ca530fcccd3 StaticDependenciesID=3c24d8c4a3dfcb1a20a8c76aa63028f6 
Asset Pipeline Refresh (id=cd2b410f071e94bd5be20b1f4fb8d96d): Total: 0.023 seconds - Initiated by StopAssetImportingV2(NoUpdateAssetOptions)
Importing 'GUID: 8a9d23d835135205b7a01395febe5b03 - Path: Assets/Resources/ReturnV2/ReadabilityArtV2/cyan-slot-connect/11.png' with importer (TextureImporter)
Imported 'GUID: 8a9d23d835135205b7a01395febe5b03' -> (Import Result ID: '40364efc3e8566e2a38454c3a08056de') in 0.002 seconds [static and dynamic dependencies]. Details - ImportResultOutputID=978e2db0a6e77d6045f895d4ed0fe835 DependenciesID=8c4e25b712661015ba163be3889149f0 StaticDependenciesID=2554f69cfb47cf1dc13ef24e8bf5baef 
Asset Pipeline Refresh (id=dfd2f3965eecc4706be2326557ebf233): Total: 0.023 seconds - Initiated by StopAssetImportingV2(NoUpdateAssetOptions)
Importing 'GUID: c6ff1d19b061550b9466205296ea080d - Path: Assets/Resources/ReturnV2/ReadabilityArtV2/cyan-slot-empty/00.png' with importer (TextureImporter)
Imported 'GUID: c6ff1d19b061550b9466205296ea080d' -> (Import Result ID: '62565442cf8bb25ffa4bb895cdab5c99') in 0.002 seconds [static and dynamic dependencies]. Details - ImportResultOutputID=e70439b766c53b026ebd1dadcf0b9482 DependenciesID=a4d8d84e51e8a3fc7de82fd3346388b0 StaticDependenciesID=d0f1a8ed14dfb9fbdcb997fc62d52b7d 
Asset Pipeline Refresh (id=ecd208b85948a4b16a00d6abfaee7f3d): Total: 0.024 seconds - Initiated by StopAssetImportingV2(NoUpdateAssetOptions)
Importing 'GUID: e52c7c75625f5b3d9096745d452597e5 - Path: Assets/Resources/ReturnV2/ReadabilityArtV2/cyan-slot-filled/00.png' with importer (TextureImporter)
Imported 'GUID: e52c7c75625f5b3d9096745d452597e5' -> (Import Result ID: '254ff4c0893ab3591003ac20f2cf569b') in 0.002 seconds [static and dynamic dependencies]. Details - ImportResultOutputID=8ea493eec8a6e80685ed14330baba11f DependenciesID=a19de2ba68fd5d175dde63acde2a7e82 StaticDependenciesID=613319bab52f47cd8a9e754991a28853 
Asset Pipeline Refresh (id=8be048fef43be4f0c843b297c9295728): Total: 0.024 seconds - Initiated by StopAssetImportingV2(NoUpdateAssetOptions)
Importing 'GUID: 81e93cacdd2d5a06ab8aafb2d8f61331 - Path: Assets/Resources/ReturnV2/ReadabilityArtV2/cyan-slot-wrong/00.png' with importer (TextureImporter)
Imported 'GUID: 81e93cacdd2d5a06ab8aafb2d8f61331' -> (Import Result ID: 'eb26da644beb03b21945f25e3c263950') in 0.003 seconds [static and dynamic dependencies]. Details - ImportResultOutputID=0b4a37c033c8598e63d451aa0a20de23 DependenciesID=f7211ade3282440912ad3396e6e0ecff StaticDependenciesID=81f42a999ae7bb83e35ef6f554dd0fc5 
Asset Pipeline Refresh (id=5084193d45e1646d886a8ad28997b12e): Total: 0.024 seconds - Initiated by StopAssetImportingV2(NoUpdateAssetOptions)
Importing 'GUID: 23c50625d36d5aa8a23ca472a65eac6e - Path: Assets/Resources/ReturnV2/ReadabilityArtV2/floor/00.png' with importer (TextureImporter)
Imported 'GUID: 23c50625d36d5aa8a23ca472a65eac6e' -> (Import Result ID: '24f2dc83d86323ab3dd7ba84067bae30') in 0.002 seconds [static and dynamic dependencies]. Details - ImportResultOutputID=d7b508da7a73f2448b52abc05671f55e DependenciesID=ae66fef0a03dc48333099f299789d32b StaticDependenciesID=a2347d65c4923f330633e9e0066eee10 
Asset Pipeline Refresh (id=872521c358ed0477fbcc22617dca4611): Total: 0.024 seconds - Initiated by StopAssetImportingV2(NoUpdateAssetOptions)
Importing 'GUID: dcf17827575d5d01a5920b5e02c97949 - Path: Assets/Resources/ReturnV2/ReadabilityArtV2/orb-docked/00.png' with importer (TextureImporter)
Imported 'GUID: dcf17827575d5d01a5920b5e02c97949' -> (Import Result ID: '5dd08fef5261b1d96c5d6f9d68b13d12') in 0.002 seconds [static and dynamic dependencies]. Details - ImportResultOutputID=42d3d65d362029e1821cbd9e40e727ae DependenciesID=86b95bf600ffbfbe8485a73614898509 StaticDependenciesID=1be82578dafa46bd16a1f36dc528b5fb 
Asset Pipeline Refresh (id=686944df095e544b2bc8ef8776961ba7): Total: 0.023 seconds - Initiated by StopAssetImportingV2(NoUpdateAssetOptions)
Importing 'GUID: 2fdbba2eb3185d92a02bd158230b0811 - Path: Assets/Resources/ReturnV2/ReadabilityArtV2/orb-idle/00.png' with importer (TextureImporter)
Imported 'GUID: 2fdbba2eb3185d92a02bd158230b0811' -> (Import Result ID: 'e02ee3bbde99b7a7eba1183ffcb019c7') in 0.003 seconds [static and dynamic dependencies]. Details - ImportResultOutputID=c1b4245b80f1134ad3ceeb0aae5dae4d DependenciesID=4b01783302aebcb9779a3e60c917e95c StaticDependenciesID=39d49c5f163adcecd336cb04bf870ed6 
Asset Pipeline Refresh (id=a6c9f19af31ef46cb9b3f877dc492a6f): Total: 0.024 seconds - Initiated by StopAssetImportingV2(NoUpdateAssetOptions)
Importing 'GUID: f236fc27c3a15ef1bfee6a3aa9a750db - Path: Assets/Resources/ReturnV2/ReadabilityArtV2/orb-moving/00.png' with importer (TextureImporter)
Imported 'GUID: f236fc27c3a15ef1bfee6a3aa9a750db' -> (Import Result ID: 'cc9b5f7aea33d0b37c3c629afc34c37b') in 0.003 seconds [static and dynamic dependencies]. Details - ImportResultOutputID=27fb6fb8afe3ef5018312739f1cd6853 DependenciesID=591dab713cd1754dedf1209913210a30 StaticDependenciesID=a1f4d76c991ad73f29140e2bfce075ed 
Asset Pipeline Refresh (id=682c72ed21b9d48a293a80de5f68119a): Total: 0.024 seconds - Initiated by StopAssetImportingV2(NoUpdateAssetOptions)
Importing 'GUID: a4c75c7fcadf596c8efeb78f36aa6e9b - Path: Assets/Resources/ReturnV2/ReadabilityArtV2/orb-moving/01.png' with importer (TextureImporter)
Imported 'GUID: a4c75c7fcadf596c8efeb78f36aa6e9b' -> (Import Result ID: 'f8249b12e78c84457b5c59f4030574f2') in 0.002 seconds [static and dynamic dependencies]. Details - ImportResultOutputID=101be8ca10def16e7c1d46a4e0d94ce4 DependenciesID=ea04b577f92906c633b67099d3d3e78b StaticDependenciesID=3be29195d2a0eda583acc86e1127b9a0 
Asset Pipeline Refresh (id=701e179b756c443d7bbb65937a184903): Total: 0.023 seconds - Initiated by StopAssetImportingV2(NoUpdateAssetOptions)
Importing 'GUID: 90f85630bd4257d4a4160a752935a5a2 - Path: Assets/Resources/ReturnV2/ReadabilityArtV2/orb-moving/02.png' with importer (TextureImporter)
Imported 'GUID: 90f85630bd4257d4a4160a752935a5a2' -> (Import Result ID: 'c1567bf79241a240146a3b7b8354870e') in 0.003 seconds [static and dynamic dependencies]. Details - ImportResultOutputID=aef504a123c43f68debaf0e690619ea5 DependenciesID=4478594e7b63941fa77b10b9c8ab4000 StaticDependenciesID=a3dbf1149cfdb5044650ea08d4ce106e 
Asset Pipeline Refresh (id=4bf753002d8ed491db97eeb5ada32a03): Total: 0.024 seconds - Initiated by StopAssetImportingV2(NoUpdateAssetOptions)
Importing 'GUID: 975328c38fbd5f0ab6ea5539f19fa920 - Path: Assets/Resources/ReturnV2/ReadabilityArtV2/orb-moving/03.png' with importer (TextureImporter)
Imported 'GUID: 975328c38fbd5f0ab6ea5539f19fa920' -> (Import Result ID: '3b102dfc96e07732a8bf96bb079e8f2e') in 0.002 seconds [static and dynamic dependencies]. Details - ImportResultOutputID=05f98209bb3f4bac30c5230e1871b1b8 DependenciesID=b98394d359428bb0ed6c7b37b12377ef StaticDependenciesID=887b310080f8855cea4ef5be67fff76a 
Asset Pipeline Refresh (id=e5431df59339c4701a02422fe60eb2dd): Total: 0.024 seconds - Initiated by StopAssetImportingV2(NoUpdateAssetOptions)
Importing 'GUID: d2730091642f5a9990318fc034d7d310 - Path: Assets/Resources/ReturnV2/ReadabilityArtV2/orb-moving/04.png' with importer (TextureImporter)
Imported 'GUID: d2730091642f5a9990318fc034d7d310' -> (Import Result ID: '7b2f4acec185ae9baf5e39ba8ff161b2') in 0.002 seconds [static and dynamic dependencies]. Details - ImportResultOutputID=fd57d4b0603b7d12d9ead3d8329c2d7e DependenciesID=52d0a8807bbf88083e7c140b017e2e66 StaticDependenciesID=85e31ac6b13bfecd326f31e956ded0c3 
Asset Pipeline Refresh (id=eb3d607002604442eb2e499437756ac3): Total: 0.024 seconds - Initiated by StopAssetImportingV2(NoUpdateAssetOptions)
Importing 'GUID: dc5eafbc9fe355ac8959583ea446d7a4 - Path: Assets/Resources/ReturnV2/ReadabilityArtV2/orb-moving/05.png' with importer (TextureImporter)
Imported 'GUID: dc5eafbc9fe355ac8959583ea446d7a4' -> (Import Result ID: '2dcb9b443acbca8399bd6b128fcd7cde') in 0.002 seconds [static and dynamic dependencies]. Details - ImportResultOutputID=f80f71c3116a18bc26d48a8d7c70051a DependenciesID=73ca6240684ce37e7b5d1166b2724f76 StaticDependenciesID=db37cff74e0f41b5b09153953e9f2a04 
Asset Pipeline Refresh (id=10e152ee9cb964d4eb35a9c3994902b2): Total: 0.024 seconds - Initiated by StopAssetImportingV2(NoUpdateAssetOptions)
Importing 'GUID: e51fb8ecd21e5ecdbf97cda1c9e5e1cb - Path: Assets/Resources/ReturnV2/ReadabilityArtV2/orb-moving/06.png' with importer (TextureImporter)
Imported 'GUID: e51fb8ecd21e5ecdbf97cda1c9e5e1cb' -> (Import Result ID: '1ef78e221f15336ea2266eff009c85b6') in 0.002 seconds [static and dynamic dependencies]. Details - ImportResultOutputID=b45b3943b525bbca274ca5a480754e29 DependenciesID=6ab4aaee5bf28e818f7cbd1f6298e501 StaticDependenciesID=ccd35dbe2480e941db0a913e3811171d 
Asset Pipeline Refresh (id=a91d5888631c84b5aadbd8f1d680c34f): Total: 0.024 seconds - Initiated by StopAssetImportingV2(NoUpdateAssetOptions)
Importing 'GUID: b0d7c76ef2f5529f8d39b5904534cb00 - Path: Assets/Resources/ReturnV2/ReadabilityArtV2/orb-moving/07.png' with importer (TextureImporter)
Imported 'GUID: b0d7c76ef2f5529f8d39b5904534cb00' -> (Import Result ID: '6af0177dc014602385249d4c21c1c078') in 0.002 seconds [static and dynamic dependencies]. Details - ImportResultOutputID=24e6db6ab68b3467e2462f37be366b44 DependenciesID=cd6903dc5dd645ca5f4c77f0a7ecefbc StaticDependenciesID=f0f1cacf64783dfe3197a71af184acf2 
Asset Pipeline Refresh (id=b5e8ef56fbc684ef8b6fe629dbddd283): Total: 0.023 seconds - Initiated by StopAssetImportingV2(NoUpdateAssetOptions)
Importing 'GUID: fc8bf687ac535732b81b948a0a269b5b - Path: Assets/Resources/ReturnV2/ReadabilityArtV2/orb-moving/08.png' with importer (TextureImporter)
Imported 'GUID: fc8bf687ac535732b81b948a0a269b5b' -> (Import Result ID: '94b3dce44f1c2d2f6b4a68f8205fc4a3') in 0.003 seconds [static and dynamic dependencies]. Details - ImportResultOutputID=8f08954394114c205478448cea12b685 DependenciesID=52e64cbd60d7d2e2a9dc060548ccb255 StaticDependenciesID=2b9f7f96bbe942513628a46becabe957 
Asset Pipeline Refresh (id=451e1085a068b45e7b8e1a22812e7c06): Total: 0.024 seconds - Initiated by StopAssetImportingV2(NoUpdateAssetOptions)
Importing 'GUID: cb2ae78488c35c7f82dc13f4f127691e - Path: Assets/Resources/ReturnV2/ReadabilityArtV2/orb-moving/09.png' with importer (TextureImporter)
Imported 'GUID: cb2ae78488c35c7f82dc13f4f127691e' -> (Import Result ID: '92c17bcf2dffaf261da90bde05364a90') in 0.002 seconds [static and dynamic dependencies]. Details - ImportResultOutputID=8a1ea0126a708598a54a8d9ce1c12eb7 DependenciesID=496b753b1f48414a8bc1cf1225355410 StaticDependenciesID=607bbf627f4461f634833c87467d37bd 
Asset Pipeline Refresh (id=eee366f075540431f8b23a2b7cf208bf): Total: 0.024 seconds - Initiated by StopAssetImportingV2(NoUpdateAssetOptions)
Importing 'GUID: f2da802a38355d8c88f428fba8654205 - Path: Assets/Resources/ReturnV2/ReadabilityArtV2/orb-moving/10.png' with importer (TextureImporter)
Imported 'GUID: f2da802a38355d8c88f428fba8654205' -> (Import Result ID: '8d3d7b1882fffebd999198591b197a1c') in 0.002 seconds [static and dynamic dependencies]. Details - ImportResultOutputID=eb021c2829cd5b4a8f1421a219f14d33 DependenciesID=32538db302b09b988f9dbf44b4c6ae08 StaticDependenciesID=85b7b4e9c4014f18228909a83f9f9f1d 
Asset Pipeline Refresh (id=30ef75fe8e72a458aa41de05f4014433): Total: 0.023 seconds - Initiated by StopAssetImportingV2(NoUpdateAssetOptions)
Importing 'GUID: 5cbc0727b505538c97930555bcff888c - Path: Assets/Resources/ReturnV2/ReadabilityArtV2/orb-moving/11.png' with importer (TextureImporter)
Imported 'GUID: 5cbc0727b505538c97930555bcff888c' -> (Import Result ID: 'b8f2306526b19b8bd4898dde08571af5') in 0.002 seconds [static and dynamic dependencies]. Details - ImportResultOutputID=82ec4fe704b56e7261bf933e2b98efb7 DependenciesID=8538d850c85d20e5e70fd9fb447f0624 StaticDependenciesID=49ad94823de72253958aef7cb2d2f4e3 
Asset Pipeline Refresh (id=412c69592379d4ec3913311c71c6865c): Total: 0.024 seconds - Initiated by StopAssetImportingV2(NoUpdateAssetOptions)
Importing 'GUID: ef077942e6715f1e9e30f512185694f3 - Path: Assets/Resources/ReturnV2/ReadabilityArtV2/orb-moving/12.png' with importer (TextureImporter)
Imported 'GUID: ef077942e6715f1e9e30f512185694f3' -> (Import Result ID: 'a4fdc367c84f4e72d8de16949fe2d4a9') in 0.002 seconds [static and dynamic dependencies]. Details - ImportResultOutputID=147c75c4380f66f58289f4654de01eb1 DependenciesID=57ff785bd576ed94dead0df36dd09fcf StaticDependenciesID=1ab967d80b17bd01fef3aeabbe44a0a8 
Asset Pipeline Refresh (id=e3b97eae7c02645bebd7dfec896ee69b): Total: 0.024 seconds - Initiated by StopAssetImportingV2(NoUpdateAssetOptions)
Importing 'GUID: 56121936f25354e7bc7089bf7e1bcd56 - Path: Assets/Resources/ReturnV2/ReadabilityArtV2/orb-moving/13.png' with importer (TextureImporter)
Imported 'GUID: 56121936f25354e7bc7089bf7e1bcd56' -> (Import Result ID: '1e15c9d137425859753f4adaff6ca1dc') in 0.002 seconds [static and dynamic dependencies]. Details - ImportResultOutputID=6562b3b40596e7efbd23add9c9637ef4 DependenciesID=6eacd6269e16b2bdc43ccd3700d30e7c StaticDependenciesID=b6adcfb3ed3fef0f801bbda4ed235d31 
Asset Pipeline Refresh (id=653166c4a2fb54b81a6a60aa8c34c9d7): Total: 0.024 seconds - Initiated by StopAssetImportingV2(NoUpdateAssetOptions)
Importing 'GUID: 16d5760bd53e55449ac75cb2e782ce8d - Path: Assets/Resources/ReturnV2/ReadabilityArtV2/wall-00/00.png' with importer (TextureImporter)
Imported 'GUID: 16d5760bd53e55449ac75cb2e782ce8d' -> (Import Result ID: 'b56b65fae9c2c6c76e0ca2cf15ad0efd') in 0.002 seconds [static and dynamic dependencies]. Details - ImportResultOutputID=2efe13843a8262a3339690286880cd1e DependenciesID=32759f385683ab1f846b03daf4f9b166 StaticDependenciesID=b92285ed37e39525b8b368bfc27251f5 
Asset Pipeline Refresh (id=b44759200ed9041ccb0eb1b93eda55e5): Total: 0.024 seconds - Initiated by StopAssetImportingV2(NoUpdateAssetOptions)
Importing 'GUID: 45dc48f6b1ba5c11969de0ea708fae93 - Path: Assets/Resources/ReturnV2/ReadabilityArtV2/wall-01/00.png' with importer (TextureImporter)
Imported 'GUID: 45dc48f6b1ba5c11969de0ea708fae93' -> (Import Result ID: '8104cc7593386ba4b4961af1375d7072') in 0.003 seconds [static and dynamic dependencies]. Details - ImportResultOutputID=067754d272ee78b5ae1f60c34ea3aa85 DependenciesID=6f7620bbfbde498e81d489b26a46d1dc StaticDependenciesID=aa1d3af2b8eae61d468177f11f5e0b56 
Asset Pipeline Refresh (id=a572cd92ec9b346a381b94f629e37aef): Total: 0.024 seconds - Initiated by StopAssetImportingV2(NoUpdateAssetOptions)
Importing 'GUID: e730c76d3299575e980f117e082e2b35 - Path: Assets/Resources/ReturnV2/ReadabilityArtV2/wall-02/00.png' with importer (TextureImporter)
Imported 'GUID: e730c76d3299575e980f117e082e2b35' -> (Import Result ID: '32dfd0fefd482c51bf0eab8d6a2ffbbd') in 0.002 seconds [static and dynamic dependencies]. Details - ImportResultOutputID=4f1485a54a5e93eb0c1e448c076d00aa DependenciesID=a6338687aede89655f87d4a1532b60e5 StaticDependenciesID=6eaf8788c37831e481cd30521736e326 
Asset Pipeline Refresh (id=618e8d0a1cdc54b0b95ffc7dfcfb04ff): Total: 0.023 seconds - Initiated by StopAssetImportingV2(NoUpdateAssetOptions)
Importing 'GUID: 20fa200be53553d5972622fd3f02f387 - Path: Assets/Resources/ReturnV2/ReadabilityArtV2/wall-03/00.png' with importer (TextureImporter)
Imported 'GUID: 20fa200be53553d5972622fd3f02f387' -> (Import Result ID: '023a98321797f0458fa6aa43e73a3ec8') in 0.002 seconds [static and dynamic dependencies]. Details - ImportResultOutputID=29ce0dd5691972904fb63250bf846178 DependenciesID=fb41ebdf00d75e850b2558352436e0c7 StaticDependenciesID=24111d4674b4f7ead8ecddca34095d1c 
Asset Pipeline Refresh (id=bac64f8997be4496f9d66afe9a3c4121): Total: 0.024 seconds - Initiated by StopAssetImportingV2(NoUpdateAssetOptions)
Importing 'GUID: 692e9007055e5c1995dbb640736a5aa0 - Path: Assets/Resources/ReturnV2/ReadabilityArtV2/wall-04/00.png' with importer (TextureImporter)
Imported 'GUID: 692e9007055e5c1995dbb640736a5aa0' -> (Import Result ID: '2a63a70712cdc00e8fe5d8a5a54d8405') in 0.002 seconds [static and dynamic dependencies]. Details - ImportResultOutputID=9caa5decb7897a67e491bc8141a7ca23 DependenciesID=43fbfe5068e9df1abec0ca4d1d8f075d StaticDependenciesID=e51e7288c76863ecc3134eb897e831cd 
Asset Pipeline Refresh (id=12bba5c1bb1ef4e4daab80e2c890a027): Total: 0.024 seconds - Initiated by StopAssetImportingV2(NoUpdateAssetOptions)
Importing 'GUID: 6433a90e1b1659aebb7e2358478468a5 - Path: Assets/Resources/ReturnV2/ReadabilityArtV2/wall-05/00.png' with importer (TextureImporter)
Imported 'GUID: 6433a90e1b1659aebb7e2358478468a5' -> (Import Result ID: 'a4671674a99b07447f2b2cee52b1eeca') in 0.002 seconds [static and dynamic dependencies]. Details - ImportResultOutputID=93ccd86c8e9077fa41529ce008bb6ae1 DependenciesID=91ffe4bb72a3cea3d173ccac2d7157a2 StaticDependenciesID=a3e38e2cf568b34e5391d43ed76307dd 
Asset Pipeline Refresh (id=e186a452efd1d4c26a3e8f5e93c2ad10): Total: 0.023 seconds - Initiated by StopAssetImportingV2(NoUpdateAssetOptions)
Importing 'GUID: 298865e66d7e562da6ba20bb9c1ffcad - Path: Assets/Resources/ReturnV2/ReadabilityArtV2/wall-06/00.png' with importer (TextureImporter)
Imported 'GUID: 298865e66d7e562da6ba20bb9c1ffcad' -> (Import Result ID: '283a82be4af94456d696d13da4d19f1d') in 0.002 seconds [static and dynamic dependencies]. Details - ImportResultOutputID=097e3d6c9c2606af5d891062d5cc91f6 DependenciesID=b98ce9e061dceb34484de2062be90188 StaticDependenciesID=5e8ad21791896d334723ef66c7d4d697 
Asset Pipeline Refresh (id=d340772a8b0724b60be11393b176b10f): Total: 0.024 seconds - Initiated by StopAssetImportingV2(NoUpdateAssetOptions)
Importing 'GUID: 5df2b788810b5d59a827eee807fa247f - Path: Assets/Resources/ReturnV2/ReadabilityArtV2/wall-07/00.png' with importer (TextureImporter)
Imported 'GUID: 5df2b788810b5d59a827eee807fa247f' -> (Import Result ID: '2007c23c9df6ad204d70a9ef476ddfc1') in 0.002 seconds [static and dynamic dependencies]. Details - ImportResultOutputID=5d23ad8e3f5bad00da930ee6a2d25c0e DependenciesID=7aee777ee868418ae1d07802a6f508cf StaticDependenciesID=9d31e54627d55f2248bd0a04896dcc76 
Asset Pipeline Refresh (id=d9e2169967dcf4870b703bed7219c2f1): Total: 0.023 seconds - Initiated by StopAssetImportingV2(NoUpdateAssetOptions)
Importing 'GUID: ea88e803405f500fa3d40fd66b9a0f20 - Path: Assets/Resources/ReturnV2/ReadabilityArtV2/wall-08/00.png' with importer (TextureImporter)
Imported 'GUID: ea88e803405f500fa3d40fd66b9a0f20' -> (Import Result ID: '0afe4434ff71055cc51945098f28535d') in 0.002 seconds [static and dynamic dependencies]. Details - ImportResultOutputID=e1ef2028369e6dc01997856f0b9db46f DependenciesID=f563f0d5224fc5196173a61c0de9d616 StaticDependenciesID=0c44917b3bdf8c8ee23d40ab4a5641a9 
Asset Pipeline Refresh (id=e6a88e86ba93544bc8bc2bdf47a4550b): Total: 0.024 seconds - Initiated by StopAssetImportingV2(NoUpdateAssetOptions)
Importing 'GUID: 930dcb3d72ef522eaa14e74ba7d904eb - Path: Assets/Resources/ReturnV2/ReadabilityArtV2/wall-09/00.png' with importer (TextureImporter)
Imported 'GUID: 930dcb3d72ef522eaa14e74ba7d904eb' -> (Import Result ID: '519218e0b5ac583546f9ecb6dbbf5b08') in 0.002 seconds [static and dynamic dependencies]. Details - ImportResultOutputID=d64d15f5106a89d68d45924cb7f677d6 DependenciesID=3079c61087323734d556aa5d87072e21 StaticDependenciesID=3135b5fe629656fbb5a9eb3beb8bc879 
Asset Pipeline Refresh (id=aefb6c1cc8e9c4bdba496e6606c7c926): Total: 0.025 seconds - Initiated by StopAssetImportingV2(NoUpdateAssetOptions)
Importing 'GUID: f1880776303e5738b6a1de37a92186bc - Path: Assets/Resources/ReturnV2/ReadabilityArtV2/wall-10/00.png' with importer (TextureImporter)
Imported 'GUID: f1880776303e5738b6a1de37a92186bc' -> (Import Result ID: '83b9f62cae7aa1efb6154e43316f4c7a') in 0.003 seconds [static and dynamic dependencies]. Details - ImportResultOutputID=4e38f2c34bd682b7cac4cecc93ac28c9 DependenciesID=5dff3cdbe382d5d414e7ec196a8570f3 StaticDependenciesID=8e579a326efd9f23f0c28be1b663944b 
Asset Pipeline Refresh (id=b7cad9b22a49a489ab4484bb061f3029): Total: 0.024 seconds - Initiated by StopAssetImportingV2(NoUpdateAssetOptions)
Importing 'GUID: dd49e812b3ee52fb9c39c783e2717dca - Path: Assets/Resources/ReturnV2/ReadabilityArtV2/wall-11/00.png' with importer (TextureImporter)
Imported 'GUID: dd49e812b3ee52fb9c39c783e2717dca' -> (Import Result ID: 'd8e4f1d7edb37de8801d5ab3d111e2ec') in 0.003 seconds [static and dynamic dependencies]. Details - ImportResultOutputID=034e0bb9f5a5fb8ed0a3dda01f8811ff DependenciesID=d8d1e3710e40167f416775724d9662e4 StaticDependenciesID=5e3bc4405c704f8ff17d26e843057f9b 
Asset Pipeline Refresh (id=689d8908c88ee42c68c05f6c1f264919): Total: 0.025 seconds - Initiated by StopAssetImportingV2(NoUpdateAssetOptions)
Importing 'GUID: 75a773e375d75c4c9737bcfdfbf0fdc9 - Path: Assets/Resources/ReturnV2/ReadabilityArtV2/wall-12/00.png' with importer (TextureImporter)
Imported 'GUID: 75a773e375d75c4c9737bcfdfbf0fdc9' -> (Import Result ID: '5be5050244046123b5b09011d7e9a594') in 0.002 seconds [static and dynamic dependencies]. Details - ImportResultOutputID=fd544e5440cdc2c4af165c18dfe56e5d DependenciesID=2701e09b989ed3496113be030f020f26 StaticDependenciesID=ab5fd5a22405527ca94bf7bd63e4e4e9 
Asset Pipeline Refresh (id=a39de3b1c50a3413694284d84b1732b5): Total: 0.024 seconds - Initiated by StopAssetImportingV2(NoUpdateAssetOptions)
Importing 'GUID: ce624abb92145745855f3a676dbed8e7 - Path: Assets/Resources/ReturnV2/ReadabilityArtV2/wall-13/00.png' with importer (TextureImporter)
Imported 'GUID: ce624abb92145745855f3a676dbed8e7' -> (Import Result ID: 'e35862893c0be2498fb6e26f694d2279') in 0.002 seconds [static and dynamic dependencies]. Details - ImportResultOutputID=066e5aed4d71cec50d2f0e839a424a3b DependenciesID=cc34d1cb9a2779c3b19c4e89154b5ed2 StaticDependenciesID=828848762081345b4fdb27ed63f9f1e8 
Asset Pipeline Refresh (id=9d77301e3001f4d34bc2fda7cb352f39): Total: 0.024 seconds - Initiated by StopAssetImportingV2(NoUpdateAssetOptions)
Importing 'GUID: ef756f7f1a2757de9d74aef519efc9f5 - Path: Assets/Resources/ReturnV2/ReadabilityArtV2/wall-14/00.png' with importer (TextureImporter)
Imported 'GUID: ef756f7f1a2757de9d74aef519efc9f5' -> (Import Result ID: 'efd865256e5501c7168a75610631226a') in 0.002 seconds [static and dynamic dependencies]. Details - ImportResultOutputID=1321dfbd7eae98e3656f233e7daa262d DependenciesID=bbbb0e917ec912bf084807df0efb2745 StaticDependenciesID=7614b51c35fa46351e659920c0c7532e 
Asset Pipeline Refresh (id=1eb0feba3c69c40eca4bb0fcff93afb4): Total: 0.025 seconds - Initiated by StopAssetImportingV2(NoUpdateAssetOptions)
Importing 'GUID: 31400f32b5ac5b169a8802d625197007 - Path: Assets/Resources/ReturnV2/ReadabilityArtV2/wall-15/00.png' with importer (TextureImporter)
Imported 'GUID: 31400f32b5ac5b169a8802d625197007' -> (Import Result ID: '89f7976a882dc68501bf33cbf84428c3') in 0.002 seconds [static and dynamic dependencies]. Details - ImportResultOutputID=1eac2855232fea01c94620bc3b57fb07 DependenciesID=974fa73be37514c974d17cd63b18bcbb StaticDependenciesID=a7ed7fe1e95d291620d27929cd8bd4ec 
Asset Pipeline Refresh (id=2654a2f8016ad47ddb0c470066a70cf2): Total: 0.025 seconds - Initiated by StopAssetImportingV2(NoUpdateAssetOptions)
Importing 'GUID: 7c5681d05891a7c46ab75b1f620da55f - Path: Assets/Resources/ReturnV2/StateArt/amber-slot-connect/00.png' with importer (TextureImporter)
Imported 'GUID: 7c5681d05891a7c46ab75b1f620da55f' -> (Import Result ID: '05697d00af4d7fa3215967ef2f36c58c') in 0.003 seconds [static and dynamic dependencies]. Details - ImportResultOutputID=9d8e52cc014fafc61fb0675f0007a5b4 DependenciesID=ff13595800fa2240da560db271f8a759 StaticDependenciesID=0f492cbc57a38f0ed3d9ae9afcd626da 
Asset Pipeline Refresh (id=ce3e9bea74fe64ee0a8e71f8443ff0e6): Total: 0.027 seconds - Initiated by StopAssetImportingV2(NoUpdateAssetOptions)
Importing 'GUID: 3c549896dec50e14d9691836077f93f2 - Path: Assets/Resources/ReturnV2/StateArt/amber-slot-connect/01.png' with importer (TextureImporter)
Imported 'GUID: 3c549896dec50e14d9691836077f93f2' -> (Import Result ID: 'ca0184901356292e4fee840813a82e31') in 0.003 seconds [static and dynamic dependencies]. Details - ImportResultOutputID=dac222740f4ad28eecaba5cf20bda80c DependenciesID=1a03efcd12ff05820deb4d41c9531605 StaticDependenciesID=6c1c96c40d0876f368c9a87cf0f8d8d4 
Asset Pipeline Refresh (id=e6da022e05fc04395b02d56f242c6118): Total: 0.026 seconds - Initiated by StopAssetImportingV2(NoUpdateAssetOptions)
Importing 'GUID: d13dcf9819068ad4e86de8c10187878b - Path: Assets/Resources/ReturnV2/StateArt/amber-slot-connect/02.png' with importer (TextureImporter)
Imported 'GUID: d13dcf9819068ad4e86de8c10187878b' -> (Import Result ID: 'bda476f6746fd487856d9048a9bcdf55') in 0.002 seconds [static and dynamic dependencies]. Details - ImportResultOutputID=d47ddab9a591b50af9550128bbc4beab DependenciesID=c4f9f54df679c5e1d0c1692e7a872440 StaticDependenciesID=377022512be8de49ae2e4cf81d12e36a 
Asset Pipeline Refresh (id=45bc3d37e6a014246a6adf54c19a6d61): Total: 0.025 seconds - Initiated by StopAssetImportingV2(NoUpdateAssetOptions)
Importing 'GUID: 5c04f96b3688f1d4597781a44c4804ef - Path: Assets/Resources/ReturnV2/StateArt/amber-slot-connect/03.png' with importer (TextureImporter)
Imported 'GUID: 5c04f96b3688f1d4597781a44c4804ef' -> (Import Result ID: '7730a374c80fd092f8b755109274705b') in 0.003 seconds [static and dynamic dependencies]. Details - ImportResultOutputID=f8761335f056c0f0943cc2a07695cae5 DependenciesID=2d1cabc444d8d211e186a2933c79fe0b StaticDependenciesID=76f20ede09a6e8fe0d804a5c3f10d53d 
Asset Pipeline Refresh (id=de99f9da4eeb44fd2b0d85b9b0d4a4c8): Total: 0.025 seconds - Initiated by StopAssetImportingV2(NoUpdateAssetOptions)
Importing 'GUID: 451bdd373b335b644bafc4bec678e830 - Path: Assets/Resources/ReturnV2/StateArt/amber-slot-connect/04.png' with importer (TextureImporter)
Imported 'GUID: 451bdd373b335b644bafc4bec678e830' -> (Import Result ID: 'bcca7b8951b15eb5b4d40737fc666868') in 0.003 seconds [static and dynamic dependencies]. Details - ImportResultOutputID=3e6cffde439984d4255389431246b3f8 DependenciesID=7f3e8fb9e284ba10df6944add7c6db52 StaticDependenciesID=c91a40b14153f850c643b89c2acdb1e7 
Asset Pipeline Refresh (id=a1da0e6db95e9466191cdd4f670dd0b3): Total: 0.025 seconds - Initiated by StopAssetImportingV2(NoUpdateAssetOptions)
Importing 'GUID: 9960e561bec0de94a9c764b684262a64 - Path: Assets/Resources/ReturnV2/StateArt/amber-slot-connect/05.png' with importer (TextureImporter)
Imported 'GUID: 9960e561bec0de94a9c764b684262a64' -> (Import Result ID: '53746f7c10e796b5c924084e370f71ed') in 0.003 seconds [static and dynamic dependencies]. Details - ImportResultOutputID=6552aca5541d193b9ecd328a2237940f DependenciesID=2c03b855c0e5fd03af00ae30005fc2fa StaticDependenciesID=72e7a8a072268e4b7da6b5b3eaf3519d 
Asset Pipeline Refresh (id=46810f325d8d24f298b1b632b5cb1aec): Total: 0.024 seconds - Initiated by StopAssetImportingV2(NoUpdateAssetOptions)
Importing 'GUID: 33d14f3f7d93ba948a7cb9b2f6a4b7f3 - Path: Assets/Resources/ReturnV2/StateArt/amber-slot-connect/06.png' with importer (TextureImporter)
Imported 'GUID: 33d14f3f7d93ba948a7cb9b2f6a4b7f3' -> (Import Result ID: 'e63095c8148b919251dbad9af96f0d2c') in 0.003 seconds [static and dynamic dependencies]. Details - ImportResultOutputID=037b3fa21fe9795e2bdf098c3d612286 DependenciesID=6351425ef2fca57f3c51d8a6d305a2cb StaticDependenciesID=fa8248bae8742e3a128f6e6ed52e386a 
Asset Pipeline Refresh (id=aa7004436b4e048daad1c5e939c91c82): Total: 0.025 seconds - Initiated by StopAssetImportingV2(NoUpdateAssetOptions)
Importing 'GUID: ec5e145bac0eb8c429670d303f955722 - Path: Assets/Resources/ReturnV2/StateArt/amber-slot-connect/07.png' with importer (TextureImporter)
Imported 'GUID: ec5e145bac0eb8c429670d303f955722' -> (Import Result ID: 'cd6d9b2c58c8e25d81bee67e75ddba95') in 0.002 seconds [static and dynamic dependencies]. Details - ImportResultOutputID=7ad300659559a8f1c977eb8bbb4c6a2b DependenciesID=91d22a220620b7d3c0375fe5e8a36ed3 StaticDependenciesID=d6581eaedca0c9de0370f21c530c0934 
Asset Pipeline Refresh (id=4bddb1d86e6724fb8835583ce567effc): Total: 0.024 seconds - Initiated by StopAssetImportingV2(NoUpdateAssetOptions)
Importing 'GUID: 8a4709c2f692abd45bc959f1136affdd - Path: Assets/Resources/ReturnV2/StateArt/amber-slot-connect/08.png' with importer (TextureImporter)
Imported 'GUID: 8a4709c2f692abd45bc959f1136affdd' -> (Import Result ID: '8c4487d88eed80385a6d4573c3992532') in 0.003 seconds [static and dynamic dependencies]. Details - ImportResultOutputID=944458c1538235ddb119cce914d4e51e DependenciesID=588338d94326330629ff94ba2eef72a8 StaticDependenciesID=8ca6620bdb8b0548d7ea0d7cbdcf6751 
Asset Pipeline Refresh (id=2de56b62d8c334933b8f9f666f9c7762): Total: 0.024 seconds - Initiated by StopAssetImportingV2(NoUpdateAssetOptions)
Importing 'GUID: 4183882af7f93ca4f98fc32f35538d2a - Path: Assets/Resources/ReturnV2/StateArt/amber-slot-connect/09.png' with importer (TextureImporter)
Imported 'GUID: 4183882af7f93ca4f98fc32f35538d2a' -> (Import Result ID: 'c9f3be586764ef59f8bc3f6d81b38001') in 0.003 seconds [static and dynamic dependencies]. Details - ImportResultOutputID=a06b575f657ce4dd978a127d350c4e25 DependenciesID=e4ac41cde6115646b110b6e3edaa3b62 StaticDependenciesID=d38e3c0bbeaca2fc46dae92835c75c78 
Asset Pipeline Refresh (id=5529a11907c2446bf94c4b7314289c7b): Total: 0.024 seconds - Initiated by StopAssetImportingV2(NoUpdateAssetOptions)
Importing 'GUID: f13b610178c93b74cb5f594409f1bdba - Path: Assets/Resources/ReturnV2/StateArt/amber-slot-connect/10.png' with importer (TextureImporter)
Imported 'GUID: f13b610178c93b74cb5f594409f1bdba' -> (Import Result ID: '27ae0969818fb77325a7327a1e3757df') in 0.002 seconds [static and dynamic dependencies]. Details - ImportResultOutputID=8449d97d62c9bc2dbf68a34846d68d76 DependenciesID=1dc9e7facfae5c6920ef9f498be17dbf StaticDependenciesID=c2cc5936df5dc02a84e738d5b14e88b8 
Asset Pipeline Refresh (id=387981804c01e4ee4add9ebd5338458c): Total: 0.024 seconds - Initiated by StopAssetImportingV2(NoUpdateAssetOptions)
Importing 'GUID: e27c254378b39bd469302722adab2775 - Path: Assets/Resources/ReturnV2/StateArt/amber-slot-connect/11.png' with importer (TextureImporter)
Imported 'GUID: e27c254378b39bd469302722adab2775' -> (Import Result ID: 'a9e6bec5f06d6ff9d426b9f786ea2452') in 0.003 seconds [static and dynamic dependencies]. Details - ImportResultOutputID=a72ea54248d3bb341977b0dfd2fee1af DependenciesID=1905ccb3302a1be955cd6c35bbd6dcea StaticDependenciesID=25fd4fdc63d7f4897c4e690fa0384ac9 
Asset Pipeline Refresh (id=73ec2880e927049a0b6369ab54aa8939): Total: 0.024 seconds - Initiated by StopAssetImportingV2(NoUpdateAssetOptions)
Importing 'GUID: 40d92a588ae14ca4a894f479f974a919 - Path: Assets/Resources/ReturnV2/StateArt/amber-slot-empty/00.png' with importer (TextureImporter)
Imported 'GUID: 40d92a588ae14ca4a894f479f974a919' -> (Import Result ID: '785064672416d811c77fdbf49846289e') in 0.003 seconds [static and dynamic dependencies]. Details - ImportResultOutputID=e2bf6893b9e35879ed192339dcf869c6 DependenciesID=099b6ae85b9503286b0babd13f3e592b StaticDependenciesID=ee06546f3756e4c76180ee60462584ca 
Asset Pipeline Refresh (id=6748f34f53ebe42f1bab4a7e525ad299): Total: 0.025 seconds - Initiated by StopAssetImportingV2(NoUpdateAssetOptions)
Importing 'GUID: 0c058ff43ef68f24ebc90bae10533f1e - Path: Assets/Resources/ReturnV2/StateArt/amber-slot-filled/00.png' with importer (TextureImporter)
Imported 'GUID: 0c058ff43ef68f24ebc90bae10533f1e' -> (Import Result ID: 'bcb32a25c95cd5d4684e03dce9296ecf') in 0.002 seconds [static and dynamic dependencies]. Details - ImportResultOutputID=851a73dd34d81fef7232bd71699387d2 DependenciesID=1f4f8010db45784319123507a4133387 StaticDependenciesID=5dcd684862658dae100f0cb7cfea54d3 
Asset Pipeline Refresh (id=d904c266753c24e5e95c13903f57baf6): Total: 0.024 seconds - Initiated by StopAssetImportingV2(NoUpdateAssetOptions)
Importing 'GUID: 148916e2713ce2a49bae600559b5f3fc - Path: Assets/Resources/ReturnV2/StateArt/amber-slot-wrong/00.png' with importer (TextureImporter)
Imported 'GUID: 148916e2713ce2a49bae600559b5f3fc' -> (Import Result ID: '63c8f67273068d6fd7edc70ae5958d17') in 0.003 seconds [static and dynamic dependencies]. Details - ImportResultOutputID=8eb1a0a2cafef1f7accec9eb0d4fa266 DependenciesID=e6072aa643514e89b6b0aea903d2badb StaticDependenciesID=a3270350e34145f4869102b48c30c6e9 
Asset Pipeline Refresh (id=388016cdd09f3436ca754b309d19c1b4): Total: 0.025 seconds - Initiated by StopAssetImportingV2(NoUpdateAssetOptions)
Importing 'GUID: b7518ac7d5dbd22449991c7d4e5bc5ca - Path: Assets/Resources/ReturnV2/StateArt/arena-dark/00.png' with importer (TextureImporter)
Imported 'GUID: b7518ac7d5dbd22449991c7d4e5bc5ca' -> (Import Result ID: 'cfcd0196b3568723ef1ea5d1a4b0c645') in 0.012 seconds [static and dynamic dependencies]. Details - ImportResultOutputID=c2be1d490de8c9d2a778b07c6143a96f DependenciesID=8b354df342e4d5dc7d99281e1d78eea8 StaticDependenciesID=259dd8feda4e0f0cd73c01ee41cc16fe 
Asset Pipeline Refresh (id=4a7cb4758570f41d5bbb5cd71e86950a): Total: 0.033 seconds - Initiated by StopAssetImportingV2(NoUpdateAssetOptions)
Importing 'GUID: fb06fa2ef87a2c146a90e48ea26b786c - Path: Assets/Resources/ReturnV2/StateArt/arena-restored/00.png' with importer (TextureImporter)
Imported 'GUID: fb06fa2ef87a2c146a90e48ea26b786c' -> (Import Result ID: '46fa6956b0bc4ec73f284ff334370726') in 0.012 seconds [static and dynamic dependencies]. Details - ImportResultOutputID=66c560c460fabb211656f0f053537e33 DependenciesID=df9c9fafa21cd2913daa12a6f864fdd7 StaticDependenciesID=15d8dbbc68d10a5dcf3349cc821a2a61 
Asset Pipeline Refresh (id=d65cd4a30f33242feaa9ce75bf13db5a): Total: 0.034 seconds - Initiated by StopAssetImportingV2(NoUpdateAssetOptions)
Importing 'GUID: e41e80b16c48707469b53a507353c92d - Path: Assets/Resources/ReturnV2/StateArt/battery-docked/00.png' with importer (TextureImporter)
Imported 'GUID: e41e80b16c48707469b53a507353c92d' -> (Import Result ID: '4beb81291164a122fdb8b796b0ba1b34') in 0.003 seconds [static and dynamic dependencies]. Details - ImportResultOutputID=2ea635a9bbc09417b66863ef21d3fd73 DependenciesID=3163ab53cad93b67f18c6d1d186c04ee StaticDependenciesID=04078ed8e2148768cb9359d706e216d7 
Asset Pipeline Refresh (id=76b39ae9a539f410999caac4d28fb320): Total: 0.024 seconds - Initiated by StopAssetImportingV2(NoUpdateAssetOptions)
Importing 'GUID: 5838358c59749754e9b481abb501f58c - Path: Assets/Resources/ReturnV2/StateArt/battery-idle/00.png' with importer (TextureImporter)
Imported 'GUID: 5838358c59749754e9b481abb501f58c' -> (Import Result ID: '02eb0e95f0ad83b0ee3ad9a5112fcd2f') in 0.002 seconds [static and dynamic dependencies]. Details - ImportResultOutputID=872cf665faefad2c123a6fb6fe482857 DependenciesID=c279bc4fe63cf8e6599e3f24d9ac5627 StaticDependenciesID=ebf473d7e0418c528174f4656d610b3c 
Asset Pipeline Refresh (id=0abbfe45c578848c7a5c59103777e88e): Total: 0.024 seconds - Initiated by StopAssetImportingV2(NoUpdateAssetOptions)
Importing 'GUID: e9fc321069c1b7e47a33a22420fbf762 - Path: Assets/Resources/ReturnV2/StateArt/battery-moving/00.png' with importer (TextureImporter)
Imported 'GUID: e9fc321069c1b7e47a33a22420fbf762' -> (Import Result ID: '8c8ba335fab8c82a15a8c460eb8dd2fd') in 0.002 seconds [static and dynamic dependencies]. Details - ImportResultOutputID=3d655a3fc54281e5ae34abf16025199b DependenciesID=e405d2d05b878f0a9d35bd3b1ae30483 StaticDependenciesID=75711f7b591b109c3addb9e461c8fef7 
Asset Pipeline Refresh (id=e98c45e2ffb50401d84f18cb2b2c93fe): Total: 0.024 seconds - Initiated by StopAssetImportingV2(NoUpdateAssetOptions)
Importing 'GUID: 680fac75a1e3067478ce6c3ceba4f25d - Path: Assets/Resources/ReturnV2/StateArt/battery-moving/01.png' with importer (TextureImporter)
Imported 'GUID: 680fac75a1e3067478ce6c3ceba4f25d' -> (Import Result ID: '81ea77093f68c588f9f39849f8e5888a') in 0.002 seconds [static and dynamic dependencies]. Details - ImportResultOutputID=cbe06dd68aa9f0fdf3e6cd2148d9c87b DependenciesID=b1f01c31018d9b04079ab1286a6f4f4f StaticDependenciesID=347acec400793c511f867e152b8387c3 
Asset Pipeline Refresh (id=8e54e4eefabe6420caf34456e8e6d265): Total: 0.024 seconds - Initiated by StopAssetImportingV2(NoUpdateAssetOptions)
Importing 'GUID: 3047d04d7a0ffbe4d80970adf88ebdf6 - Path: Assets/Resources/ReturnV2/StateArt/battery-moving/02.png' with importer (TextureImporter)
Imported 'GUID: 3047d04d7a0ffbe4d80970adf88ebdf6' -> (Import Result ID: '993bd914c2aed19b20e0e6c64c3bb69b') in 0.002 seconds [static and dynamic dependencies]. Details - ImportResultOutputID=1f7eca56a41bcd6ea6e09b32a0ba2d6d DependenciesID=54bbd506b6dde6e7792fa066346cebd4 StaticDependenciesID=2298f85447a59bf9fe6a8aee984dd0a5 
Asset Pipeline Refresh (id=89daf1523d1df4f61bb4c07d44b61237): Total: 0.024 seconds - Initiated by StopAssetImportingV2(NoUpdateAssetOptions)
Importing 'GUID: 30f5085312fe86d4a9b1e1075880f366 - Path: Assets/Resources/ReturnV2/StateArt/battery-moving/03.png' with importer (TextureImporter)
Imported 'GUID: 30f5085312fe86d4a9b1e1075880f366' -> (Import Result ID: '9ccf990659330052518ad723f5ff0dee') in 0.002 seconds [static and dynamic dependencies]. Details - ImportResultOutputID=05e89c101fe23b4348e6ac2263897680 DependenciesID=b7288095cdf099ed99b436e07ee4e72c StaticDependenciesID=d2c8e0132d9f6ca96f5dba442029c79b 
Asset Pipeline Refresh (id=0aebced2ded7545d3b14d6e9ec70f908): Total: 0.024 seconds - Initiated by StopAssetImportingV2(NoUpdateAssetOptions)
Importing 'GUID: 638301c2f9bd338429792ef8297bfb3f - Path: Assets/Resources/ReturnV2/StateArt/battery-moving/04.png' with importer (TextureImporter)
Imported 'GUID: 638301c2f9bd338429792ef8297bfb3f' -> (Import Result ID: 'eaf695cac6fc6ed15e2e26ea5959fe30') in 0.002 seconds [static and dynamic dependencies]. Details - ImportResultOutputID=074029474ddc61ea7a7eef66c455ce8e DependenciesID=db964bf9dc0c98a943cf3cb8925f1cc8 StaticDependenciesID=6ad95888d38ef10c21cb6d153887a9ec 
Asset Pipeline Refresh (id=cdd96475bcd9d427c9ba57075c588784): Total: 0.024 seconds - Initiated by StopAssetImportingV2(NoUpdateAssetOptions)
Importing 'GUID: adae6694ee19de343b30b76ffae8b8f0 - Path: Assets/Resources/ReturnV2/StateArt/battery-moving/05.png' with importer (TextureImporter)
Imported 'GUID: adae6694ee19de343b30b76ffae8b8f0' -> (Import Result ID: '8ccd8d03c1997327719fc7a8d65a4e22') in 0.003 seconds [static and dynamic dependencies]. Details - ImportResultOutputID=2752e4a6bb3aecbc7e9ae05998b2593d DependenciesID=ece36ba6bb63b16a64b3138622b24909 StaticDependenciesID=9f443448da1932379948ee0c2d5ddc56 
Asset Pipeline Refresh (id=25e6d96c5b7c04a81a35a8b03ba3299e): Total: 0.025 seconds - Initiated by StopAssetImportingV2(NoUpdateAssetOptions)
Importing 'GUID: 70db7046dea9fe34bb7b00a15233394a - Path: Assets/Resources/ReturnV2/StateArt/battery-moving/06.png' with importer (TextureImporter)
Imported 'GUID: 70db7046dea9fe34bb7b00a15233394a' -> (Import Result ID: '6d17873b588c180ca4c3590043286e5a') in 0.003 seconds [static and dynamic dependencies]. Details - ImportResultOutputID=faf4c113aaaebd8b94d0e424edd2ca1e DependenciesID=b2ff8cb8f156b51fba1dcc7ab6e2708c StaticDependenciesID=9d18f3b4baa817acb1fc1dcf50a6701e 
Asset Pipeline Refresh (id=8d3609ff3a2ea49059fcf168bc2f8942): Total: 0.024 seconds - Initiated by StopAssetImportingV2(NoUpdateAssetOptions)
Importing 'GUID: f1e27b9258836ab4f94de266386bf4a0 - Path: Assets/Resources/ReturnV2/StateArt/battery-moving/07.png' with importer (TextureImporter)
Imported 'GUID: f1e27b9258836ab4f94de266386bf4a0' -> (Import Result ID: '471ae1ca535b12f09cbd71ab4b9e5b8e') in 0.003 seconds [static and dynamic dependencies]. Details - ImportResultOutputID=6b4b7c2081fde68e1af3983bcd26020b DependenciesID=f4b030538a65059c41fc28c8856ca5a9 StaticDependenciesID=61bba34c276e97d3f45846f46f9515db 
Asset Pipeline Refresh (id=52f9edc5b7562402fb0c4b2ec33f649e): Total: 0.025 seconds - Initiated by StopAssetImportingV2(NoUpdateAssetOptions)
Importing 'GUID: d8153ab033a1a4f479556f3021d12eaa - Path: Assets/Resources/ReturnV2/StateArt/battery-moving/08.png' with importer (TextureImporter)
Imported 'GUID: d8153ab033a1a4f479556f3021d12eaa' -> (Import Result ID: 'b0829a223f4375ad3878ad07ae64ee5d') in 0.003 seconds [static and dynamic dependencies]. Details - ImportResultOutputID=51a1123560119d8d43c9c929576a8218 DependenciesID=343330d78f88077b815ab21e480e1750 StaticDependenciesID=1c2879dcc670e684ce2b6f82f3be4bd5 
Asset Pipeline Refresh (id=25f9ea34770dd46dcad94094fbba6081): Total: 0.024 seconds - Initiated by StopAssetImportingV2(NoUpdateAssetOptions)
Importing 'GUID: 32b161df0047ce742b6a58fdf9341e7e - Path: Assets/Resources/ReturnV2/StateArt/battery-moving/09.png' with importer (TextureImporter)
Imported 'GUID: 32b161df0047ce742b6a58fdf9341e7e' -> (Import Result ID: '3982354aeae09e054d3c94fc67d1682f') in 0.003 seconds [static and dynamic dependencies]. Details - ImportResultOutputID=7c2c0947bd1f3aadf983235c92e86dfb DependenciesID=907e6ca6020e3adfe4ee25add256f450 StaticDependenciesID=e77ed4df7d7bc44f23cb7a18dc9f5a8d 
Asset Pipeline Refresh (id=36ac8e69dd21c4f44b4f10d2d4d6e2cc): Total: 0.024 seconds - Initiated by StopAssetImportingV2(NoUpdateAssetOptions)
Importing 'GUID: 7d3b73e07624afb4b914619b52d74c9a - Path: Assets/Resources/ReturnV2/StateArt/battery-moving/10.png' with importer (TextureImporter)
Imported 'GUID: 7d3b73e07624afb4b914619b52d74c9a' -> (Import Result ID: 'd5220070007684a058323a08b1180dd1') in 0.003 seconds [static and dynamic dependencies]. Details - ImportResultOutputID=6f0f7dec78a36ac33216590d597265e7 DependenciesID=2832835dee3dbfbbf5b23ce9255ff3ce StaticDependenciesID=4ce1a9e49fcf348166e111fe17c7ec2a 
Asset Pipeline Refresh (id=7305f4d0c512c4a999c1994e6c1cb7d4): Total: 0.025 seconds - Initiated by StopAssetImportingV2(NoUpdateAssetOptions)
Importing 'GUID: 1a82bbcbf37a9d1409b0e733ecc86228 - Path: Assets/Resources/ReturnV2/StateArt/battery-moving/11.png' with importer (TextureImporter)
Imported 'GUID: 1a82bbcbf37a9d1409b0e733ecc86228' -> (Import Result ID: '155b91679b87cd5727dd3e54919bcd13') in 0.003 seconds [static and dynamic dependencies]. Details - ImportResultOutputID=af2b5979aaca68ef6f059fce28dc8a06 DependenciesID=77456ed28e1c47489140d80b2ce96527 StaticDependenciesID=bc76a07d0f490aadbff1d56728a410fa 
Asset Pipeline Refresh (id=201c2573861424be48cc658212da54c8): Total: 0.025 seconds - Initiated by StopAssetImportingV2(NoUpdateAssetOptions)
Importing 'GUID: a35846aca29cc8944bcc0319ced1286d - Path: Assets/Resources/ReturnV2/StateArt/core-exposed/00.png' with importer (TextureImporter)
Imported 'GUID: a35846aca29cc8944bcc0319ced1286d' -> (Import Result ID: 'cbf7f69f3874318c287e896c29ba332b') in 0.002 seconds [static and dynamic dependencies]. Details - ImportResultOutputID=aaf91e4e30f8300e6e7d6477f5812422 DependenciesID=b8214122ac78c6bdc889c93d2237218c StaticDependenciesID=d063dfdabb451c99b0327a50cb307925 
Asset Pipeline Refresh (id=fb2c7cf7238994e40baa55896e63f361): Total: 0.025 seconds - Initiated by StopAssetImportingV2(NoUpdateAssetOptions)
Importing 'GUID: d11a92d468c7186449b4a354f451fe62 - Path: Assets/Resources/ReturnV2/StateArt/core-hit/00.png' with importer (TextureImporter)
Imported 'GUID: d11a92d468c7186449b4a354f451fe62' -> (Import Result ID: '68eaafd6426382b7a873b33910d26cce') in 0.003 seconds [static and dynamic dependencies]. Details - ImportResultOutputID=d1bce2f503c66fde577b1e0959c31dc8 DependenciesID=ce3bf88237e8e8d7436d7bbc0e29170b StaticDependenciesID=1aeaa03b1fe7a27c672981d3e0734a6f 
Asset Pipeline Refresh (id=6f4756e24a63c4efa94ca3f82e46ccfc): Total: 0.024 seconds - Initiated by StopAssetImportingV2(NoUpdateAssetOptions)
Importing 'GUID: 802cf5f90b73b60418364cd19150e485 - Path: Assets/Resources/ReturnV2/StateArt/core-hit/01.png' with importer (TextureImporter)
Imported 'GUID: 802cf5f90b73b60418364cd19150e485' -> (Import Result ID: 'b25d7af73d9f3dba85436811e66ab4c7') in 0.002 seconds [static and dynamic dependencies]. Details - ImportResultOutputID=ced64e358dd9966681957eab3494318c DependenciesID=5b76a005dd82c510a677cc3f4f5e16a6 StaticDependenciesID=3310e762f5132eeed01d98a7ecd736b0 
Asset Pipeline Refresh (id=59e8d41a7416548a5aa37e39a6ccd226): Total: 0.024 seconds - Initiated by StopAssetImportingV2(NoUpdateAssetOptions)
Importing 'GUID: 9089ad48f7f345c489c3a0d02115d217 - Path: Assets/Resources/ReturnV2/StateArt/core-hit/02.png' with importer (TextureImporter)
Imported 'GUID: 9089ad48f7f345c489c3a0d02115d217' -> (Import Result ID: '5b6675ca78da6c7efc5ad7e6079e1044') in 0.002 seconds [static and dynamic dependencies]. Details - ImportResultOutputID=2f316913838438c7cf90484798e51ce5 DependenciesID=58375522e70dfffb45bbe14d797d94cf StaticDependenciesID=2fe27b3d3205e79498523d64a589351e 
Asset Pipeline Refresh (id=da5bbf822f85f41b6b238d18003555d1): Total: 0.024 seconds - Initiated by StopAssetImportingV2(NoUpdateAssetOptions)
Importing 'GUID: 569dc26e54bb65a4dadd2452b998a6cd - Path: Assets/Resources/ReturnV2/StateArt/core-hit/03.png' with importer (TextureImporter)
Imported 'GUID: 569dc26e54bb65a4dadd2452b998a6cd' -> (Import Result ID: '2abb531a9091d1ca55f192213a69c681') in 0.003 seconds [static and dynamic dependencies]. Details - ImportResultOutputID=1af4cd5ecd48ece58ec719a7f07dbc0d DependenciesID=729fcbd47bc6b356dd906e37623bbb39 StaticDependenciesID=06205538d28ea2e78b442897e9bb4752 
Asset Pipeline Refresh (id=7ca9decd6161d4249ad728cb7fc0aa89): Total: 0.024 seconds - Initiated by StopAssetImportingV2(NoUpdateAssetOptions)
Importing 'GUID: d6c94115c00089649827a1149d1c3219 - Path: Assets/Resources/ReturnV2/StateArt/core-hit/04.png' with importer (TextureImporter)
Imported 'GUID: d6c94115c00089649827a1149d1c3219' -> (Import Result ID: '6c99f61867df3ed3514a2256ea4b74c7') in 0.003 seconds [static and dynamic dependencies]. Details - ImportResultOutputID=9f2c2893c57b9e04722f00a22a9ebced DependenciesID=7aa23d99888bca814213b0aaedb16780 StaticDependenciesID=647a8b9518eb839bd97ca8cb40c5e9da 
Asset Pipeline Refresh (id=fdd8a62fd2de54b7286fa4e6f379bc33): Total: 0.025 seconds - Initiated by StopAssetImportingV2(NoUpdateAssetOptions)
Importing 'GUID: c877d3ce9e395e745b222ab5f938c936 - Path: Assets/Resources/ReturnV2/StateArt/core-hit/05.png' with importer (TextureImporter)
Imported 'GUID: c877d3ce9e395e745b222ab5f938c936' -> (Import Result ID: 'ab825094de8c8bb5e645c555f4cc0628') in 0.002 seconds [static and dynamic dependencies]. Details - ImportResultOutputID=84404bb78b7e1c4f9b37c3a615a33104 DependenciesID=15bb911601006b0291988e7f992dc5ce StaticDependenciesID=54d8e5ae3093b2c155d797957b4a8ff0 
Asset Pipeline Refresh (id=5f006ea5776b74f9cafb22c9d46374be): Total: 0.024 seconds - Initiated by StopAssetImportingV2(NoUpdateAssetOptions)
Importing 'GUID: 55c72ea7fc59ac14da1f9a7b5aafacab - Path: Assets/Resources/ReturnV2/StateArt/core-hit/06.png' with importer (TextureImporter)
Imported 'GUID: 55c72ea7fc59ac14da1f9a7b5aafacab' -> (Import Result ID: 'f9aee5e75382f43ce786d5a68929a874') in 0.003 seconds [static and dynamic dependencies]. Details - ImportResultOutputID=f95ab17ccebfdab60f19b6bf37b314f1 DependenciesID=b6e1e5a209bb6872e6a6975d78c68b32 StaticDependenciesID=4b08277aa7efcbad989e2eeb0e64f8a7 
Asset Pipeline Refresh (id=e4e78e0e2a8214577b728e9c53cc7fc8): Total: 0.025 seconds - Initiated by StopAssetImportingV2(NoUpdateAssetOptions)
Importing 'GUID: ec9038b86a01834479470395965bc62b - Path: Assets/Resources/ReturnV2/StateArt/core-hit/07.png' with importer (TextureImporter)
Imported 'GUID: ec9038b86a01834479470395965bc62b' -> (Import Result ID: '5f85c1c50f72ab74a2410b6da8ecde9b') in 0.002 seconds [static and dynamic dependencies]. Details - ImportResultOutputID=506ce8e8390c8fcd43961fc96e200a8d DependenciesID=8f4683563bbcf04e71f53f52f5dbb5fd StaticDependenciesID=cf4304caaeb09bc8c2f06cf6766cfd12 
Asset Pipeline Refresh (id=9f8eac92bbe5f4643a6ea3652ae52339): Total: 0.024 seconds - Initiated by StopAssetImportingV2(NoUpdateAssetOptions)
Importing 'GUID: f823022961ca6124d991d1c3b73aa105 - Path: Assets/Resources/ReturnV2/StateArt/core-hit/08.png' with importer (TextureImporter)
Imported 'GUID: f823022961ca6124d991d1c3b73aa105' -> (Import Result ID: '6155089853632626cff51eb477c3bc93') in 0.003 seconds [static and dynamic dependencies]. Details - ImportResultOutputID=d9b56d03f7f244f73a0e806498314dd3 DependenciesID=1bdb6e7deb3824f0e1257ab3cea77388 StaticDependenciesID=696a900f00cb412ca8adfc324e28f559 
Asset Pipeline Refresh (id=c844572e754854abda5366e2809432a5): Total: 0.026 seconds - Initiated by StopAssetImportingV2(NoUpdateAssetOptions)
Importing 'GUID: 4c39196ebeaab8d42aec85f2ee90a2d4 - Path: Assets/Resources/ReturnV2/StateArt/core-hit/09.png' with importer (TextureImporter)
Imported 'GUID: 4c39196ebeaab8d42aec85f2ee90a2d4' -> (Import Result ID: '2aa630531cfaa8df6816fd7db4073bcb') in 0.003 seconds [static and dynamic dependencies]. Details - ImportResultOutputID=03e5ba80c1dd040c47c7c0e5abd1a61c DependenciesID=3678c15ba75e7ee90d24839f964c6bd7 StaticDependenciesID=1eb1d4ef8972dfa5bb282e6684efeedb 
Asset Pipeline Refresh (id=c2bd7561ff6664c04b0d987e62433edf): Total: 0.025 seconds - Initiated by StopAssetImportingV2(NoUpdateAssetOptions)
Importing 'GUID: 5d5aaa6b88dba654abaa72442ba883d8 - Path: Assets/Resources/ReturnV2/StateArt/core-hit/10.png' with importer (TextureImporter)
Imported 'GUID: 5d5aaa6b88dba654abaa72442ba883d8' -> (Import Result ID: 'c4297502181d88c9614e515ba5fd65e2') in 0.003 seconds [static and dynamic dependencies]. Details - ImportResultOutputID=37e8f798d923b93cc5ffe92f286d1af3 DependenciesID=2219cd450fe3f0e2c9f8459af99abfa9 StaticDependenciesID=c25e3d3adaa10fc4fe1c6b7086cb9a80 
Asset Pipeline Refresh (id=802ccd3b36ecb41fc98897db23622d88): Total: 0.024 seconds - Initiated by StopAssetImportingV2(NoUpdateAssetOptions)
Importing 'GUID: 455ef2853a3ad7141b335fe1b447d9d0 - Path: Assets/Resources/ReturnV2/StateArt/core-hit/11.png' with importer (TextureImporter)
Imported 'GUID: 455ef2853a3ad7141b335fe1b447d9d0' -> (Import Result ID: '0a2910236085b3f358147b9e97d8526c') in 0.002 seconds [static and dynamic dependencies]. Details - ImportResultOutputID=0dac3bc8db88343dd8f6810c3d9f5173 DependenciesID=20457c04b156ff3c29238e87f03ed323 StaticDependenciesID=f99f1e1bacaede74ea62922620bffe4e 
Asset Pipeline Refresh (id=e4be6e9aaf5fe4a67a0c742f55522ea5): Total: 0.024 seconds - Initiated by StopAssetImportingV2(NoUpdateAssetOptions)
Importing 'GUID: 24370e21ecf518441aaa01cc6979f4c9 - Path: Assets/Resources/ReturnV2/StateArt/core-off/00.png' with importer (TextureImporter)
Imported 'GUID: 24370e21ecf518441aaa01cc6979f4c9' -> (Import Result ID: '25763f47ed7442992a819bc8b84c800b') in 0.003 seconds [static and dynamic dependencies]. Details - ImportResultOutputID=8f8945e147e9d9707be27ebe4e8d30ae DependenciesID=a6f0f531d4b2bdeb6d18d23e7b2f0fec StaticDependenciesID=26da69173d9d0f564815061428724b11 
Asset Pipeline Refresh (id=e8b9d1e12d4174630a0b9b175e228609): Total: 0.024 seconds - Initiated by StopAssetImportingV2(NoUpdateAssetOptions)
Importing 'GUID: 99afa06a24cb4774b82a0df9d3cab860 - Path: Assets/Resources/ReturnV2/StateArt/cyan-slot-connect/00.png' with importer (TextureImporter)
Imported 'GUID: 99afa06a24cb4774b82a0df9d3cab860' -> (Import Result ID: 'd7085460e9fd9f807f75273f64f74093') in 0.003 seconds [static and dynamic dependencies]. Details - ImportResultOutputID=ec23842a7c09b8a7a5aa28c47e6dce9a DependenciesID=8001d1f76d0f78502be4d0e34af54232 StaticDependenciesID=81c0cdf19ab8a0dd26aaf816e36739da 
Asset Pipeline Refresh (id=59d2690d5b5574dfc81add69e69ec940): Total: 0.024 seconds - Initiated by StopAssetImportingV2(NoUpdateAssetOptions)
Importing 'GUID: 6b10ab0a65cad304ca5a8aab37477a4e - Path: Assets/Resources/ReturnV2/StateArt/cyan-slot-connect/01.png' with importer (TextureImporter)
Imported 'GUID: 6b10ab0a65cad304ca5a8aab37477a4e' -> (Import Result ID: '94c0b21b54c4322ad4e44a3039d61578') in 0.003 seconds [static and dynamic dependencies]. Details - ImportResultOutputID=1d0c378a4b183d72b48eef7648968d02 DependenciesID=7c2e3c0cc022ae97ccaf1655c51e27e0 StaticDependenciesID=b8c83f62e5a87a98c90c86357888126a 
Asset Pipeline Refresh (id=d5446067ccc144a14a8c840e924732a7): Total: 0.025 seconds - Initiated by StopAssetImportingV2(NoUpdateAssetOptions)
Importing 'GUID: 44c6d36912e8fd049ae23b7f89f2b558 - Path: Assets/Resources/ReturnV2/StateArt/cyan-slot-connect/02.png' with importer (TextureImporter)
Imported 'GUID: 44c6d36912e8fd049ae23b7f89f2b558' -> (Import Result ID: '3a3afe10183951d458004d8dd99a048f') in 0.002 seconds [static and dynamic dependencies]. Details - ImportResultOutputID=fc2cc630a96c058ceb0c71eb02baba21 DependenciesID=b40d2eca799146d767f083d577504b42 StaticDependenciesID=b80d6b003803bb4303e8643b81e2d5ae 
Asset Pipeline Refresh (id=ad1c0b2842c644d24bf4524f0c02fe5f): Total: 0.024 seconds - Initiated by StopAssetImportingV2(NoUpdateAssetOptions)
Importing 'GUID: 8e5e29bf4cb2e7a4ba5dc87d665e69f2 - Path: Assets/Resources/ReturnV2/StateArt/cyan-slot-connect/03.png' with importer (TextureImporter)
Imported 'GUID: 8e5e29bf4cb2e7a4ba5dc87d665e69f2' -> (Import Result ID: '78a8c32e93a847bb93c5edc8fdee9a92') in 0.003 seconds [static and dynamic dependencies]. Details - ImportResultOutputID=721a5c4188567a1504ae0cca7100ebfc DependenciesID=483fc58712b3f79bebfb135d56488383 StaticDependenciesID=ac078b9cf68ae0ef6e24aab9b1cb30dc 
Asset Pipeline Refresh (id=5fe46d5607d434f739e24753a0490e62): Total: 0.025 seconds - Initiated by StopAssetImportingV2(NoUpdateAssetOptions)
Importing 'GUID: 66124e238fe0f0c41be9d3f08781cd77 - Path: Assets/Resources/ReturnV2/StateArt/cyan-slot-connect/04.png' with importer (TextureImporter)
Imported 'GUID: 66124e238fe0f0c41be9d3f08781cd77' -> (Import Result ID: 'c6295761af8f5ddab4d9cb2a1964b28f') in 0.003 seconds [static and dynamic dependencies]. Details - ImportResultOutputID=b6f407585e44a3eaab2c5e3d3f56bcc9 DependenciesID=0e1025e31c4fb94f527068b5220c07b7 StaticDependenciesID=2ee84656e55e633eef549308fb2fc955 
Asset Pipeline Refresh (id=0b012a8c14d4b48589f1a6351fb2c260): Total: 0.024 seconds - Initiated by StopAssetImportingV2(NoUpdateAssetOptions)
Importing 'GUID: 3c88bda0af1d8eb408273c36845c89a1 - Path: Assets/Resources/ReturnV2/StateArt/cyan-slot-connect/05.png' with importer (TextureImporter)
Imported 'GUID: 3c88bda0af1d8eb408273c36845c89a1' -> (Import Result ID: '2067e81fa0d7e72fafce08eb5df4fa73') in 0.003 seconds [static and dynamic dependencies]. Details - ImportResultOutputID=e881a154fc929ce88c9d453d76918048 DependenciesID=73458fb42b0b02f2e4661474c43b60a0 StaticDependenciesID=079a465a0ae6186c22794e512ebd8231 
Asset Pipeline Refresh (id=2cb4446415e3749f2a9d7a462ad53934): Total: 0.024 seconds - Initiated by StopAssetImportingV2(NoUpdateAssetOptions)
Importing 'GUID: 2e91de78cc12a9b408f4daf7f1352c6f - Path: Assets/Resources/ReturnV2/StateArt/cyan-slot-connect/06.png' with importer (TextureImporter)
Imported 'GUID: 2e91de78cc12a9b408f4daf7f1352c6f' -> (Import Result ID: '9d15b77d80891e51ce13e1c1f11716a9') in 0.003 seconds [static and dynamic dependencies]. Details - ImportResultOutputID=82b12fa993a1a63ae8bd23b948331ae0 DependenciesID=ff505fe62e8a23330cadc2fdf1863bac StaticDependenciesID=5ce551c8e4a0e40766460bd91f4ef03c 
Asset Pipeline Refresh (id=b569894cc9d25431e8d5fd1b3588acde): Total: 0.024 seconds - Initiated by StopAssetImportingV2(NoUpdateAssetOptions)
Importing 'GUID: f8d5a887bd805c6419b8547817cb6f7c - Path: Assets/Resources/ReturnV2/StateArt/cyan-slot-connect/07.png' with importer (TextureImporter)
Imported 'GUID: f8d5a887bd805c6419b8547817cb6f7c' -> (Import Result ID: '504e80774b5bd93154c02066aeaf3e37') in 0.003 seconds [static and dynamic dependencies]. Details - ImportResultOutputID=3f2d94a655d56fcef060d3385ee5fc4a DependenciesID=50a2b808a0ffad5b4d948b3cab73db00 StaticDependenciesID=8704c9f58841672a076fc5c1f37ed4dc 
Asset Pipeline Refresh (id=d47584a8741ee40ea8d9047e915c1f6b): Total: 0.025 seconds - Initiated by StopAssetImportingV2(NoUpdateAssetOptions)
Importing 'GUID: 08588510969eb0843acb92f1ec88072d - Path: Assets/Resources/ReturnV2/StateArt/cyan-slot-connect/08.png' with importer (TextureImporter)
Imported 'GUID: 08588510969eb0843acb92f1ec88072d' -> (Import Result ID: '68060b350ddd5e93fdcad38bb9bf72dc') in 0.002 seconds [static and dynamic dependencies]. Details - ImportResultOutputID=f0423859e28acc1509a3b8379e74e05d DependenciesID=62f7b52c09f10c7fb1fc9da666bf4a4c StaticDependenciesID=035d0a6e146d21c237376b726afd40e4 
Asset Pipeline Refresh (id=46cc1430f1dcd45d0b03765caf58cc9f): Total: 0.024 seconds - Initiated by StopAssetImportingV2(NoUpdateAssetOptions)
Importing 'GUID: 2d416c30607164b4fa40563c48d8a4aa - Path: Assets/Resources/ReturnV2/StateArt/cyan-slot-connect/09.png' with importer (TextureImporter)
Imported 'GUID: 2d416c30607164b4fa40563c48d8a4aa' -> (Import Result ID: '9c89a9d2f1d5ff0400ed97de561a3a8f') in 0.003 seconds [static and dynamic dependencies]. Details - ImportResultOutputID=271494d440d9d8cc3688e44390167f11 DependenciesID=ad4b352b3c3b092dd89db0537309f98d StaticDependenciesID=a05698d7e7e45c42de22e078df398839 
Asset Pipeline Refresh (id=3dbb4027c3883456098e280ac307d652): Total: 0.025 seconds - Initiated by StopAssetImportingV2(NoUpdateAssetOptions)
Importing 'GUID: 9234c348a6db4434aa4dad026fb175ba - Path: Assets/Resources/ReturnV2/StateArt/cyan-slot-connect/10.png' with importer (TextureImporter)
Imported 'GUID: 9234c348a6db4434aa4dad026fb175ba' -> (Import Result ID: '344922b47938da5ffab477760608784e') in 0.003 seconds [static and dynamic dependencies]. Details - ImportResultOutputID=7c11a0c88406824166f66aa21d336686 DependenciesID=a82feb57bd12de2de2c644cfbe564f56 StaticDependenciesID=a36f005b95fe55076f002e375b68f2ef 
Asset Pipeline Refresh (id=c8845eba0cfa84d78a79f114c825823f): Total: 0.025 seconds - Initiated by StopAssetImportingV2(NoUpdateAssetOptions)
Importing 'GUID: cc67b4b4cf38f434db29826d24266f2d - Path: Assets/Resources/ReturnV2/StateArt/cyan-slot-connect/11.png' with importer (TextureImporter)
Imported 'GUID: cc67b4b4cf38f434db29826d24266f2d' -> (Import Result ID: 'ad7233c72322e9e3970e8000da999ade') in 0.002 seconds [static and dynamic dependencies]. Details - ImportResultOutputID=d9f8821e01ec9662134e7bf8cfcdddd9 DependenciesID=76fd4cc60b7b054f1d76e4feb3bb63cd StaticDependenciesID=3b2e4ccc12c6afcfb5588600f1d06dc5 
Asset Pipeline Refresh (id=3060bbc419c1c44d8aa7cb8fcd49372c): Total: 0.024 seconds - Initiated by StopAssetImportingV2(NoUpdateAssetOptions)
Importing 'GUID: b0dd5d0ad315e1e47814994c1e6764f6 - Path: Assets/Resources/ReturnV2/StateArt/cyan-slot-empty/00.png' with importer (TextureImporter)
Imported 'GUID: b0dd5d0ad315e1e47814994c1e6764f6' -> (Import Result ID: '14ff0ded6892e0a1aa9dfffd139d3335') in 0.003 seconds [static and dynamic dependencies]. Details - ImportResultOutputID=7d8ea571736df8cd34f8be54ff8ddfef DependenciesID=7af2c08c5c89ded3a8de70a0c61cd8ea StaticDependenciesID=8bbd27f087960cda33c263d176a8827c 
Asset Pipeline Refresh (id=6ba77579653d747a9ba3b6485ae3301c): Total: 0.024 seconds - Initiated by StopAssetImportingV2(NoUpdateAssetOptions)
Importing 'GUID: fe16c1d3c8b777a4d98bd58b0c59b699 - Path: Assets/Resources/ReturnV2/StateArt/cyan-slot-filled/00.png' with importer (TextureImporter)
Imported 'GUID: fe16c1d3c8b777a4d98bd58b0c59b699' -> (Import Result ID: '2d0703548db5c26c22e98bb562c8f8c4') in 0.003 seconds [static and dynamic dependencies]. Details - ImportResultOutputID=5f7f2c7d1650eff11e499b8ecacd5228 DependenciesID=6f3c99483df0c9005d16f0fb02e949f7 StaticDependenciesID=32bdecd084f37267fdfc7d6a237a87eb 
Asset Pipeline Refresh (id=22c12777efd1242848f4dc5a61880d31): Total: 0.024 seconds - Initiated by StopAssetImportingV2(NoUpdateAssetOptions)
Importing 'GUID: 1513ca4fde0c7f94daa90341a825bc2b - Path: Assets/Resources/ReturnV2/StateArt/cyan-slot-wrong/00.png' with importer (TextureImporter)
Imported 'GUID: 1513ca4fde0c7f94daa90341a825bc2b' -> (Import Result ID: '2a5d5130c8ec1f7d14f42463ab28fc70') in 0.003 seconds [static and dynamic dependencies]. Details - ImportResultOutputID=6f55a3274ffe449ba19e9ae1d0d108c5 DependenciesID=d0caec8929ca6c8b0f96d9b8b0fa3897 StaticDependenciesID=3922c043229df8da189eb8a8d2b2bbd7 
Asset Pipeline Refresh (id=87e9e95d177f64d509efc3e7a64575d9): Total: 0.024 seconds - Initiated by StopAssetImportingV2(NoUpdateAssetOptions)
Importing 'GUID: da4574d5f7cd82d4b949d01f4077d5d5 - Path: Assets/Resources/ReturnV2/StateArt/exit-locked/00.png' with importer (TextureImporter)
Imported 'GUID: da4574d5f7cd82d4b949d01f4077d5d5' -> (Import Result ID: 'bb36628b6ebc0ffc176669ab4cc3c913') in 0.003 seconds [static and dynamic dependencies]. Details - ImportResultOutputID=541c924f7535ded37c9455c2a1fedaf1 DependenciesID=a59ef0ef533ca8b6ee777f7989dc4e6f StaticDependenciesID=8844c3931b544971a088879abd4de3aa 
Asset Pipeline Refresh (id=4db3d7032ce7e413eab3b63d4ec81eb3): Total: 0.024 seconds - Initiated by StopAssetImportingV2(NoUpdateAssetOptions)
Importing 'GUID: 149d33c55036ae8479ee87d433e0f62c - Path: Assets/Resources/ReturnV2/StateArt/exit-open/00.png' with importer (TextureImporter)
Imported 'GUID: 149d33c55036ae8479ee87d433e0f62c' -> (Import Result ID: '6ec90d8a5cdd8d8ea68ee048d43975a5') in 0.003 seconds [static and dynamic dependencies]. Details - ImportResultOutputID=79c3633695ab5e35531a6dc6a6f86a17 DependenciesID=d74537b5a7a48222bf43b6ca2b8e7b36 StaticDependenciesID=e202a54d6371002192ff53b76dabf30c 
Asset Pipeline Refresh (id=ee7a2d2f75e9546e78ccb72684612eb3): Total: 0.025 seconds - Initiated by StopAssetImportingV2(NoUpdateAssetOptions)
Importing 'GUID: 306c5c88f0d456c40bbf342299de4987 - Path: Assets/Resources/ReturnV2/StateArt/exit-opening/00.png' with importer (TextureImporter)
Imported 'GUID: 306c5c88f0d456c40bbf342299de4987' -> (Import Result ID: 'be3001179b83116da0acb6f05e34b0e1') in 0.003 seconds [static and dynamic dependencies]. Details - ImportResultOutputID=3302f4a52553edcabd2c23d8d56a8e79 DependenciesID=ce1c9882f18abb9d9ab8084fa9518fe7 StaticDependenciesID=01ada1f835438b05445ef5438df5ed7d 
Asset Pipeline Refresh (id=fc8f9e07c986146f2a62cccc71cd018b): Total: 0.024 seconds - Initiated by StopAssetImportingV2(NoUpdateAssetOptions)
Importing 'GUID: 7f382b7e9a68d9a4292b3794fa41bf98 - Path: Assets/Resources/ReturnV2/StateArt/exit-opening/01.png' with importer (TextureImporter)
Imported 'GUID: 7f382b7e9a68d9a4292b3794fa41bf98' -> (Import Result ID: '9238572164dacc3832a814a84360949e') in 0.003 seconds [static and dynamic dependencies]. Details - ImportResultOutputID=0074795c63752cde3753831a6b9f4547 DependenciesID=ed26488c7ae0a033ffb78ead574457a9 StaticDependenciesID=bacb0534d133c3475ac8cced3c841ab4 
Asset Pipeline Refresh (id=eac9206494b534aefab2204b16fb70f6): Total: 0.025 seconds - Initiated by StopAssetImportingV2(NoUpdateAssetOptions)
Importing 'GUID: aa4727f657d637b49900a010ac79303b - Path: Assets/Resources/ReturnV2/StateArt/exit-opening/02.png' with importer (TextureImporter)
Imported 'GUID: aa4727f657d637b49900a010ac79303b' -> (Import Result ID: '22b2a6082650b0f5eb67820bb607bb5a') in 0.003 seconds [static and dynamic dependencies]. Details - ImportResultOutputID=2f62fdb539b2c97225886628dd171086 DependenciesID=5e74852b2ad6c1b906a801a63ada3235 StaticDependenciesID=ef6d1b9c41d688076d5a8750b7c6cc75 
Asset Pipeline Refresh (id=0f566a46de92348f288c796782c70ed8): Total: 0.024 seconds - Initiated by StopAssetImportingV2(NoUpdateAssetOptions)
Importing 'GUID: 30e5269b811bc0944a381a4120378160 - Path: Assets/Resources/ReturnV2/StateArt/exit-opening/03.png' with importer (TextureImporter)
Imported 'GUID: 30e5269b811bc0944a381a4120378160' -> (Import Result ID: '5f4484bac27f4458a0742cf7ed76ac3c') in 0.003 seconds [static and dynamic dependencies]. Details - ImportResultOutputID=d2e3028f881a02636a8b151c4671868b DependenciesID=cba932c7030910ce52906df732003436 StaticDependenciesID=d5f9efb20418f018e5f4fef65f6ad941 
Asset Pipeline Refresh (id=dd351af9f7b55469787fefaa7b6051d7): Total: 0.024 seconds - Initiated by StopAssetImportingV2(NoUpdateAssetOptions)
Importing 'GUID: a335724600dbadf4cbcd752fa7d521ab - Path: Assets/Resources/ReturnV2/StateArt/exit-opening/04.png' with importer (TextureImporter)
Imported 'GUID: a335724600dbadf4cbcd752fa7d521ab' -> (Import Result ID: '2c275da56aef3712709000ec2c79d3db') in 0.003 seconds [static and dynamic dependencies]. Details - ImportResultOutputID=f7c61b128b098ccbda95250a5bfd772f DependenciesID=d4de537e58789c3ff4df7715e7d1b9d0 StaticDependenciesID=a160d57f2b5e508f4f8f367f8bde6336 
Asset Pipeline Refresh (id=58d67a6238aab4cc6be1ecede8e35757): Total: 0.024 seconds - Initiated by StopAssetImportingV2(NoUpdateAssetOptions)
Importing 'GUID: 24fc74486645f1443866999473e761ac - Path: Assets/Resources/ReturnV2/StateArt/exit-opening/05.png' with importer (TextureImporter)
Imported 'GUID: 24fc74486645f1443866999473e761ac' -> (Import Result ID: 'bdffcfb8eb507ec0f26b2289036ac209') in 0.003 seconds [static and dynamic dependencies]. Details - ImportResultOutputID=f059dd95499a40eb29b9f92bc2eb9ed5 DependenciesID=721c9e96d77a095d6a9bcae7dfbc8df4 StaticDependenciesID=7db47b47b094d63c52d45bfdb201cc01 
Asset Pipeline Refresh (id=4b343832b03714e5b80f0e7678b22c33): Total: 0.025 seconds - Initiated by StopAssetImportingV2(NoUpdateAssetOptions)
Importing 'GUID: de4e73c2b235f1d4db5b3ca0f0ee8399 - Path: Assets/Resources/ReturnV2/StateArt/exit-opening/06.png' with importer (TextureImporter)
Imported 'GUID: de4e73c2b235f1d4db5b3ca0f0ee8399' -> (Import Result ID: '3e521c709a0811eb313e31b0233181ee') in 0.003 seconds [static and dynamic dependencies]. Details - ImportResultOutputID=c20347143dd06000919cca847bc2573e DependenciesID=28a4b9ea8276030b252914a7d482ba2c StaticDependenciesID=4d1bc0900d98a3a93d9f271355fd4918 
Asset Pipeline Refresh (id=6ac0052938b9c4e259e60e2911585729): Total: 0.025 seconds - Initiated by StopAssetImportingV2(NoUpdateAssetOptions)
Importing 'GUID: 195bf3aa4a2c862468111ff5e7c03fbc - Path: Assets/Resources/ReturnV2/StateArt/exit-opening/07.png' with importer (TextureImporter)
Imported 'GUID: 195bf3aa4a2c862468111ff5e7c03fbc' -> (Import Result ID: 'a1d5e4839fe9e8ffd9a7ad7f5998cc62') in 0.003 seconds [static and dynamic dependencies]. Details - ImportResultOutputID=7076e7362279867ec50af35a5efda0ae DependenciesID=cc246c01baace8a27457a45920aacf98 StaticDependenciesID=c1a0d733e382843ef35cdb62ff4f0f6b 
Asset Pipeline Refresh (id=5d2302a9b588b471ab0d0c8e59f68eb1): Total: 0.024 seconds - Initiated by StopAssetImportingV2(NoUpdateAssetOptions)
Importing 'GUID: 55d4a1079d3964147a80db12bf67a216 - Path: Assets/Resources/ReturnV2/StateArt/exit-opening/08.png' with importer (TextureImporter)
Imported 'GUID: 55d4a1079d3964147a80db12bf67a216' -> (Import Result ID: '0b23ec64db546d0ccf9c52727a4033d4') in 0.003 seconds [static and dynamic dependencies]. Details - ImportResultOutputID=a1b8b665ff90d8cd75c2f1a1177bc25e DependenciesID=322039b0187d9b4ec0c7f2a558be0961 StaticDependenciesID=205c0d125d0e3679c87ad43d6a654f8f 
Asset Pipeline Refresh (id=ebe0cb51110704720ad72853f4e9f315): Total: 0.024 seconds - Initiated by StopAssetImportingV2(NoUpdateAssetOptions)
Importing 'GUID: 216a404c0661cad448d222fea744f32d - Path: Assets/Resources/ReturnV2/StateArt/exit-opening/09.png' with importer (TextureImporter)
Imported 'GUID: 216a404c0661cad448d222fea744f32d' -> (Import Result ID: '3cd592a52eb2cd9b4abbeab6256a6977') in 0.003 seconds [static and dynamic dependencies]. Details - ImportResultOutputID=5c72704cb10d08be51aff5cdc43db827 DependenciesID=4a5972369e94de3a291f5ac7c199bb13 StaticDependenciesID=f106f53529e2674b57d427268693b0be 
Asset Pipeline Refresh (id=ef307c7959e3c4378a0e02fffd643adc): Total: 0.025 seconds - Initiated by StopAssetImportingV2(NoUpdateAssetOptions)
Importing 'GUID: 94d5f4260358f6f498b8fae7370728da - Path: Assets/Resources/ReturnV2/StateArt/exit-opening/10.png' with importer (TextureImporter)
Imported 'GUID: 94d5f4260358f6f498b8fae7370728da' -> (Import Result ID: '10f94e1a214976e86aa32f4d7a1c3917') in 0.003 seconds [static and dynamic dependencies]. Details - ImportResultOutputID=2648c8ef40814ba72e75d85560dd2648 DependenciesID=90364032f3ac78a54c257632c912ba34 StaticDependenciesID=c171bc2ef77d3a3f7fce95e0564d4907 
Asset Pipeline Refresh (id=295f7c8a2c3af49e881a3551827b7673): Total: 0.025 seconds - Initiated by StopAssetImportingV2(NoUpdateAssetOptions)
Importing 'GUID: 26a2b1236f4cc6e4cb15d061b6fc3159 - Path: Assets/Resources/ReturnV2/StateArt/exit-opening/11.png' with importer (TextureImporter)
Imported 'GUID: 26a2b1236f4cc6e4cb15d061b6fc3159' -> (Import Result ID: 'ea56af2c7fc3e8861c867c4a4b352b10') in 0.003 seconds [static and dynamic dependencies]. Details - ImportResultOutputID=48210a992669e00d4f6e4f5c8b37300e DependenciesID=df6b30cfe72f2224aa337d623681ba5a StaticDependenciesID=647fbfe706c642c9057c751346a75395 
Asset Pipeline Refresh (id=9c030d36679d142cca098dec2e22b360): Total: 0.024 seconds - Initiated by StopAssetImportingV2(NoUpdateAssetOptions)
Importing 'GUID: 11c3b8d40c4706d42a6de1d35617e4ec - Path: Assets/Resources/ReturnV2/StateArt/exit-opening/12.png' with importer (TextureImporter)
Imported 'GUID: 11c3b8d40c4706d42a6de1d35617e4ec' -> (Import Result ID: 'd6e95124da05f74528ec4ad979fa4bd7') in 0.003 seconds [static and dynamic dependencies]. Details - ImportResultOutputID=465d7eb8ba160dc065ef3b91afe9c8f4 DependenciesID=e144eb147e2b4186399e3c9b6ed4f7ac StaticDependenciesID=f818f6609daa5273f63f681fc7731f46 
Asset Pipeline Refresh (id=7d982ef5d37dc479bab8e97daa45fe43): Total: 0.024 seconds - Initiated by StopAssetImportingV2(NoUpdateAssetOptions)
Importing 'GUID: 6f3a2756a954c894b8360f216878dca9 - Path: Assets/Resources/ReturnV2/StateArt/exit-opening/13.png' with importer (TextureImporter)
Imported 'GUID: 6f3a2756a954c894b8360f216878dca9' -> (Import Result ID: '3199886362788d85d7dbd3cb39f47343') in 0.003 seconds [static and dynamic dependencies]. Details - ImportResultOutputID=83ca628cea1dc84630be374ec3931424 DependenciesID=838f7bdf54587c8d6caa6a361a7af441 StaticDependenciesID=d0425baee5081fcabf9174588228748b 
Asset Pipeline Refresh (id=9d252b42aea9d40e793bb67276d155e6): Total: 0.024 seconds - Initiated by StopAssetImportingV2(NoUpdateAssetOptions)
Importing 'GUID: 43925f04b7d36404b8681788e25c4b31 - Path: Assets/Resources/ReturnV2/StateArt/exit-opening/14.png' with importer (TextureImporter)
Imported 'GUID: 43925f04b7d36404b8681788e25c4b31' -> (Import Result ID: '7706e02f9e4ce237aea1173affab6585') in 0.003 seconds [static and dynamic dependencies]. Details - ImportResultOutputID=02f0f3a10134fe2686d8888cc2b850d0 DependenciesID=7a55760972ab4dc02176b62709156dd8 StaticDependenciesID=6964c6603ce93370dad238b033a63aae 
Asset Pipeline Refresh (id=5a93e2087c88041aa960065223df6bd8): Total: 0.024 seconds - Initiated by StopAssetImportingV2(NoUpdateAssetOptions)
Importing 'GUID: c9e379e5d6165324ebe9479bfbdbec0d - Path: Assets/Resources/ReturnV2/StateArt/orb-docked/00.png' with importer (TextureImporter)
Imported 'GUID: c9e379e5d6165324ebe9479bfbdbec0d' -> (Import Result ID: '9f8535f390807e2986dd86a4615b84e3') in 0.003 seconds [static and dynamic dependencies]. Details - ImportResultOutputID=41a53abce6109a83833f680db52f69b1 DependenciesID=0655a6473a3b5996f0ee87dc6295440d StaticDependenciesID=c3da6f2efbccbdfbe499e005ab339646 
Asset Pipeline Refresh (id=75c553f501dac488aaba02a29d4b42f5): Total: 0.024 seconds - Initiated by StopAssetImportingV2(NoUpdateAssetOptions)
Importing 'GUID: 064e704bb11794d42992d4214ed53d27 - Path: Assets/Resources/ReturnV2/StateArt/orb-idle/00.png' with importer (TextureImporter)
Imported 'GUID: 064e704bb11794d42992d4214ed53d27' -> (Import Result ID: '62d53b759b1ff81bd3e0c6938954c79e') in 0.003 seconds [static and dynamic dependencies]. Details - ImportResultOutputID=f2a7edaf7f687b2dc068fab86a481679 DependenciesID=b78eaa9730893652ee7bd7bf9d345874 StaticDependenciesID=69b42e625ed3c657705a6b2ed69f37e0 
Asset Pipeline Refresh (id=6d77f86fbf251441eb830b073674c37b): Total: 0.024 seconds - Initiated by StopAssetImportingV2(NoUpdateAssetOptions)
Importing 'GUID: d662ea7714a148d4e9413442afad2b7e - Path: Assets/Resources/ReturnV2/StateArt/orb-moving/00.png' with importer (TextureImporter)
Imported 'GUID: d662ea7714a148d4e9413442afad2b7e' -> (Import Result ID: '51f3750dab311d6114c73c606ca4a806') in 0.003 seconds [static and dynamic dependencies]. Details - ImportResultOutputID=cc630eba3c1f7b10bd54eed74d69f238 DependenciesID=9071711e823b0dcbb52cce179fb78853 StaticDependenciesID=5ca28a80301222b624ac50239b66af93 
Asset Pipeline Refresh (id=93efad3162503431fb04447c40888bde): Total: 0.025 seconds - Initiated by StopAssetImportingV2(NoUpdateAssetOptions)
Importing 'GUID: d9ed6ecb1d2edc6429ce25c89bb45ca4 - Path: Assets/Resources/ReturnV2/StateArt/orb-moving/01.png' with importer (TextureImporter)
Imported 'GUID: d9ed6ecb1d2edc6429ce25c89bb45ca4' -> (Import Result ID: 'd58f6fa97378d6f6964988ea5843083e') in 0.003 seconds [static and dynamic dependencies]. Details - ImportResultOutputID=2250880e0e0ed3503c7b09215b2dfb06 DependenciesID=abb892b8103d0c09222ba163eaaa2707 StaticDependenciesID=9f4815cb9e90e0f6dab3349aa2742013 
Asset Pipeline Refresh (id=72ac7e240a8234fefa6400c9e1577ae7): Total: 0.025 seconds - Initiated by StopAssetImportingV2(NoUpdateAssetOptions)
Importing 'GUID: 39fa90e5c21dfa745bef4c29de2f1e42 - Path: Assets/Resources/ReturnV2/StateArt/orb-moving/02.png' with importer (TextureImporter)
Imported 'GUID: 39fa90e5c21dfa745bef4c29de2f1e42' -> (Import Result ID: '77cdee8648f9b01f59a2d63c444483b5') in 0.003 seconds [static and dynamic dependencies]. Details - ImportResultOutputID=56fe1eb9652c760484077d77b2e8a980 DependenciesID=b58f5d97a21faa4af3a6a865172697bb StaticDependenciesID=3f1c1d248b2056ea0df2db6b93291e1e 
Asset Pipeline Refresh (id=a4507599b10454035b555799085a29e4): Total: 0.024 seconds - Initiated by StopAssetImportingV2(NoUpdateAssetOptions)
Importing 'GUID: c4ea6acf6893a6a4a8836be53223c192 - Path: Assets/Resources/ReturnV2/StateArt/orb-moving/03.png' with importer (TextureImporter)
Imported 'GUID: c4ea6acf6893a6a4a8836be53223c192' -> (Import Result ID: '850da35997af4358784652530eceafcb') in 0.003 seconds [static and dynamic dependencies]. Details - ImportResultOutputID=5a6ee75e6e2252d3dfa621b4e757f83e DependenciesID=4180c7b2a3a909b3f998f593c7457c93 StaticDependenciesID=0bd9cf67290641645b3ed686d922b4df 
Asset Pipeline Refresh (id=7bbc4fa0c51b549b4b25992ef13d58fa): Total: 0.025 seconds - Initiated by StopAssetImportingV2(NoUpdateAssetOptions)
Importing 'GUID: 68d7d9b5e4ec37f40b13d2dc4930ab63 - Path: Assets/Resources/ReturnV2/StateArt/orb-moving/04.png' with importer (TextureImporter)
Imported 'GUID: 68d7d9b5e4ec37f40b13d2dc4930ab63' -> (Import Result ID: '72d47bdd9e78b33441a833b0cf5d137a') in 0.002 seconds [static and dynamic dependencies]. Details - ImportResultOutputID=11327f3dfa283490f208d84bdf6bdff9 DependenciesID=6a425c71da74e6646fbccd83db340775 StaticDependenciesID=09153ddcdb3e0cc9006f4bd2a0eb05b0 
Asset Pipeline Refresh (id=095e730d7dcd44648ba8606360f4f90f): Total: 0.024 seconds - Initiated by StopAssetImportingV2(NoUpdateAssetOptions)
Importing 'GUID: 4fbfcae6f68892b4e91e7e25ef298234 - Path: Assets/Resources/ReturnV2/StateArt/orb-moving/05.png' with importer (TextureImporter)
Imported 'GUID: 4fbfcae6f68892b4e91e7e25ef298234' -> (Import Result ID: 'f1d37780c03c36a90d48c3585da23d5c') in 0.002 seconds [static and dynamic dependencies]. Details - ImportResultOutputID=8f30fe3b1e3cfebaa3a83f1f044117eb DependenciesID=deaa976df3a305b6eaa9450162b62f6a StaticDependenciesID=d879d2af52c9efcb37db9f208e9c82c0 
Asset Pipeline Refresh (id=3b16107b108634b44a5c85126a308715): Total: 0.024 seconds - Initiated by StopAssetImportingV2(NoUpdateAssetOptions)
Importing 'GUID: 2fb6cf8a75c30724f9ab8054ae868eb7 - Path: Assets/Resources/ReturnV2/StateArt/orb-moving/06.png' with importer (TextureImporter)
Imported 'GUID: 2fb6cf8a75c30724f9ab8054ae868eb7' -> (Import Result ID: '4bbe904a4c1fb92be41350f1d226439b') in 0.002 seconds [static and dynamic dependencies]. Details - ImportResultOutputID=14c31845830b9f642f3329578aa6767d DependenciesID=e931d795170b2df643bbed03c8eab500 StaticDependenciesID=22c955d51107799fb64e2656557974d8 
Asset Pipeline Refresh (id=b4559691eb7a240d2a31165394460c50): Total: 0.024 seconds - Initiated by StopAssetImportingV2(NoUpdateAssetOptions)
Importing 'GUID: b7ba24fa491c40342abe5549b56196fe - Path: Assets/Resources/ReturnV2/StateArt/orb-moving/07.png' with importer (TextureImporter)
Imported 'GUID: b7ba24fa491c40342abe5549b56196fe' -> (Import Result ID: '0fe02bb25cedd02e25cb5a8330a1953a') in 0.003 seconds [static and dynamic dependencies]. Details - ImportResultOutputID=70a2b382b9f3015049a1854ab1b73551 DependenciesID=3484063a9086ab3a42518bfaeb1451f8 StaticDependenciesID=08927c02bd0f4a071a13b64ad2e2efd8 
Asset Pipeline Refresh (id=7cf01801fcdf54ef095a79e640915374): Total: 0.024 seconds - Initiated by StopAssetImportingV2(NoUpdateAssetOptions)
Importing 'GUID: 492e7f49ae62cc0429ab1e37d1fca1bb - Path: Assets/Resources/ReturnV2/StateArt/orb-moving/08.png' with importer (TextureImporter)
Imported 'GUID: 492e7f49ae62cc0429ab1e37d1fca1bb' -> (Import Result ID: '9240ecadb419441fe7000ea508cf99d8') in 0.002 seconds [static and dynamic dependencies]. Details - ImportResultOutputID=bd7f7e6a2a199d0e6199fcde3f47c130 DependenciesID=7a8886d8182bd96e8c827c76e6f0d0d9 StaticDependenciesID=a0f1da8e6bfce62d59504b44b68770c8 
Asset Pipeline Refresh (id=f6351d5b7bd69486da6261cb83c78f85): Total: 0.024 seconds - Initiated by StopAssetImportingV2(NoUpdateAssetOptions)
Importing 'GUID: f02f18461af4a4f4280722c566d52729 - Path: Assets/Resources/ReturnV2/StateArt/orb-moving/09.png' with importer (TextureImporter)
Imported 'GUID: f02f18461af4a4f4280722c566d52729' -> (Import Result ID: 'f9b5e498580d754ef182f792d6337da1') in 0.003 seconds [static and dynamic dependencies]. Details - ImportResultOutputID=343d7bace0b1fc1b5c36a1dc69622dbd DependenciesID=4712e4101cc371a408187e54ffd7db05 StaticDependenciesID=ca095e6825abb8d14e2b0cbdf4c6d370 
Asset Pipeline Refresh (id=b82035b8fe9d7491982a6c5e3a728c8c): Total: 0.024 seconds - Initiated by StopAssetImportingV2(NoUpdateAssetOptions)
Importing 'GUID: 8f7a116b6f826c74ca7bd91bd75d5310 - Path: Assets/Resources/ReturnV2/StateArt/orb-moving/10.png' with importer (TextureImporter)
Imported 'GUID: 8f7a116b6f826c74ca7bd91bd75d5310' -> (Import Result ID: '449c83d9d8e139b0c66186d0462796ca') in 0.003 seconds [static and dynamic dependencies]. Details - ImportResultOutputID=23b0ad60c9369322b11c67131741f45e DependenciesID=6e16550e6d78abd47adc75ec86f90f47 StaticDependenciesID=6aa62c2c7d2fced967e4ec05fe62db11 
Asset Pipeline Refresh (id=4dd9f565c137146f7bfea565643365b1): Total: 0.024 seconds - Initiated by StopAssetImportingV2(NoUpdateAssetOptions)
Importing 'GUID: 5958468201dd7a844b44d963bf6a8336 - Path: Assets/Resources/ReturnV2/StateArt/orb-moving/11.png' with importer (TextureImporter)
Imported 'GUID: 5958468201dd7a844b44d963bf6a8336' -> (Import Result ID: 'b0f4810ac7240faea26d6021272faf6e') in 0.003 seconds [static and dynamic dependencies]. Details - ImportResultOutputID=a30a13fbc16c468fe19574d5d4fe2a5a DependenciesID=801f2b8109bde1961e1cc8ac05af00fc StaticDependenciesID=77671f500e0a2c89a226698ff5fce18b 
Asset Pipeline Refresh (id=418e688d332c6448c90e7d22c242ac9d): Total: 0.024 seconds - Initiated by StopAssetImportingV2(NoUpdateAssetOptions)
Importing 'GUID: ecf62ee5280f1884185afc2ea00ac706 - Path: Assets/Resources/ReturnV2/StateArt/orb-moving/12.png' with importer (TextureImporter)
Imported 'GUID: ecf62ee5280f1884185afc2ea00ac706' -> (Import Result ID: 'f1b243ca99f88da4fe5b6640019053b4') in 0.002 seconds [static and dynamic dependencies]. Details - ImportResultOutputID=23ff2eb1167b7de672240833a29babde DependenciesID=5473c7dd77fa99a392f711ce0a0349f5 StaticDependenciesID=ef65c53b188e6477c4b49a4930cdf750 
Asset Pipeline Refresh (id=52bc84c82ffa94ae8859cc1f2d2e30dd): Total: 0.024 seconds - Initiated by StopAssetImportingV2(NoUpdateAssetOptions)
Importing 'GUID: c960b838af5914d4abe791cfa80bcfd1 - Path: Assets/Resources/ReturnV2/StateArt/orb-moving/13.png' with importer (TextureImporter)
Imported 'GUID: c960b838af5914d4abe791cfa80bcfd1' -> (Import Result ID: 'ad58d14e0086feb3eb10d61615bc70eb') in 0.003 seconds [static and dynamic dependencies]. Details - ImportResultOutputID=f00e6f3f5469ccd0da8111d4fda45746 DependenciesID=a634698878fb369ad0bd30f2c4dcd325 StaticDependenciesID=61d397d82bb4d1d6798fe08dba2a3769 
Asset Pipeline Refresh (id=a23a1d1909a494e49a3e7fbf69dcf6b3): Total: 0.025 seconds - Initiated by StopAssetImportingV2(NoUpdateAssetOptions)
Importing 'GUID: 006490262e6702c4f82c641b72974d44 - Path: Assets/Resources/ReturnV2/StateArt/pylon-armed/00.png' with importer (TextureImporter)
Imported 'GUID: 006490262e6702c4f82c641b72974d44' -> (Import Result ID: '538450bfc18ea76c2186b4e1fd6e36c3') in 0.003 seconds [static and dynamic dependencies]. Details - ImportResultOutputID=f2ba8e78ae48e8558950cb184297c0fc DependenciesID=df1353f5c690ea7c1eec2d382de8fb7a StaticDependenciesID=d124ee44dca9f3fb55ed8cf956e55f08 
Asset Pipeline Refresh (id=42b66c43d47334407b956aff271382ff): Total: 0.024 seconds - Initiated by StopAssetImportingV2(NoUpdateAssetOptions)
Importing 'GUID: 17f6a7ff6445fc249a85fae91c204142 - Path: Assets/Resources/ReturnV2/StateArt/pylon-charging/00.png' with importer (TextureImporter)
Imported 'GUID: 17f6a7ff6445fc249a85fae91c204142' -> (Import Result ID: '168260513ec579fdefd6443b8463ee7d') in 0.003 seconds [static and dynamic dependencies]. Details - ImportResultOutputID=17fcf63d602d1ec4da9939d25b33cfc8 DependenciesID=55c89f11f0dccd186dcc8f4d457a46e9 StaticDependenciesID=3cdc03c69d26914c5ccdeaf24fdcca99 
Asset Pipeline Refresh (id=05782b80c00a84c3e9680e723b99530b): Total: 0.024 seconds - Initiated by StopAssetImportingV2(NoUpdateAssetOptions)
Importing 'GUID: 43084123ffaf60c4090d69d00bd28641 - Path: Assets/Resources/ReturnV2/StateArt/pylon-charging/01.png' with importer (TextureImporter)
Imported 'GUID: 43084123ffaf60c4090d69d00bd28641' -> (Import Result ID: '4be81533ab93c3ff967abb835d2a63d4') in 0.003 seconds [static and dynamic dependencies]. Details - ImportResultOutputID=11d8627dd647c59ffc369f66e65128e0 DependenciesID=1ca99c109316708b266815b6434f5d1f StaticDependenciesID=55520064006d613a10c0245b96d8647b 
Asset Pipeline Refresh (id=166645c0bb9a241af9b4c474c4b75167): Total: 0.024 seconds - Initiated by StopAssetImportingV2(NoUpdateAssetOptions)
Importing 'GUID: 41717ee1c92ca584e958af5bc3b954eb - Path: Assets/Resources/ReturnV2/StateArt/pylon-charging/02.png' with importer (TextureImporter)
Imported 'GUID: 41717ee1c92ca584e958af5bc3b954eb' -> (Import Result ID: '17c474ce447b5992b45fbae26c875871') in 0.002 seconds [static and dynamic dependencies]. Details - ImportResultOutputID=5099a4a04478a6fe7b91821aef2b9732 DependenciesID=5aa24178e76a815078c708406136de49 StaticDependenciesID=fa25ff35fc42516c76518b588836f343 
Asset Pipeline Refresh (id=6ad3405e081854f87a1cd9887e3a399c): Total: 0.024 seconds - Initiated by StopAssetImportingV2(NoUpdateAssetOptions)
Importing 'GUID: d76b6656a9d67694a8fc4e7a3b4d02fa - Path: Assets/Resources/ReturnV2/StateArt/pylon-charging/03.png' with importer (TextureImporter)
Imported 'GUID: d76b6656a9d67694a8fc4e7a3b4d02fa' -> (Import Result ID: '213cb30d55cc4f058847951ad622b507') in 0.003 seconds [static and dynamic dependencies]. Details - ImportResultOutputID=2badb3896484d13859ceeb2a836b111f DependenciesID=bfc5fa1661964e2173e1111cdaed1004 StaticDependenciesID=390f65b3b1b09a8e488768b74154840f 
Asset Pipeline Refresh (id=90aa5073a84cd41c9a33eca529121058): Total: 0.024 seconds - Initiated by StopAssetImportingV2(NoUpdateAssetOptions)
Importing 'GUID: 9ea34cc74d83d3444939babcb84d8ee8 - Path: Assets/Resources/ReturnV2/StateArt/pylon-charging/04.png' with importer (TextureImporter)
Imported 'GUID: 9ea34cc74d83d3444939babcb84d8ee8' -> (Import Result ID: '7d591e5dd8119c1ead9ab0a4005b5f3b') in 0.003 seconds [static and dynamic dependencies]. Details - ImportResultOutputID=8ec6e9a4a4ea75d8895e2e542edff778 DependenciesID=4f19e950357e160680d865b5536b4bda StaticDependenciesID=a95e2730b7b1ea8066c116a364c7e46e 
Asset Pipeline Refresh (id=87bfb1d01e33e449d9365d47fed2943b): Total: 0.025 seconds - Initiated by StopAssetImportingV2(NoUpdateAssetOptions)
Importing 'GUID: be01eb08c911dae4bbf49b51a00903d7 - Path: Assets/Resources/ReturnV2/StateArt/pylon-charging/05.png' with importer (TextureImporter)
Imported 'GUID: be01eb08c911dae4bbf49b51a00903d7' -> (Import Result ID: 'f14e0bb945600d20fd9f144c0b154f1f') in 0.003 seconds [static and dynamic dependencies]. Details - ImportResultOutputID=a00a6456af317cbd3edd07eb6f08a2ee DependenciesID=cee285330b824943bac741365a44c318 StaticDependenciesID=f2ad674a2e4222c48f166c100b0ee17f 
Asset Pipeline Refresh (id=471c8bafc69434e45a61108682c2df99): Total: 0.024 seconds - Initiated by StopAssetImportingV2(NoUpdateAssetOptions)
Importing 'GUID: 9526a56bfe8f3e148ab0fe81e402bdd5 - Path: Assets/Resources/ReturnV2/StateArt/pylon-charging/06.png' with importer (TextureImporter)
Imported 'GUID: 9526a56bfe8f3e148ab0fe81e402bdd5' -> (Import Result ID: 'e43f1dd84271e4b2d9fd498d8592ed64') in 0.002 seconds [static and dynamic dependencies]. Details - ImportResultOutputID=331398a92bbfbe5f157c78b8419878d7 DependenciesID=4c73661e4fda273f470e77fcacd1b244 StaticDependenciesID=6ef6a14a0da1ab54cdf8665276bf88c6 
Asset Pipeline Refresh (id=88dda8084a17943349acef6bb20dfc1d): Total: 0.024 seconds - Initiated by StopAssetImportingV2(NoUpdateAssetOptions)
Importing 'GUID: 9fba1b26d32c52e48a3bc833a991f334 - Path: Assets/Resources/ReturnV2/StateArt/pylon-charging/07.png' with importer (TextureImporter)
Imported 'GUID: 9fba1b26d32c52e48a3bc833a991f334' -> (Import Result ID: 'd16205ee8e99e0b42bc4d7dd3ca7f1a3') in 0.003 seconds [static and dynamic dependencies]. Details - ImportResultOutputID=e1a8440e3825b2802fe1a805c5b7d91f DependenciesID=30758891821780d976f686ab6eae4402 StaticDependenciesID=dca2113860432697642c8575679c3b1f 
Asset Pipeline Refresh (id=6cc20e2ca8cb348d6a1dc11ed434db99): Total: 0.024 seconds - Initiated by StopAssetImportingV2(NoUpdateAssetOptions)
Importing 'GUID: 97c7145729ec89f458979b5256cb4d8c - Path: Assets/Resources/ReturnV2/StateArt/pylon-charging/08.png' with importer (TextureImporter)
Imported 'GUID: 97c7145729ec89f458979b5256cb4d8c' -> (Import Result ID: 'a334ba3712880a534c553f213f6e4595') in 0.003 seconds [static and dynamic dependencies]. Details - ImportResultOutputID=ef1d3f752499ea0f42e77402a7eccb98 DependenciesID=f74d1f60fa88bc072e95c53184f29ca1 StaticDependenciesID=ce92a05a29d7ec4bcba4b16980f6ecfe 
Asset Pipeline Refresh (id=daaaad846c11649c5accb1ab0b330ee1): Total: 0.024 seconds - Initiated by StopAssetImportingV2(NoUpdateAssetOptions)
Importing 'GUID: 6bfde51f20d16c74fb61d94d5b5e94f9 - Path: Assets/Resources/ReturnV2/StateArt/pylon-charging/09.png' with importer (TextureImporter)
Imported 'GUID: 6bfde51f20d16c74fb61d94d5b5e94f9' -> (Import Result ID: 'ffd105418d826e4b405a3245f98e6a8f') in 0.003 seconds [static and dynamic dependencies]. Details - ImportResultOutputID=2f598f0970893678e98af45d910096ac DependenciesID=905b46d78ae4603d9fae5540e2e52a78 StaticDependenciesID=199612941a8fd868c2c66631eb6785b9 
Asset Pipeline Refresh (id=f2d449b87827d4c139c8962b21b0bfcf): Total: 0.024 seconds - Initiated by StopAssetImportingV2(NoUpdateAssetOptions)
Importing 'GUID: 240a8f8e90904a54697dd4fcb5e1c870 - Path: Assets/Resources/ReturnV2/StateArt/pylon-charging/10.png' with importer (TextureImporter)
Imported 'GUID: 240a8f8e90904a54697dd4fcb5e1c870' -> (Import Result ID: '2d69f06b4d0388e6d1517aafe42920f0') in 0.003 seconds [static and dynamic dependencies]. Details - ImportResultOutputID=6cd8dee8abd655a304a8d293259da480 DependenciesID=8a175ceec24bf691954d79ba08f72326 StaticDependenciesID=a543ab686868a34937a14cad76fb3114 
Asset Pipeline Refresh (id=d68b55ad07eaf42e4896c8eaa7443fb8): Total: 0.024 seconds - Initiated by StopAssetImportingV2(NoUpdateAssetOptions)
Importing 'GUID: 748be22267c2992488dd4a03d8156dd2 - Path: Assets/Resources/ReturnV2/StateArt/pylon-charging/11.png' with importer (TextureImporter)
Imported 'GUID: 748be22267c2992488dd4a03d8156dd2' -> (Import Result ID: 'a52766cbe1b460b0b2df80abb111f80f') in 0.003 seconds [static and dynamic dependencies]. Details - ImportResultOutputID=9e8ddc73887e7f9b259e1aa6b875d016 DependenciesID=79519964dde2c498f80d3637fda6b411 StaticDependenciesID=601962192000ef126f4ad1da8640979d 
Asset Pipeline Refresh (id=60c14aaaaaa35452a89d274d33fe18f8): Total: 0.024 seconds - Initiated by StopAssetImportingV2(NoUpdateAssetOptions)
Importing 'GUID: 2d3a8c1ea3517784d979fce174cb4bb9 - Path: Assets/Resources/ReturnV2/StateArt/pylon-cooldown/00.png' with importer (TextureImporter)
Imported 'GUID: 2d3a8c1ea3517784d979fce174cb4bb9' -> (Import Result ID: '888a1f711133382de676ca61faa591dd') in 0.003 seconds [static and dynamic dependencies]. Details - ImportResultOutputID=9d1c8ffcb96bbd0aff983702e0825e7e DependenciesID=e2e2955629a94af977463c11e6acd257 StaticDependenciesID=81442f6d4c5e2b09b652b080a4e3c23c 
Asset Pipeline Refresh (id=5eca6f759e2f7406dbf03840ff331837): Total: 0.024 seconds - Initiated by StopAssetImportingV2(NoUpdateAssetOptions)
Importing 'GUID: 1880d19543182954aa2505b4934a07a4 - Path: Assets/Resources/ReturnV2/StateArt/pylon-discharge/00.png' with importer (TextureImporter)
Imported 'GUID: 1880d19543182954aa2505b4934a07a4' -> (Import Result ID: '88ba4eaa1ea5760d131383315a16c72c') in 0.002 seconds [static and dynamic dependencies]. Details - ImportResultOutputID=1baa2cbb13376246957a008320e7d53d DependenciesID=60f9e21993fcf043b14d80cabad4654a StaticDependenciesID=81830d044d1bc6655910f7379054fa04 
Asset Pipeline Refresh (id=28759d299d8e742f7a1662f776f8daec): Total: 0.024 seconds - Initiated by StopAssetImportingV2(NoUpdateAssetOptions)
Importing 'GUID: a67dc04271d304f4c9730c116c6a6e0c - Path: Assets/Resources/ReturnV2/StateArt/pylon-discharge/01.png' with importer (TextureImporter)
Imported 'GUID: a67dc04271d304f4c9730c116c6a6e0c' -> (Import Result ID: 'ec3cd67270f2fa3abc9b481e63faa9d8') in 0.002 seconds [static and dynamic dependencies]. Details - ImportResultOutputID=1138f3c10d37eec310ad4a9becc4985e DependenciesID=30426cc8b4e42d34912cd5d94c254ab3 StaticDependenciesID=60166563d03704c98716b9dff73c893d 
Asset Pipeline Refresh (id=ad39cb13aa0f8417e8151f4c269953af): Total: 0.024 seconds - Initiated by StopAssetImportingV2(NoUpdateAssetOptions)
Importing 'GUID: b2c717e8ef89f5a4595f181b776c2420 - Path: Assets/Resources/ReturnV2/StateArt/pylon-discharge/02.png' with importer (TextureImporter)
Imported 'GUID: b2c717e8ef89f5a4595f181b776c2420' -> (Import Result ID: '719fb597fe2a60848c5363381310a1e2') in 0.003 seconds [static and dynamic dependencies]. Details - ImportResultOutputID=bbb63381729200c6aef67fa4ca4fcc0f DependenciesID=e579d51ba1a81f474108ad945cddab9f StaticDependenciesID=6bfbdc364fda73dce61af8d4d2a62ec4 
Asset Pipeline Refresh (id=2a0a46d0515bf448f9f0844b3f528a25): Total: 0.024 seconds - Initiated by StopAssetImportingV2(NoUpdateAssetOptions)
Importing 'GUID: 2396332f13f9f874b9ba0e6bf48a72d6 - Path: Assets/Resources/ReturnV2/StateArt/pylon-discharge/03.png' with importer (TextureImporter)
Imported 'GUID: 2396332f13f9f874b9ba0e6bf48a72d6' -> (Import Result ID: '829205136817e7958a876d0736fce73d') in 0.003 seconds [static and dynamic dependencies]. Details - ImportResultOutputID=93f3400d21bc5105ce9223cced869480 DependenciesID=d90c7d10e12a2e9f9897d902477f8c65 StaticDependenciesID=523ffea220aeb6431208644c569c1744 
Asset Pipeline Refresh (id=23b4f58438675402caf399bdb69ea388): Total: 0.025 seconds - Initiated by StopAssetImportingV2(NoUpdateAssetOptions)
Importing 'GUID: 01726156038963545b3d0b20f42c2e27 - Path: Assets/Resources/ReturnV2/StateArt/pylon-discharge/04.png' with importer (TextureImporter)
Imported 'GUID: 01726156038963545b3d0b20f42c2e27' -> (Import Result ID: 'cf7960b06d95dc1adf03a394941a266d') in 0.003 seconds [static and dynamic dependencies]. Details - ImportResultOutputID=a736a8e2bba4a3e14b501a200fc47f36 DependenciesID=add894de15b21b184dd0a8e1b5713ad8 StaticDependenciesID=6358d21369cf59a1669047351d220734 
Asset Pipeline Refresh (id=e574f2a4e8ac84ec293ba56b1bf57178): Total: 0.025 seconds - Initiated by StopAssetImportingV2(NoUpdateAssetOptions)
Importing 'GUID: ff508bce26d0e3141b92a9ca32c2a08c - Path: Assets/Resources/ReturnV2/StateArt/pylon-discharge/05.png' with importer (TextureImporter)
Imported 'GUID: ff508bce26d0e3141b92a9ca32c2a08c' -> (Import Result ID: 'e7f64a28ab81128521a8c50ae676a2a4') in 0.003 seconds [static and dynamic dependencies]. Details - ImportResultOutputID=0b159a345b4625982d0ccd9116944b63 DependenciesID=b759bcac581235fa828d4f960eb5b4d9 StaticDependenciesID=c76117093a2a9e778229f801cac82dc3 
Asset Pipeline Refresh (id=43efcff4199f64a51bd3983ce3173ce4): Total: 0.024 seconds - Initiated by StopAssetImportingV2(NoUpdateAssetOptions)
Importing 'GUID: 46735ec0de9c763409e5a08f60e7aaab - Path: Assets/Resources/ReturnV2/StateArt/pylon-discharge/06.png' with importer (TextureImporter)
Imported 'GUID: 46735ec0de9c763409e5a08f60e7aaab' -> (Import Result ID: 'a46d260e043696e5b56f4d7f3e759ad5') in 0.003 seconds [static and dynamic dependencies]. Details - ImportResultOutputID=479fa4a250964ccccf733043803fdd75 DependenciesID=89eb11516b657bb12c1c16b6c76e924d StaticDependenciesID=1c7589433429fe80ed7366552098dc17 
Asset Pipeline Refresh (id=d03d38935d2a34916b0e6904da11f4f5): Total: 0.025 seconds - Initiated by StopAssetImportingV2(NoUpdateAssetOptions)
Importing 'GUID: 8fb3a611390c332448d628d8deb5ca87 - Path: Assets/Resources/ReturnV2/StateArt/pylon-discharge/07.png' with importer (TextureImporter)
Imported 'GUID: 8fb3a611390c332448d628d8deb5ca87' -> (Import Result ID: '72d3bf46cc550af04b8190aa355492a1') in 0.002 seconds [static and dynamic dependencies]. Details - ImportResultOutputID=d436dcf4fe2bfc8f599ac4934af1cde8 DependenciesID=1ea4a4cb2519dc800a530e0011270a45 StaticDependenciesID=2b2543359afd60241d7556eaf154e9ee 
Asset Pipeline Refresh (id=84844bdee6aed4155b72f101b7b38909): Total: 0.024 seconds - Initiated by StopAssetImportingV2(NoUpdateAssetOptions)
Importing 'GUID: 5f5849edb8df01842a0debea3b1021c0 - Path: Assets/Resources/ReturnV2/StateArt/pylon-discharge/08.png' with importer (TextureImporter)
Imported 'GUID: 5f5849edb8df01842a0debea3b1021c0' -> (Import Result ID: '802d3e866aedfc97b044113f350cb3f1') in 0.002 seconds [static and dynamic dependencies]. Details - ImportResultOutputID=d62f633b84db166fac4e16e9e8aa86c7 DependenciesID=afc3e3007fcc96aec5ad7355e8ab1052 StaticDependenciesID=1fc37a24e72ad2244c85f608f881d4a8 
Asset Pipeline Refresh (id=f645fc0e20c394b6aa454319df49c29a): Total: 0.024 seconds - Initiated by StopAssetImportingV2(NoUpdateAssetOptions)
Importing 'GUID: 7c4320e84dda3c64788a235ca1c95ab2 - Path: Assets/Resources/ReturnV2/StateArt/pylon-discharge/09.png' with importer (TextureImporter)
Imported 'GUID: 7c4320e84dda3c64788a235ca1c95ab2' -> (Import Result ID: '59a1bbdd7d1623044ed11817a4e48c72') in 0.003 seconds [static and dynamic dependencies]. Details - ImportResultOutputID=7f6de0f22720d9cbfa01008863387e30 DependenciesID=c8f704886a78663a12dfd495eff36c7f StaticDependenciesID=71ce69f8327f2f9d243e100d7aa4beef 
Asset Pipeline Refresh (id=7b64f6b8ae7c5493c8c46ed96ebcfefe): Total: 0.026 seconds - Initiated by StopAssetImportingV2(NoUpdateAssetOptions)
Importing 'GUID: 2572ade478beaf84881fb1f483cb83fb - Path: Assets/Resources/ReturnV2/StateArt/pylon-discharge/10.png' with importer (TextureImporter)
Imported 'GUID: 2572ade478beaf84881fb1f483cb83fb' -> (Import Result ID: '4922c51aed95f4882e271dacb801bab8') in 0.002 seconds [static and dynamic dependencies]. Details - ImportResultOutputID=11d875c39fee3558df56244a7bdd685c DependenciesID=8c062f5bfcefc99c75258b6397650d42 StaticDependenciesID=c14df5bbab5b67ef6a6a58eeb723075e 
Asset Pipeline Refresh (id=6d776243fd0d54b34b0190710d094d41): Total: 0.025 seconds - Initiated by StopAssetImportingV2(NoUpdateAssetOptions)
Importing 'GUID: 59da92c0f6d34dc4694dabd54ea84af9 - Path: Assets/Resources/ReturnV2/StateArt/pylon-discharge/11.png' with importer (TextureImporter)
Imported 'GUID: 59da92c0f6d34dc4694dabd54ea84af9' -> (Import Result ID: '258665d1a5985fe7f048f6ab1f526ead') in 0.003 seconds [static and dynamic dependencies]. Details - ImportResultOutputID=95f612ef49f96bf797ceb9255cbed1f7 DependenciesID=6fbb39a311603a412a23c6b20f72da28 StaticDependenciesID=a2a12aa9f47763e945bea6cb5b4d5499 
Asset Pipeline Refresh (id=2b1253ad3ed3e43268e4bf4d2d15da44): Total: 0.027 seconds - Initiated by StopAssetImportingV2(NoUpdateAssetOptions)
Importing 'GUID: 140c69fcca1f94e4595b707824adc878 - Path: Assets/Resources/ReturnV2/StateArt/pylon-expiring/00.png' with importer (TextureImporter)
Imported 'GUID: 140c69fcca1f94e4595b707824adc878' -> (Import Result ID: '03016aa9802e2a62ca45bb572b5d055e') in 0.002 seconds [static and dynamic dependencies]. Details - ImportResultOutputID=0cce0485a8c3e6f3041985607ba05938 DependenciesID=515b9a886d76b6399675c54c48180216 StaticDependenciesID=6c482d0412cc100a50eaf72385870318 
Asset Pipeline Refresh (id=356cb350ddc4547aba1c54ed208ab5a8): Total: 0.024 seconds - Initiated by StopAssetImportingV2(NoUpdateAssetOptions)
Importing 'GUID: b806b7c64e4cc724a96cdad9ed9f11cc - Path: Assets/Resources/ReturnV2/StateArt/pylon-expiring/01.png' with importer (TextureImporter)
Imported 'GUID: b806b7c64e4cc724a96cdad9ed9f11cc' -> (Import Result ID: '3db1f64cab31afca9fbf2cf4d59f6557') in 0.003 seconds [static and dynamic dependencies]. Details - ImportResultOutputID=d61061581638d7abb61e7feb6dd8e1e0 DependenciesID=913cb18e4ba59549cc294c1ada61b58a StaticDependenciesID=590208898863797f09b1c2df39461310 
Asset Pipeline Refresh (id=dbc11be4655ab45c7a92b42c23c486a3): Total: 0.024 seconds - Initiated by StopAssetImportingV2(NoUpdateAssetOptions)
Importing 'GUID: 753c18923131ed04c890c5f316a8e98f - Path: Assets/Resources/ReturnV2/StateArt/pylon-expiring/02.png' with importer (TextureImporter)
Imported 'GUID: 753c18923131ed04c890c5f316a8e98f' -> (Import Result ID: 'e875cc88a20f1e7536b1ca95f03768ae') in 0.003 seconds [static and dynamic dependencies]. Details - ImportResultOutputID=94e17a4538d315b236bb497b57de4fec DependenciesID=8fa9b2fcf356ef99a3217b36b07f6682 StaticDependenciesID=84b5ab2c2763b7b346ce056755abad3f 
Asset Pipeline Refresh (id=61835ad6ed6754ccab8a22b72b72bca5): Total: 0.024 seconds - Initiated by StopAssetImportingV2(NoUpdateAssetOptions)
Importing 'GUID: f53334ee229c8274facfabf9d89c02d0 - Path: Assets/Resources/ReturnV2/StateArt/pylon-expiring/03.png' with importer (TextureImporter)
Imported 'GUID: f53334ee229c8274facfabf9d89c02d0' -> (Import Result ID: 'd0c13c232d263f37e100c303cd1cdd88') in 0.003 seconds [static and dynamic dependencies]. Details - ImportResultOutputID=9c3c159ebf855c855a410f865e85c7cd DependenciesID=3f786764936c69d675b9939c4239b006 StaticDependenciesID=2491c00cc1808969120c47cdaff459a5 
Asset Pipeline Refresh (id=9ac973c60bc3249d8b4f73d5cae6af73): Total: 0.024 seconds - Initiated by StopAssetImportingV2(NoUpdateAssetOptions)
Importing 'GUID: d4cc183778420ec40820da90cc7afab1 - Path: Assets/Resources/ReturnV2/StateArt/pylon-expiring/04.png' with importer (TextureImporter)
Imported 'GUID: d4cc183778420ec40820da90cc7afab1' -> (Import Result ID: '440282fb5b0aa948f2bc68d350154b4d') in 0.003 seconds [static and dynamic dependencies]. Details - ImportResultOutputID=878047cb30034d4f2c065e6ad3aa5aa1 DependenciesID=9ea761e1b37bbbbd7f67a0a800a4bae9 StaticDependenciesID=a0d99c0329e80eb3127e90852deddf22 
Asset Pipeline Refresh (id=cc36d677fac6f4947a194cb297a81880): Total: 0.025 seconds - Initiated by StopAssetImportingV2(NoUpdateAssetOptions)
Importing 'GUID: be76cd2c97a6fd84db89db4d6b49f9cc - Path: Assets/Resources/ReturnV2/StateArt/pylon-expiring/05.png' with importer (TextureImporter)
Imported 'GUID: be76cd2c97a6fd84db89db4d6b49f9cc' -> (Import Result ID: '5f69bf1a697da97611d96b1ee4101ca6') in 0.003 seconds [static and dynamic dependencies]. Details - ImportResultOutputID=0db9c86d71e416716502715ab5328ad6 DependenciesID=ad804368441d461a9e56eb995dba402d StaticDependenciesID=b5abb4009aedd3050970c28399097fdb 
Asset Pipeline Refresh (id=781aa8a167a304ad795d2a0959dadeb8): Total: 0.025 seconds - Initiated by StopAssetImportingV2(NoUpdateAssetOptions)
Importing 'GUID: bd2eaa31aa9b1b24d9cec53e946af848 - Path: Assets/Resources/ReturnV2/StateArt/pylon-expiring/06.png' with importer (TextureImporter)
Imported 'GUID: bd2eaa31aa9b1b24d9cec53e946af848' -> (Import Result ID: '11667bc69171729a3c449998ee277d03') in 0.002 seconds [static and dynamic dependencies]. Details - ImportResultOutputID=39246dc8a2356878b869bed0fa8f3643 DependenciesID=4eaca0ca84c6f8c75b6e9358181c3b97 StaticDependenciesID=cfa241ae56a66877d6e31c3cb0679329 
Asset Pipeline Refresh (id=306633645d3a14a13b123ba33ba9c869): Total: 0.024 seconds - Initiated by StopAssetImportingV2(NoUpdateAssetOptions)
Importing 'GUID: e04bec8c818af694c90a9a9be12d9c12 - Path: Assets/Resources/ReturnV2/StateArt/pylon-expiring/07.png' with importer (TextureImporter)
Imported 'GUID: e04bec8c818af694c90a9a9be12d9c12' -> (Import Result ID: '482df96e8688887882e1aadcd0f8bb93') in 0.003 seconds [static and dynamic dependencies]. Details - ImportResultOutputID=bd8c419a051109fbf5db0e41202e7ca5 DependenciesID=440bd4b07ec1cd0477581640e0def402 StaticDependenciesID=cd3fd42d0479bbc5d539f7df77861726 
Asset Pipeline Refresh (id=8479135fdb3384cafa53d9dbcbeca382): Total: 0.024 seconds - Initiated by StopAssetImportingV2(NoUpdateAssetOptions)
Importing 'GUID: 44bc51ce468008b4f9aaad380b8260a2 - Path: Assets/Resources/ReturnV2/StateArt/pylon-expiring/08.png' with importer (TextureImporter)
Imported 'GUID: 44bc51ce468008b4f9aaad380b8260a2' -> (Import Result ID: '3385fdf5ff24a6b69c711d76d6aeab36') in 0.002 seconds [static and dynamic dependencies]. Details - ImportResultOutputID=bf8460312c63ea5ae5167dfe7db73a22 DependenciesID=8c41fbcd8997800a591b2eee860570a0 StaticDependenciesID=77693578c4189fc6386a1ec7a619ae11 
Asset Pipeline Refresh (id=4ae15874ef03643e693844d231258415): Total: 0.024 seconds - Initiated by StopAssetImportingV2(NoUpdateAssetOptions)
Importing 'GUID: e6a378cc851ea324d85c306c77e5402b - Path: Assets/Resources/ReturnV2/StateArt/pylon-expiring/09.png' with importer (TextureImporter)
Imported 'GUID: e6a378cc851ea324d85c306c77e5402b' -> (Import Result ID: '3805f5c2748077b06fb75c4598c823c8') in 0.003 seconds [static and dynamic dependencies]. Details - ImportResultOutputID=76fd9a3fbc375813b48965355773a82d DependenciesID=c0efd5bc4b1a0bcd72c4f4f7f2610d85 StaticDependenciesID=bb832464c119316ba6b6e89ebed5d6b1 
Asset Pipeline Refresh (id=23db13c7234ee4ca18954929b3dbe62d): Total: 0.025 seconds - Initiated by StopAssetImportingV2(NoUpdateAssetOptions)
Importing 'GUID: b917e9996dd306d4596a0a607f16c6a8 - Path: Assets/Resources/ReturnV2/StateArt/pylon-expiring/10.png' with importer (TextureImporter)
Imported 'GUID: b917e9996dd306d4596a0a607f16c6a8' -> (Import Result ID: '9fa8526c8890e8db25647c2bf6582b78') in 0.002 seconds [static and dynamic dependencies]. Details - ImportResultOutputID=10ff7dd4a3c16e1df69528b974da0a96 DependenciesID=7ddd9c83c2d63ec4bed3c4a90b9e3058 StaticDependenciesID=e90310b625db228e02ec87c11ab4ccde 
Asset Pipeline Refresh (id=4f44461245b0d4c579b9529ba55672b1): Total: 0.024 seconds - Initiated by StopAssetImportingV2(NoUpdateAssetOptions)
Importing 'GUID: 1630b13a0bb3c8f44b6511b3f2e6a8d0 - Path: Assets/Resources/ReturnV2/StateArt/pylon-expiring/11.png' with importer (TextureImporter)
Imported 'GUID: 1630b13a0bb3c8f44b6511b3f2e6a8d0' -> (Import Result ID: '417ee14b3ab9898a099cf8562a4acc52') in 0.003 seconds [static and dynamic dependencies]. Details - ImportResultOutputID=f05b20e16853a048f16a19d6dd3e5a36 DependenciesID=387f014bc8e4efcd52f1c45e8696f396 StaticDependenciesID=a3cee390db8c80f96f5aad9ba0fdc1dc 
Asset Pipeline Refresh (id=7b9e05e8791a947cfb0b0fbca90cb58c): Total: 0.024 seconds - Initiated by StopAssetImportingV2(NoUpdateAssetOptions)
Importing 'GUID: 28b5ffb7c07406b419eb477e3e442be2 - Path: Assets/Resources/ReturnV2/StateArt/pylon-idle/00.png' with importer (TextureImporter)
Imported 'GUID: 28b5ffb7c07406b419eb477e3e442be2' -> (Import Result ID: '52d94c08fc076102331d6f8fd44d8372') in 0.003 seconds [static and dynamic dependencies]. Details - ImportResultOutputID=a9fe18d3b0e0256cff7bd83afd41241b DependenciesID=99d7e9bfe416136bb581b4bcdb8ca279 StaticDependenciesID=6c1a9685e5ea0c12a1265b9ca16e5c40 
Asset Pipeline Refresh (id=ebe84655d599a475c81ea302ed220b06): Total: 0.025 seconds - Initiated by StopAssetImportingV2(NoUpdateAssetOptions)
Importing 'GUID: ec1804bc0f123e94d98c88fb995c197a - Path: Assets/Resources/ReturnV2/StateArt/warden-powered-down/00.png' with importer (TextureImporter)
Imported 'GUID: ec1804bc0f123e94d98c88fb995c197a' -> (Import Result ID: 'b0b32c600639b772a53b940aa4f97fc7') in 0.004 seconds [static and dynamic dependencies]. Details - ImportResultOutputID=9f9fe56c626e2b116bb8145d2e2ab783 DependenciesID=71e852c904f5fab9671ff5da259621af StaticDependenciesID=bd2ba8929940b71335d07fc6b8adafa0 
Asset Pipeline Refresh (id=259e970f1ffdc403ba8a68a260b8ed98): Total: 0.026 seconds - Initiated by StopAssetImportingV2(NoUpdateAssetOptions)
Importing 'GUID: 65c674e3b6a1cd849a918309e8917159 - Path: Assets/Resources/ReturnV2/StateArt/warning-charge/00.png' with importer (TextureImporter)
Imported 'GUID: 65c674e3b6a1cd849a918309e8917159' -> (Import Result ID: '57e02277e7c4995c249b79f26b4a640e') in 0.002 seconds [static and dynamic dependencies]. Details - ImportResultOutputID=8c9bbe8316f0babac50ce1e39c1412a5 DependenciesID=61dad36ca686a5803cceb87fde294f99 StaticDependenciesID=366d742be5bdc9c2e9cba841f5ebec0f 
Asset Pipeline Refresh (id=3becdbdf9f2de4b73a383da5798a1270): Total: 0.024 seconds - Initiated by StopAssetImportingV2(NoUpdateAssetOptions)
Importing 'GUID: 84589d83a25f55e42aa4add22d335652 - Path: Assets/Resources/ReturnV2/StateArt/warning-charge/01.png' with importer (TextureImporter)
Imported 'GUID: 84589d83a25f55e42aa4add22d335652' -> (Import Result ID: '6387a07097baaf031ea0ca9ca8670512') in 0.003 seconds [static and dynamic dependencies]. Details - ImportResultOutputID=358e6b8eeda5514886ca614fbace4807 DependenciesID=0d30dbbee220d8e3ee019d10538dcba7 StaticDependenciesID=197263d8081b3723f346de315e3d77e4 
Asset Pipeline Refresh (id=ec01a54440bb94e73ae0f8a59f42fc64): Total: 0.025 seconds - Initiated by StopAssetImportingV2(NoUpdateAssetOptions)
Importing 'GUID: 6c0e11fac6010c54e9728940a58d391e - Path: Assets/Resources/ReturnV2/StateArt/warning-charge/02.png' with importer (TextureImporter)
Imported 'GUID: 6c0e11fac6010c54e9728940a58d391e' -> (Import Result ID: 'eaba92dca6190fcb9a2f4d7287cb5e31') in 0.003 seconds [static and dynamic dependencies]. Details - ImportResultOutputID=6ca5d1abefa2033b08a3fe0871ee88a1 DependenciesID=f0f790dbe95dc248b0d2a48ffeef8a62 StaticDependenciesID=7cf31736230d6a4dcec3e3dacab7ca65 
Asset Pipeline Refresh (id=3b8d0b9894e3c47198e1787c3e17c741): Total: 0.024 seconds - Initiated by StopAssetImportingV2(NoUpdateAssetOptions)
Importing 'GUID: bedd5f6c95a66134aafd4b9d28395259 - Path: Assets/Resources/ReturnV2/StateArt/warning-charge/03.png' with importer (TextureImporter)
Imported 'GUID: bedd5f6c95a66134aafd4b9d28395259' -> (Import Result ID: '08814d5cf4bd938f527f979bf0f32443') in 0.002 seconds [static and dynamic dependencies]. Details - ImportResultOutputID=6893d24a0fef892a7cbb3a5f6e5f524f DependenciesID=cc122bb21a221af3fe91b218830cb32d StaticDependenciesID=c12befd341120ebb2c1c2684e3e1d920 
Asset Pipeline Refresh (id=47c78bd7a95d74c53ba7851825eb4391): Total: 0.024 seconds - Initiated by StopAssetImportingV2(NoUpdateAssetOptions)
Importing 'GUID: cfde3f30e4a65e9468262c40fdf57bfe - Path: Assets/Resources/ReturnV2/StateArt/warning-charge/04.png' with importer (TextureImporter)
Imported 'GUID: cfde3f30e4a65e9468262c40fdf57bfe' -> (Import Result ID: '0edd19a3f4ef3877b6a275169bc8c4fe') in 0.003 seconds [static and dynamic dependencies]. Details - ImportResultOutputID=4b46ecc8fccf8e28ce66fc0ad4a97288 DependenciesID=f26bf2d6b79023b0c937ba1c693d0642 StaticDependenciesID=5094fad61cd3c6ca0e71942c7254814d 
Asset Pipeline Refresh (id=8542683ccd2884b4da6eadac3df5c57c): Total: 0.025 seconds - Initiated by StopAssetImportingV2(NoUpdateAssetOptions)
Importing 'GUID: 20580de2402484246a999adf1967bca6 - Path: Assets/Resources/ReturnV2/StateArt/warning-charge/05.png' with importer (TextureImporter)
Imported 'GUID: 20580de2402484246a999adf1967bca6' -> (Import Result ID: 'c54b9a4af9144f6b7d7b13ec9148bf72') in 0.003 seconds [static and dynamic dependencies]. Details - ImportResultOutputID=6ad268c235bd9e09ad5795d44269ebad DependenciesID=0fe3c22b16272eba733550ddfd7b1792 StaticDependenciesID=344d87966cd5e7059697ed2da34c919f 
Asset Pipeline Refresh (id=7fa7325661d384f5c998f5336ad63534): Total: 0.024 seconds - Initiated by StopAssetImportingV2(NoUpdateAssetOptions)
Importing 'GUID: 855ccc6d4b73bbb41aa28c1c97f33248 - Path: Assets/Resources/ReturnV2/StateArt/warning-charge/06.png' with importer (TextureImporter)
Imported 'GUID: 855ccc6d4b73bbb41aa28c1c97f33248' -> (Import Result ID: '2f671e381f5b2dd55682e874883cad4a') in 0.003 seconds [static and dynamic dependencies]. Details - ImportResultOutputID=e029ab637d49377dce9620542197ec2c DependenciesID=345b454f759a5acaa0513472741b145b StaticDependenciesID=2d9859b7658536f6b16248980937a6c5 
Asset Pipeline Refresh (id=b1a37a368644941bd939f40a1e9a4ad0): Total: 0.024 seconds - Initiated by StopAssetImportingV2(NoUpdateAssetOptions)
Importing 'GUID: c41365414f3ea20489ed49606cb05e1e - Path: Assets/Resources/ReturnV2/StateArt/warning-charge/07.png' with importer (TextureImporter)
Imported 'GUID: c41365414f3ea20489ed49606cb05e1e' -> (Import Result ID: '96c85fabc598f6ca697b1a92193f82e2') in 0.002 seconds [static and dynamic dependencies]. Details - ImportResultOutputID=aed440ece2c140113af9a5e1ef86a3bf DependenciesID=a59ab4cfb80cb39939614845dad1d4f7 StaticDependenciesID=9e467f2d1d4f3eb8b3ea1886e7bf07b4 
Asset Pipeline Refresh (id=aac85697144614e9c8ed2e76d0361da9): Total: 0.024 seconds - Initiated by StopAssetImportingV2(NoUpdateAssetOptions)
Importing 'GUID: 8fb5a0c0efba9494a8a59197af0570b7 - Path: Assets/Resources/ReturnV2/StateArt/warning-charge/08.png' with importer (TextureImporter)
Imported 'GUID: 8fb5a0c0efba9494a8a59197af0570b7' -> (Import Result ID: 'fa3c72f578c55ef68895e4959b056af3') in 0.002 seconds [static and dynamic dependencies]. Details - ImportResultOutputID=d825095e0c6b3430984fb31983b9f063 DependenciesID=42aa3fe5f8bffe5e1561daf426a7a0f0 StaticDependenciesID=dcc291bdbd8401f73320669020f5f0af 
Asset Pipeline Refresh (id=da20e5cf116ef4f9a915956efef93652): Total: 0.024 seconds - Initiated by StopAssetImportingV2(NoUpdateAssetOptions)
Importing 'GUID: 8948abc7d6a12c04fa08df4c494f8774 - Path: Assets/Resources/ReturnV2/StateArt/warning-charge/09.png' with importer (TextureImporter)
Imported 'GUID: 8948abc7d6a12c04fa08df4c494f8774' -> (Import Result ID: 'a983e385a22263c1d00fdd879f59acd5') in 0.002 seconds [static and dynamic dependencies]. Details - ImportResultOutputID=cee2438d976975d18c612520c22c3ca6 DependenciesID=7d547b0bee72be0dbd7cf1d022ba996c StaticDependenciesID=4d4f9d3626ecb59dc8fb945b519163c7 
Asset Pipeline Refresh (id=8b478a42b0d72497e9b1cb910ba347a3): Total: 0.024 seconds - Initiated by StopAssetImportingV2(NoUpdateAssetOptions)
Importing 'GUID: b74991e1f5d807d45a6745451e92a2dd - Path: Assets/Resources/ReturnV2/StateArt/warning-charge/10.png' with importer (TextureImporter)
Imported 'GUID: b74991e1f5d807d45a6745451e92a2dd' -> (Import Result ID: '370c4bb023c496812d2a3db727503dee') in 0.003 seconds [static and dynamic dependencies]. Details - ImportResultOutputID=35708fd9ca441a749c7f108dc7f98c0b DependenciesID=52674177026ab9e857931c4450513726 StaticDependenciesID=7729569e667209f9a96d3fb9c6e8373d 
Asset Pipeline Refresh (id=3534d35e8fb1244a9ae04cf82a0b8cd8): Total: 0.024 seconds - Initiated by StopAssetImportingV2(NoUpdateAssetOptions)
Importing 'GUID: 019809f627a0e90449b86485063aa01f - Path: Assets/Resources/ReturnV2/StateArt/warning-charge/11.png' with importer (TextureImporter)
Imported 'GUID: 019809f627a0e90449b86485063aa01f' -> (Import Result ID: '06c87b48a40f366784359834d9cab95c') in 0.002 seconds [static and dynamic dependencies]. Details - ImportResultOutputID=96c6ccadb5498a4ac668db0bbde6cb9a DependenciesID=c58412b995e0a73e0a402a03013a6340 StaticDependenciesID=875f4ae95e29dda43aeeced84feeadbb 
Asset Pipeline Refresh (id=094ccc9ccb9e64484a33cd59b77f324a): Total: 0.024 seconds - Initiated by StopAssetImportingV2(NoUpdateAssetOptions)
Importing 'GUID: f0bed00bebc564044af6a3cc074b686d - Path: Assets/Resources/ReturnV2/StateArt/warning-slam/00.png' with importer (TextureImporter)
Imported 'GUID: f0bed00bebc564044af6a3cc074b686d' -> (Import Result ID: 'aa72a9a5bf2ec13685092abc8913d095') in 0.003 seconds [static and dynamic dependencies]. Details - ImportResultOutputID=ef0b6b19ee7d3814d58e7a48f0006d58 DependenciesID=5a3252729fc893797e45c538ab1b5f67 StaticDependenciesID=f74a6479f03572206872245219ac4255 
Asset Pipeline Refresh (id=8fc933c90b65d4c129036a41e74c7c90): Total: 0.025 seconds - Initiated by StopAssetImportingV2(NoUpdateAssetOptions)
Importing 'GUID: e7ceb2eca1064e146965e760abb7e064 - Path: Assets/Resources/ReturnV2/StateArt/warning-slam/01.png' with importer (TextureImporter)
Imported 'GUID: e7ceb2eca1064e146965e760abb7e064' -> (Import Result ID: '00842e30622422ea60c2c3d583427b50') in 0.003 seconds [static and dynamic dependencies]. Details - ImportResultOutputID=cc7a9419e14877f0ddd0a89a48d50996 DependenciesID=fb29664c621db910816c8d074170afc6 StaticDependenciesID=33fa6e4ba2350df3e35828ba9f8f1d3f 
Asset Pipeline Refresh (id=6811048daa6014e4aa271b39831edf8c): Total: 0.025 seconds - Initiated by StopAssetImportingV2(NoUpdateAssetOptions)
Importing 'GUID: 900bb72e21df1c84c8000399994f56ba - Path: Assets/Resources/ReturnV2/StateArt/warning-slam/02.png' with importer (TextureImporter)
Imported 'GUID: 900bb72e21df1c84c8000399994f56ba' -> (Import Result ID: '21077b1cd5f03182ba51fe6acd7ec87f') in 0.003 seconds [static and dynamic dependencies]. Details - ImportResultOutputID=06deba184076a32e591849f4eb19f4f4 DependenciesID=6eca870ddeb48e8abd3cec37b7cdb169 StaticDependenciesID=f04921d3ce470cc100c28fd4f4cfb465 
Asset Pipeline Refresh (id=6117914c9e146456da284aee044fa57e): Total: 0.024 seconds - Initiated by StopAssetImportingV2(NoUpdateAssetOptions)
Importing 'GUID: ff14c11692c14a94da7a3f1da256717e - Path: Assets/Resources/ReturnV2/StateArt/warning-slam/03.png' with importer (TextureImporter)
Imported 'GUID: ff14c11692c14a94da7a3f1da256717e' -> (Import Result ID: '11253a07564b7ba7a704fa687d4fab53') in 0.003 seconds [static and dynamic dependencies]. Details - ImportResultOutputID=192b8148d2e14ce62afc39cf147430d9 DependenciesID=6ea989d63e2968a82ee789ed3f159c13 StaticDependenciesID=c4014f93b255f133069f9b11599b1f41 
Asset Pipeline Refresh (id=4953a5036657a4bd69be124f34b45d55): Total: 0.025 seconds - Initiated by StopAssetImportingV2(NoUpdateAssetOptions)
Importing 'GUID: 66f4fa0bc78209f46800d7db90f3a1b8 - Path: Assets/Resources/ReturnV2/StateArt/warning-slam/04.png' with importer (TextureImporter)
Imported 'GUID: 66f4fa0bc78209f46800d7db90f3a1b8' -> (Import Result ID: '57625070cb713e666a8b6223c5e7db79') in 0.003 seconds [static and dynamic dependencies]. Details - ImportResultOutputID=26d3dc5e0e63de8dd1bbc86ef5330d12 DependenciesID=0ecde88af8ec9a1129baf9c605044fc6 StaticDependenciesID=ab5801b51e22949dbf263c527daa958b 
Asset Pipeline Refresh (id=fa9fd740f39b140d2ab9f54dfeab0467): Total: 0.025 seconds - Initiated by StopAssetImportingV2(NoUpdateAssetOptions)
Importing 'GUID: 558b3259fae83214598a2b4973ca3123 - Path: Assets/Resources/ReturnV2/StateArt/warning-slam/05.png' with importer (TextureImporter)
Imported 'GUID: 558b3259fae83214598a2b4973ca3123' -> (Import Result ID: '470cfefcc9fe0dea6dd3bc560365ab04') in 0.003 seconds [static and dynamic dependencies]. Details - ImportResultOutputID=1adc304444407691d92b1053f39618ac DependenciesID=3e37fbe7b412bc52b9edd913d3fb6664 StaticDependenciesID=74f6a4a2da7ee3b5a138f94fc7433ec7 
Asset Pipeline Refresh (id=c45da9f00013c426fb7612d2f20af16f): Total: 0.024 seconds - Initiated by StopAssetImportingV2(NoUpdateAssetOptions)
Importing 'GUID: 9bf735e4e9a863b46988dfcd86ca4c15 - Path: Assets/Resources/ReturnV2/StateArt/warning-slam/06.png' with importer (TextureImporter)
Imported 'GUID: 9bf735e4e9a863b46988dfcd86ca4c15' -> (Import Result ID: 'cb7af9f913905afa45f6351462ddca09') in 0.003 seconds [static and dynamic dependencies]. Details - ImportResultOutputID=b055a0531be2745a73e4785b5eab5393 DependenciesID=0e9b05a0e87747537f224a090d3b8162 StaticDependenciesID=d2efe1d23ec89068253879e0790d65c6 
Asset Pipeline Refresh (id=b2e9d7b25f5c049e0a7e554f83cd09a0): Total: 0.024 seconds - Initiated by StopAssetImportingV2(NoUpdateAssetOptions)
Importing 'GUID: e1090a69a7a8ce849a1753407c14e609 - Path: Assets/Resources/ReturnV2/StateArt/warning-slam/07.png' with importer (TextureImporter)
Imported 'GUID: e1090a69a7a8ce849a1753407c14e609' -> (Import Result ID: 'a17ff97d9ec71912d0f4a16e543a7ef2') in 0.003 seconds [static and dynamic dependencies]. Details - ImportResultOutputID=d8bccafe6a9a29b4fd20e7e371898417 DependenciesID=676c705788584b6364ca7ff7ded3e8b5 StaticDependenciesID=90d99a8306bbe613bd4c3c3b60f66a5a 
Asset Pipeline Refresh (id=8308a91882ec247509c65280b0860c2a): Total: 0.024 seconds - Initiated by StopAssetImportingV2(NoUpdateAssetOptions)
Importing 'GUID: 2fe037b5893465f40a57a5bb914c68e8 - Path: Assets/Resources/ReturnV2/StateArt/warning-slam/08.png' with importer (TextureImporter)
Imported 'GUID: 2fe037b5893465f40a57a5bb914c68e8' -> (Import Result ID: '121255eaeb47309fa9eeb6df618c0498') in 0.003 seconds [static and dynamic dependencies]. Details - ImportResultOutputID=7b4fa61b484ba9414762afc84fb17b16 DependenciesID=f5fe1066cd6d0b61c529080abc1d8bd7 StaticDependenciesID=e592016f447e52f0cd2ced6b224cec85 
Asset Pipeline Refresh (id=fedcdf8ae2bba47308e8be7ad34145b6): Total: 0.025 seconds - Initiated by StopAssetImportingV2(NoUpdateAssetOptions)
Importing 'GUID: 68c0badc377350a48b3a46aa7b699373 - Path: Assets/Resources/ReturnV2/StateArt/warning-slam/09.png' with importer (TextureImporter)
Imported 'GUID: 68c0badc377350a48b3a46aa7b699373' -> (Import Result ID: '8d0ec0da109012368a20dbe06f2fef2e') in 0.003 seconds [static and dynamic dependencies]. Details - ImportResultOutputID=d4fbb9d6895f8f7461e3294da1319c0d DependenciesID=634f44ac614a81c51fb1a1788a96dd70 StaticDependenciesID=d9d405664adb9cfb81c1b84cb104dd25 
Asset Pipeline Refresh (id=c4e9cdd0e374f4858b66fc1eb00a9f4d): Total: 0.024 seconds - Initiated by StopAssetImportingV2(NoUpdateAssetOptions)
Importing 'GUID: 152cddd682bd2634f824243b35ba304f - Path: Assets/Resources/ReturnV2/StateArt/warning-slam/10.png' with importer (TextureImporter)
Imported 'GUID: 152cddd682bd2634f824243b35ba304f' -> (Import Result ID: '242ac2e003df78547908dd111c8309fa') in 0.002 seconds [static and dynamic dependencies]. Details - ImportResultOutputID=e6727e87be62a1cad7daccd71a7feb60 DependenciesID=b69eaeac13bea64a136c1a6fdf576770 StaticDependenciesID=d5f6102588254eb76cdff2d69d74b06d 
Asset Pipeline Refresh (id=20202eccd4665456a8043298568a7c99): Total: 0.024 seconds - Initiated by StopAssetImportingV2(NoUpdateAssetOptions)
Importing 'GUID: bffdb83de168a214bafad77f1556a547 - Path: Assets/Resources/ReturnV2/StateArt/warning-slam/11.png' with importer (TextureImporter)
Imported 'GUID: bffdb83de168a214bafad77f1556a547' -> (Import Result ID: 'e6991b8bd49a207316f1de28ee5ff32a') in 0.002 seconds [static and dynamic dependencies]. Details - ImportResultOutputID=4f8b8a0d781fa0f57cc039af755d06e8 DependenciesID=d6dd7d625a0d83c648a75044e3c43f41 StaticDependenciesID=750342c7c32f48645596d09cb8097e0c 
Asset Pipeline Refresh (id=e63b593f58c274307bc515b398528bc1): Total: 0.024 seconds - Initiated by StopAssetImportingV2(NoUpdateAssetOptions)
Importing 'GUID: 98a0324b312c8c14c91bd31182ace28b - Path: Assets/Resources/ReturnV2/StateArt/warning-wave/00.png' with importer (TextureImporter)
Imported 'GUID: 98a0324b312c8c14c91bd31182ace28b' -> (Import Result ID: '7731c99670d8356dc762b3554227fd42') in 0.002 seconds [static and dynamic dependencies]. Details - ImportResultOutputID=494f02d5e0677dccc94b73adb05fa9fb DependenciesID=41143daa2102ccf33a1ca55cbf123fcf StaticDependenciesID=be69271482da230fee06334d4587eaf2 
Asset Pipeline Refresh (id=0ab02eb1db3964e0d83198ec027be934): Total: 0.024 seconds - Initiated by StopAssetImportingV2(NoUpdateAssetOptions)
Importing 'GUID: 3ccf35bb6dd15004c9291091580c9925 - Path: Assets/Resources/ReturnV2/StateArt/warning-wave/01.png' with importer (TextureImporter)
Imported 'GUID: 3ccf35bb6dd15004c9291091580c9925' -> (Import Result ID: '61e2c8f1b2185091ae26a3bc7d2ca4d8') in 0.003 seconds [static and dynamic dependencies]. Details - ImportResultOutputID=72f458fe45413b68108be4fddf7d84d0 DependenciesID=22b303b4d5369a5d101226d2b88b7c9d StaticDependenciesID=4767f00be9e46b1e3a14b3ce6728b5f0 
Asset Pipeline Refresh (id=d6c70da9cdd034b6090bd31335f1afd1): Total: 0.025 seconds - Initiated by StopAssetImportingV2(NoUpdateAssetOptions)
Importing 'GUID: 916125e9be3a5904c8717b6a1ffe06ed - Path: Assets/Resources/ReturnV2/StateArt/warning-wave/02.png' with importer (TextureImporter)
Imported 'GUID: 916125e9be3a5904c8717b6a1ffe06ed' -> (Import Result ID: 'e4fbfda94f1cd5c645f964d2eabf49cb') in 0.002 seconds [static and dynamic dependencies]. Details - ImportResultOutputID=50327a0bf6df90bdbafa14cae14fb397 DependenciesID=fe68801a906af5d0cf8a74fd15e23fcb StaticDependenciesID=7d35f88745a986944bf491cc25b25d92 
Asset Pipeline Refresh (id=ab0365eaa664a4e509bd24463c787471): Total: 0.025 seconds - Initiated by StopAssetImportingV2(NoUpdateAssetOptions)
Importing 'GUID: 5059b61594a9aed4e9db31f67a7f9d9a - Path: Assets/Resources/ReturnV2/StateArt/warning-wave/03.png' with importer (TextureImporter)
Imported 'GUID: 5059b61594a9aed4e9db31f67a7f9d9a' -> (Import Result ID: 'f03d8afe8f44aaf04e222d939a9fc7dc') in 0.002 seconds [static and dynamic dependencies]. Details - ImportResultOutputID=fe45a54d21a356ec7a9a5f0cd1d24d6f DependenciesID=7c3cd07103e64000e5e100765f0cc213 StaticDependenciesID=881b09a572db5ec3ecb220c5d55640cc 
Asset Pipeline Refresh (id=3b2b6d6f4d015424482d86dc6b1a8d90): Total: 0.025 seconds - Initiated by StopAssetImportingV2(NoUpdateAssetOptions)
Importing 'GUID: b695ce4da7aa28046bdd63795982fe42 - Path: Assets/Resources/ReturnV2/StateArt/warning-wave/04.png' with importer (TextureImporter)
Imported 'GUID: b695ce4da7aa28046bdd63795982fe42' -> (Import Result ID: '7970c70a801e519e4b40c5318b4f052b') in 0.002 seconds [static and dynamic dependencies]. Details - ImportResultOutputID=9c426257237ae6aef41328164d909f87 DependenciesID=5749ce35df46317070aa3bcaf793744c StaticDependenciesID=4570e6b1da347924c4efd440ff0e3f19 
Asset Pipeline Refresh (id=3b393757cebb940feb23a41c6fe4025e): Total: 0.025 seconds - Initiated by StopAssetImportingV2(NoUpdateAssetOptions)
Importing 'GUID: f3cc00df4716bbf4ba14a567e0b56e57 - Path: Assets/Resources/ReturnV2/StateArt/warning-wave/05.png' with importer (TextureImporter)
Imported 'GUID: f3cc00df4716bbf4ba14a567e0b56e57' -> (Import Result ID: '9d349f515bd98b6c4f8f925f86df05ee') in 0.002 seconds [static and dynamic dependencies]. Details - ImportResultOutputID=7aa56e63e88ec6d76da7bebcbce77ec1 DependenciesID=ca3e6d731be6d55d2ae06921145911f5 StaticDependenciesID=4613ea80d0b4376a94f7d4bcbc9a88b7 
Asset Pipeline Refresh (id=8702e44e016c64da19941d3039521bf0): Total: 0.024 seconds - Initiated by StopAssetImportingV2(NoUpdateAssetOptions)
Importing 'GUID: a9e8d383c079a5b4d8cff9eff9910083 - Path: Assets/Resources/ReturnV2/StateArt/warning-wave/06.png' with importer (TextureImporter)
Imported 'GUID: a9e8d383c079a5b4d8cff9eff9910083' -> (Import Result ID: '59b773bff05cbe13d4dd650854482a37') in 0.002 seconds [static and dynamic dependencies]. Details - ImportResultOutputID=7e06f52ebb9c5f929acbef90ed5264cf DependenciesID=b0a82ce92b3aa97a18fe916e2ce07576 StaticDependenciesID=092d6ba7089fad1973d44d2c69f4cc04 
Asset Pipeline Refresh (id=a280a6d3d6a5547ebac9d876ec5fae52): Total: 0.024 seconds - Initiated by StopAssetImportingV2(NoUpdateAssetOptions)
Importing 'GUID: a7409a7d7af12bf429440eb90b8a1216 - Path: Assets/Resources/ReturnV2/StateArt/warning-wave/07.png' with importer (TextureImporter)
Imported 'GUID: a7409a7d7af12bf429440eb90b8a1216' -> (Import Result ID: 'f9d69a52cbaaec8a13adbfd75a453a2c') in 0.003 seconds [static and dynamic dependencies]. Details - ImportResultOutputID=3c089316cd193d8170ba9b7d93fa3fbc DependenciesID=8a4a976802e2c014666f4ba6c89ba930 StaticDependenciesID=04f9b7dec5dd717a04725523b8d32f75 
Asset Pipeline Refresh (id=5a56ebbe034a74769b4752dfb7e87f19): Total: 0.024 seconds - Initiated by StopAssetImportingV2(NoUpdateAssetOptions)
Importing 'GUID: 69642263ae1ea6f4d9946d8b3471b900 - Path: Assets/Resources/ReturnV2/StateArt/warning-wave/08.png' with importer (TextureImporter)
Imported 'GUID: 69642263ae1ea6f4d9946d8b3471b900' -> (Import Result ID: 'f291d357463158ba940bac27480628a8') in 0.003 seconds [static and dynamic dependencies]. Details - ImportResultOutputID=b38c9c9f8327f4174083a921d7f8f78c DependenciesID=0f2ba257ddb5d636486fafefb91bd763 StaticDependenciesID=7f617b612eb975ae10902e312cb2d38f 
Asset Pipeline Refresh (id=54b27f43a850f46658a4e5fd24ef20cd): Total: 0.025 seconds - Initiated by StopAssetImportingV2(NoUpdateAssetOptions)
Importing 'GUID: 90e57b04b0db83d4eb089d4551062b93 - Path: Assets/Resources/ReturnV2/StateArt/warning-wave/09.png' with importer (TextureImporter)
Imported 'GUID: 90e57b04b0db83d4eb089d4551062b93' -> (Import Result ID: '670d393290fcac4ee34f232d4cf1cba9') in 0.002 seconds [static and dynamic dependencies]. Details - ImportResultOutputID=b5021e1a38f083cc7b1a2ca9d16d827a DependenciesID=39cd5ab6ceef42e3334dcafde4aa3940 StaticDependenciesID=1a7270907a75a6c34fca4e3c4b2c1db0 
Asset Pipeline Refresh (id=b05197993a2f342449c176b9cf200ce7): Total: 0.024 seconds - Initiated by StopAssetImportingV2(NoUpdateAssetOptions)
Importing 'GUID: d18ec58a7056b8e40869e685a340e64f - Path: Assets/Resources/ReturnV2/StateArt/warning-wave/10.png' with importer (TextureImporter)
Imported 'GUID: d18ec58a7056b8e40869e685a340e64f' -> (Import Result ID: '6d86918a08f1894c4df0e4ffb6937e23') in 0.003 seconds [static and dynamic dependencies]. Details - ImportResultOutputID=7f8ec90c152c096626d32ee81770fd23 DependenciesID=7ad408bdbb0d57015ea1a1e3091197e6 StaticDependenciesID=204a0a84f2fe04cd112ee83b359dfa74 
Asset Pipeline Refresh (id=5bda1c807fc224687aa88fa826495874): Total: 0.025 seconds - Initiated by StopAssetImportingV2(NoUpdateAssetOptions)
Importing 'GUID: 4c1bd183618c5934c860fd30b862d1d5 - Path: Assets/Resources/ReturnV2/StateArt/warning-wave/11.png' with importer (TextureImporter)
Imported 'GUID: 4c1bd183618c5934c860fd30b862d1d5' -> (Import Result ID: '2f8261be7b84f5176f52bee32ad2e499') in 0.003 seconds [static and dynamic dependencies]. Details - ImportResultOutputID=fe3a2362fb8a81a119da6dab60cccee4 DependenciesID=919e77fb4bc35481b0720eed080eb612 StaticDependenciesID=75af6270605bf7b8bc2e22e8445f5e66 
Asset Pipeline Refresh (id=7b0d10c20a0af419cb035ccb680c0c7e): Total: 0.024 seconds - Initiated by StopAssetImportingV2(NoUpdateAssetOptions)
Importing 'GUID: 969d952c5dff5154e8a97f8217f6f06c - Path: Assets/Resources/ReturnV2/StateArt/wave-spin/00.png' with importer (TextureImporter)
Imported 'GUID: 969d952c5dff5154e8a97f8217f6f06c' -> (Import Result ID: 'fc22397cc35b9e2fa31dbd06e9f7790c') in 0.003 seconds [static and dynamic dependencies]. Details - ImportResultOutputID=4196166d1caf91533610267a110737eb DependenciesID=659d7bcbd39950b0a78eca02e783d49a StaticDependenciesID=413d8aad66ec11c96c7fe064dea969f6 
Asset Pipeline Refresh (id=26a184b85390e4956b47c96a0ab961e4): Total: 0.025 seconds - Initiated by StopAssetImportingV2(NoUpdateAssetOptions)
Importing 'GUID: 149f75c83dd3cc44ab0e19508c3d93dd - Path: Assets/Resources/ReturnV2/StateArt/wave-spin/01.png' with importer (TextureImporter)
Imported 'GUID: 149f75c83dd3cc44ab0e19508c3d93dd' -> (Import Result ID: '7bf18fff43615e7f904a3125df663f0f') in 0.003 seconds [static and dynamic dependencies]. Details - ImportResultOutputID=8827560e08d4c2f5d32311d759b92684 DependenciesID=c2fb729cfde0018f7c0502d743446d62 StaticDependenciesID=cb6dc7c1bad261fa6ff575f94d7a0833 
Asset Pipeline Refresh (id=59b1a1b0d5b0d40ab889292920631532): Total: 0.027 seconds - Initiated by StopAssetImportingV2(NoUpdateAssetOptions)
Importing 'GUID: ec2fc60086fc06b4e9499579cb2c4ddd - Path: Assets/Resources/ReturnV2/StateArt/wave-spin/02.png' with importer (TextureImporter)
Imported 'GUID: ec2fc60086fc06b4e9499579cb2c4ddd' -> (Import Result ID: 'a45b043ba749fea5450665b508e57d31') in 0.003 seconds [static and dynamic dependencies]. Details - ImportResultOutputID=fc384f74d1ad672dab484987c7400492 DependenciesID=7e6f4be9e73f179ed1d48dba63984ff4 StaticDependenciesID=e3c603ba9efac34e16ca5958d7f00911 
Asset Pipeline Refresh (id=d96bfd85f5191442f97844b3aa4c4b93): Total: 0.025 seconds - Initiated by StopAssetImportingV2(NoUpdateAssetOptions)
Importing 'GUID: c567c6e08e3079a48bdeea49892cb85a - Path: Assets/Resources/ReturnV2/StateArt/wave-spin/03.png' with importer (TextureImporter)
Imported 'GUID: c567c6e08e3079a48bdeea49892cb85a' -> (Import Result ID: 'bd978b110d21f30aeffcc050930c90f2') in 0.002 seconds [static and dynamic dependencies]. Details - ImportResultOutputID=a1a149424b7494a3c4f31cd45f4b9f08 DependenciesID=0a61089e4b49b73da44194bb7f1a1488 StaticDependenciesID=2628e1b61f504bad6f8a54fffcf217f6 
Asset Pipeline Refresh (id=9d7855b2fb6aa47fc960eae4d37b5b61): Total: 0.024 seconds - Initiated by StopAssetImportingV2(NoUpdateAssetOptions)
Importing 'GUID: fce887ae6efc2524e82a97484b16e17a - Path: Assets/Resources/ReturnV2/StateArt/wave-spin/04.png' with importer (TextureImporter)
Imported 'GUID: fce887ae6efc2524e82a97484b16e17a' -> (Import Result ID: '4d1af81267fe3e5b383f40c295b2ff2a') in 0.002 seconds [static and dynamic dependencies]. Details - ImportResultOutputID=6991b94d30bf315ee190dcbc64a024b4 DependenciesID=7cbd0cb2ef1fe7259a0b42bcdb34621a StaticDependenciesID=fc47804e0663e71ffefea0708d7c69ad 
Asset Pipeline Refresh (id=47df0aca262aa40a1a6017c49e963ea1): Total: 0.024 seconds - Initiated by StopAssetImportingV2(NoUpdateAssetOptions)
Importing 'GUID: 50b129806bc44d845bbb85587e2445bc - Path: Assets/Resources/ReturnV2/StateArt/wave-spin/05.png' with importer (TextureImporter)
Imported 'GUID: 50b129806bc44d845bbb85587e2445bc' -> (Import Result ID: 'f359ae5e57fd4bde74d9a2131995a960') in 0.002 seconds [static and dynamic dependencies]. Details - ImportResultOutputID=8d77c14a94067ba2eb587f7d59399356 DependenciesID=de59abcc7c9b0e00f202289eefcbe0e2 StaticDependenciesID=d3c048221154fdd3c50f555403b154aa 
Asset Pipeline Refresh (id=18fbf3aa0155c4058beab020a910c2e8): Total: 0.024 seconds - Initiated by StopAssetImportingV2(NoUpdateAssetOptions)
Importing 'GUID: b2c04916fdfd2094bbdd14a9e22dd8c1 - Path: Assets/Resources/ReturnV2/StateArt/wave-spin/06.png' with importer (TextureImporter)
Imported 'GUID: b2c04916fdfd2094bbdd14a9e22dd8c1' -> (Import Result ID: '05e845d9dabe2d0a59ec57071ebac53d') in 0.002 seconds [static and dynamic dependencies]. Details - ImportResultOutputID=8723c3d89aef49e6ca8ec9119b60b7f1 DependenciesID=f41a053ea3891b21726780120b073fb7 StaticDependenciesID=dedb8decbb8a606cad92e116a2048aed 
Asset Pipeline Refresh (id=9a888f7a059714866b67fb0221995c2d): Total: 0.024 seconds - Initiated by StopAssetImportingV2(NoUpdateAssetOptions)
Importing 'GUID: 391d148b886224a4fb4291212c2c007b - Path: Assets/Resources/ReturnV2/StateArt/wave-spin/07.png' with importer (TextureImporter)
Imported 'GUID: 391d148b886224a4fb4291212c2c007b' -> (Import Result ID: 'd46f399588d6567b18bcc10d80263194') in 0.002 seconds [static and dynamic dependencies]. Details - ImportResultOutputID=090a131c09764a54295b568c730739a8 DependenciesID=4849d67c0daab8638246017538960986 StaticDependenciesID=bd338214be9777cac800007c31fce67c 
Asset Pipeline Refresh (id=1a4bad85b375048fb967fb906bcfc096): Total: 0.024 seconds - Initiated by StopAssetImportingV2(NoUpdateAssetOptions)
Importing 'GUID: 161ccbf40f07a3b4c9a9a8eae1e57fa9 - Path: Assets/Resources/ReturnV2/StateArt/wave-spin/08.png' with importer (TextureImporter)
Imported 'GUID: 161ccbf40f07a3b4c9a9a8eae1e57fa9' -> (Import Result ID: '1c6b0f652190b6ffcae817f46e5f8a11') in 0.002 seconds [static and dynamic dependencies]. Details - ImportResultOutputID=c0e2c630b8f3e91dea33373320ac441a DependenciesID=d27b63ed1e3f20fac27e6905ddbbd67c StaticDependenciesID=f7a94fee04ee1658553e7644cd826cfb 
Asset Pipeline Refresh (id=57bf0ac09989b430394e1f6f72a6d1ca): Total: 0.024 seconds - Initiated by StopAssetImportingV2(NoUpdateAssetOptions)
Importing 'GUID: 40a3fe2f10f0f1c44ac7adca711ad299 - Path: Assets/Resources/ReturnV2/StateArt/wave-spin/09.png' with importer (TextureImporter)
Imported 'GUID: 40a3fe2f10f0f1c44ac7adca711ad299' -> (Import Result ID: '4caa6a4d722e6276f33a315f1b85ccad') in 0.002 seconds [static and dynamic dependencies]. Details - ImportResultOutputID=d376602c704746947c8a5da54ab50ed8 DependenciesID=15c77d2339ca638c63a5d103bda6cb8c StaticDependenciesID=9bf776bfedffcd21466ac2a2b89e5304 
Asset Pipeline Refresh (id=8a6d704fcfe5f46c8a9d631bc8897b34): Total: 0.024 seconds - Initiated by StopAssetImportingV2(NoUpdateAssetOptions)
Importing 'GUID: 27dd938ee461dcf4da381d3f3e0776fc - Path: Assets/Resources/ReturnV2/StateArt/wave-spin/10.png' with importer (TextureImporter)
Imported 'GUID: 27dd938ee461dcf4da381d3f3e0776fc' -> (Import Result ID: 'a954096ba24d15f12ed6834739a259d7') in 0.002 seconds [static and dynamic dependencies]. Details - ImportResultOutputID=e6d5a35b7cca98154e5ecfc2e4d24c7c DependenciesID=f0aca009f81cecfbf13d146b19d534e8 StaticDependenciesID=58589d256cc862b509f408ba1f24e2ba 
Asset Pipeline Refresh (id=a4fb17f1dfda9406f88b0d784ae5eecb): Total: 0.024 seconds - Initiated by StopAssetImportingV2(NoUpdateAssetOptions)
Importing 'GUID: 8a74c9f336d129a4d97398eb7ec91ec8 - Path: Assets/Resources/ReturnV2/StateArt/wave-spin/11.png' with importer (TextureImporter)
Imported 'GUID: 8a74c9f336d129a4d97398eb7ec91ec8' -> (Import Result ID: '1543b123d841e5a3b18e59244834cb5e') in 0.003 seconds [static and dynamic dependencies]. Details - ImportResultOutputID=9d636f1c0fec31d5445012394092644b DependenciesID=956ee6d56812cfa728eb2d6ab7249691 StaticDependenciesID=d98bca51939081bce54bcfc900211355 
Asset Pipeline Refresh (id=ffe00c29e151b4292a615c67d13c155c): Total: 0.024 seconds - Initiated by StopAssetImportingV2(NoUpdateAssetOptions)
Importing 'GUID: 1867088f28db3b94994b226103f0a3f8 - Path: Assets/Resources/ReturnV2/StateArt/wave-spin/12.png' with importer (TextureImporter)
Imported 'GUID: 1867088f28db3b94994b226103f0a3f8' -> (Import Result ID: '700f259ded2ccb2337e132422604867e') in 0.002 seconds [static and dynamic dependencies]. Details - ImportResultOutputID=2ef0270863048cf7a73c850c68e183d1 DependenciesID=18c4142994e2bf2498396ee7b4ecae8b StaticDependenciesID=64fbc09c7187c147a6883e8a84890e97 
Asset Pipeline Refresh (id=5638ceb99f53c4c929126699b375bab6): Total: 0.024 seconds - Initiated by StopAssetImportingV2(NoUpdateAssetOptions)
Importing 'GUID: d6b7f53fd3834f14daac47219be7ae67 - Path: Assets/Resources/ReturnV2/StateArt/wave-spin/13.png' with importer (TextureImporter)
Imported 'GUID: d6b7f53fd3834f14daac47219be7ae67' -> (Import Result ID: '6d41b647545da7558851637591fb57ae') in 0.002 seconds [static and dynamic dependencies]. Details - ImportResultOutputID=f848b251dc3029263277ed16823fe555 DependenciesID=6bd16d11bcb9b093502ca4cfc261bd10 StaticDependenciesID=b34fc72ffa9109a82a58f83851ccf69c 
Asset Pipeline Refresh (id=8a31c25add654437193b8b36f683f4e3): Total: 0.024 seconds - Initiated by StopAssetImportingV2(NoUpdateAssetOptions)
Importing 'GUID: 89bb63c0a60579d4fb6b53b08aab65fb - Path: Assets/Resources/ReturnV2/StateArt/workshop-power-0/00.png' with importer (TextureImporter)
Imported 'GUID: 89bb63c0a60579d4fb6b53b08aab65fb' -> (Import Result ID: '43aaa3918c3bfed200f9b66061fb9ce4') in 0.013 seconds [static and dynamic dependencies]. Details - ImportResultOutputID=419eb0ce94256c48985d927c5385eefe DependenciesID=242c273eaa5039f8ee33ef8d8677a466 StaticDependenciesID=49a3f18a2cebcbc95b3219b9ce1ca3b7 
Asset Pipeline Refresh (id=4836102e6f9e64ea6aa632d3f32722cf): Total: 0.035 seconds - Initiated by StopAssetImportingV2(NoUpdateAssetOptions)
Importing 'GUID: 252be445b944fab46a0afcece8c0d3ba - Path: Assets/Resources/ReturnV2/StateArt/workshop-power-1/00.png' with importer (TextureImporter)
Imported 'GUID: 252be445b944fab46a0afcece8c0d3ba' -> (Import Result ID: '6b12c8880b65b79735cf416599805643') in 0.013 seconds [static and dynamic dependencies]. Details - ImportResultOutputID=7db780c50a84c556f6052701141dfc3b DependenciesID=c52e0c486b565603f68a080f2dd8875e StaticDependenciesID=5458d1c69cead866e6c62939cde29309 
Asset Pipeline Refresh (id=6bc43fd6c4f344e95adf49d40307d630): Total: 0.035 seconds - Initiated by StopAssetImportingV2(NoUpdateAssetOptions)
Importing 'GUID: 5e006ce7c9858aa468ef03d23da9dcb9 - Path: Assets/Resources/ReturnV2/StateArt/workshop-power-2/00.png' with importer (TextureImporter)
Imported 'GUID: 5e006ce7c9858aa468ef03d23da9dcb9' -> (Import Result ID: '62be924d1b969268af7bc7599ff8eead') in 0.013 seconds [static and dynamic dependencies]. Details - ImportResultOutputID=821b36b65aaad7da36968adf94dcc227 DependenciesID=f0f5d030f58697a7cb6ae42ae9d5413c StaticDependenciesID=87e47cef580b0701761d63e26980ad1d 
Asset Pipeline Refresh (id=fc2fc837999024299ad57e1f7981e5a2): Total: 0.035 seconds - Initiated by StopAssetImportingV2(NoUpdateAssetOptions)
Importing 'GUID: d576941637006d64a86af14049c06236 - Path: Assets/Resources/ReturnV2/StateArt/workshop-power-3/00.png' with importer (TextureImporter)
Imported 'GUID: d576941637006d64a86af14049c06236' -> (Import Result ID: '28b4d84df64fa215919910cc19335692') in 0.013 seconds [static and dynamic dependencies]. Details - ImportResultOutputID=9c36cebdcb238c5b57a0584bcac0073e DependenciesID=b3a94059c01deed128cc33a38fa47f11 StaticDependenciesID=463b6376d08bd52ebe8ee08b5db38d86 
Asset Pipeline Refresh (id=f5bd1a298645340f1b17d106b971af73): Total: 0.035 seconds - Initiated by StopAssetImportingV2(NoUpdateAssetOptions)
Importing 'GUID: 07b473b5ba9c51e48e8913623f3a4552 - Path: Assets/Resources/ReturnV2/TiqueV10/Attack/00.png' with importer (TextureImporter)
Imported 'GUID: 07b473b5ba9c51e48e8913623f3a4552' -> (Import Result ID: 'e390e100ebff0bdbefcf70680470ecee') in 0.003 seconds [static and dynamic dependencies]. Details - ImportResultOutputID=42d4354513171423fdc148ca92bc4555 DependenciesID=1565f8af0407a6a08420800eb8daab52 StaticDependenciesID=8ed568c8dd4471906d36b70b5d9fcaad 
Asset Pipeline Refresh (id=76e472b66668e43a09387e8c2e09e813): Total: 0.025 seconds - Initiated by StopAssetImportingV2(NoUpdateAssetOptions)
Importing 'GUID: fc777216ed2d5cb694a8f352f2c8e273 - Path: Assets/Resources/ReturnV2/TiqueV10/Attack/01.png' with importer (TextureImporter)
Imported 'GUID: fc777216ed2d5cb694a8f352f2c8e273' -> (Import Result ID: '215742002369794e70dd83720a8f5851') in 0.003 seconds [static and dynamic dependencies]. Details - ImportResultOutputID=86a2199a50e01683e7a595b3ba199623 DependenciesID=095b5df5f2ea22a0c7b3295fe83f7ccd StaticDependenciesID=f216803208d813f798779982824070d1 
Asset Pipeline Refresh (id=5ad24fc2450884e048059d3e35c48f3f): Total: 0.024 seconds - Initiated by StopAssetImportingV2(NoUpdateAssetOptions)
Importing 'GUID: f609875892a25b0a973c5e0289302f3a - Path: Assets/Resources/ReturnV2/TiqueV10/Attack/02.png' with importer (TextureImporter)
Imported 'GUID: f609875892a25b0a973c5e0289302f3a' -> (Import Result ID: '41962da548299baa8375b216a64a3aed') in 0.002 seconds [static and dynamic dependencies]. Details - ImportResultOutputID=200c8cb8ab6f45c47f9a20800d571d07 DependenciesID=f990a7d351e689f86d92863280ddf0f3 StaticDependenciesID=3ab8b1246cf8eb0f8a0479d670c6738f 
Asset Pipeline Refresh (id=c757919c4efd647bd9c3e4fc69df40bf): Total: 0.024 seconds - Initiated by StopAssetImportingV2(NoUpdateAssetOptions)
Importing 'GUID: 318bcc3b261d500999e231f5cdf53ff9 - Path: Assets/Resources/ReturnV2/TiqueV10/Attack/03.png' with importer (TextureImporter)
Imported 'GUID: 318bcc3b261d500999e231f5cdf53ff9' -> (Import Result ID: 'e48752f1aab5fd7bacd61bd30483265a') in 0.003 seconds [static and dynamic dependencies]. Details - ImportResultOutputID=e1bd40cf79153aa9b873cd8cc6f1d2a4 DependenciesID=5606656117c2d00dd3d6ea8d98a171e2 StaticDependenciesID=7532b42edfe16d7a29d1cb002fb56331 
Asset Pipeline Refresh (id=d73d9d0423abc4177ab98058378d5f6f): Total: 0.024 seconds - Initiated by StopAssetImportingV2(NoUpdateAssetOptions)
Importing 'GUID: b9ab9e7b2db6551aa9f73ab20c5c274d - Path: Assets/Resources/ReturnV2/TiqueV10/Attack/04.png' with importer (TextureImporter)
Imported 'GUID: b9ab9e7b2db6551aa9f73ab20c5c274d' -> (Import Result ID: 'a99a0f544902466dd7e8af0385863cf8') in 0.002 seconds [static and dynamic dependencies]. Details - ImportResultOutputID=1c5a29cc64951544569b3ff7492c2bd0 DependenciesID=e4a894ecad8628a26b8d10aa398e6e62 StaticDependenciesID=15233ddb52dd1ab12ba045d5d2fab48c 
Asset Pipeline Refresh (id=8a67b8733e8f8431d99a933c5604489b): Total: 0.024 seconds - Initiated by StopAssetImportingV2(NoUpdateAssetOptions)
Importing 'GUID: 444a446a2e235ee5915514622b46f343 - Path: Assets/Resources/ReturnV2/TiqueV10/Attack/05.png' with importer (TextureImporter)
Imported 'GUID: 444a446a2e235ee5915514622b46f343' -> (Import Result ID: '92281f6f9b3c38064d493839cdba1a5b') in 0.002 seconds [static and dynamic dependencies]. Details - ImportResultOutputID=8a8d9faaeac7b2703cdf0284536b666b DependenciesID=b4a053ee4be98cf2076a827d035419b5 StaticDependenciesID=38d8465e4b56c1ea7f4d39b5032f069e 
Asset Pipeline Refresh (id=4b2ad32d1049941aca29371a1d97d7fd): Total: 0.024 seconds - Initiated by StopAssetImportingV2(NoUpdateAssetOptions)
Importing 'GUID: 2d9f5834bcb25cc59068e3c7e81884d0 - Path: Assets/Resources/ReturnV2/TiqueV10/Attack/06.png' with importer (TextureImporter)
Imported 'GUID: 2d9f5834bcb25cc59068e3c7e81884d0' -> (Import Result ID: 'fce28f81cdb9450b6e391bd5b94f9399') in 0.002 seconds [static and dynamic dependencies]. Details - ImportResultOutputID=0b11efbe50d11b833d8fe9ac882b4a09 DependenciesID=96070f6ef84bddebcb2725093f5c1d6a StaticDependenciesID=d6997225dbd745312f48b80a6025fed5 
Asset Pipeline Refresh (id=7ae542217624248d0b9cafc33414d881): Total: 0.023 seconds - Initiated by StopAssetImportingV2(NoUpdateAssetOptions)
Importing 'GUID: 6b60646be4e15e2f9a4364545a63d2ee - Path: Assets/Resources/ReturnV2/TiqueV10/Attack/07.png' with importer (TextureImporter)
Imported 'GUID: 6b60646be4e15e2f9a4364545a63d2ee' -> (Import Result ID: '8ab5b43268bcd7ae86387c13cec026d5') in 0.003 seconds [static and dynamic dependencies]. Details - ImportResultOutputID=2b3230dcf184f8c0205d217bab756ad1 DependenciesID=d21ea8ed545776dc211c47fed1073c36 StaticDependenciesID=eded78f28d776aa36cb67c1687ac0fd2 
Asset Pipeline Refresh (id=8f7d89b2b262e49fea09267f0460bba8): Total: 0.024 seconds - Initiated by StopAssetImportingV2(NoUpdateAssetOptions)
Importing 'GUID: 0710eb3a1c3c529a879da2501f2eaf84 - Path: Assets/Resources/ReturnV2/TiqueV10/Attack/08.png' with importer (TextureImporter)
Imported 'GUID: 0710eb3a1c3c529a879da2501f2eaf84' -> (Import Result ID: '0c21008d9b4e91d9e921674357ae9e11') in 0.002 seconds [static and dynamic dependencies]. Details - ImportResultOutputID=f55205ff4749f076c6fb9474aca97545 DependenciesID=6aadee872d74a8d48fddb8b0a47a0833 StaticDependenciesID=f2e72f4431294b6f3acd00281d323043 
Asset Pipeline Refresh (id=b2453d25d03f847acab3eb8a11562571): Total: 0.024 seconds - Initiated by StopAssetImportingV2(NoUpdateAssetOptions)
Importing 'GUID: 1f8cb4e98d8c57519870e78b1ef4fd4e - Path: Assets/Resources/ReturnV2/TiqueV10/Attack/09.png' with importer (TextureImporter)
Imported 'GUID: 1f8cb4e98d8c57519870e78b1ef4fd4e' -> (Import Result ID: 'adef335936acad1249d2f7a279ce0f72') in 0.002 seconds [static and dynamic dependencies]. Details - ImportResultOutputID=f5b19d70f687167e283e70989f25707b DependenciesID=25f34c0086312e5142d9726207ca13cc StaticDependenciesID=8f7f48c5ee77a89330cb11ee53929e14 
Asset Pipeline Refresh (id=a4672462a1c9349c9afdf1c58e12b105): Total: 0.025 seconds - Initiated by StopAssetImportingV2(NoUpdateAssetOptions)
Importing 'GUID: b66254b74bfb58c38b5ea44eddaeed67 - Path: Assets/Resources/ReturnV2/TiqueV10/Attack/10.png' with importer (TextureImporter)
Imported 'GUID: b66254b74bfb58c38b5ea44eddaeed67' -> (Import Result ID: '0f8fe43329a40406a1b5def0eaabdeae') in 0.002 seconds [static and dynamic dependencies]. Details - ImportResultOutputID=348c8e4152b8fc27b0023b9a76018660 DependenciesID=b1c8421c28b4169651a44659f9232bb4 StaticDependenciesID=af635fbdaa0037c2b8847f2a1086435f 
Asset Pipeline Refresh (id=cab8280fd801e449cab2249ce9226ddc): Total: 0.024 seconds - Initiated by StopAssetImportingV2(NoUpdateAssetOptions)
Importing 'GUID: b873609a87c452f7aba27053b1fdd5fe - Path: Assets/Resources/ReturnV2/TiqueV10/Attack/11.png' with importer (TextureImporter)
Imported 'GUID: b873609a87c452f7aba27053b1fdd5fe' -> (Import Result ID: '221771ea5587699ca223cad40c29b923') in 0.003 seconds [static and dynamic dependencies]. Details - ImportResultOutputID=9f14828196d7b393ee89db5809948363 DependenciesID=f11600f99739c382b5b3794f8c56e10b StaticDependenciesID=73adcafeafc309de38f80af3fd97bb47 
Asset Pipeline Refresh (id=df33f6bc23c00454285943a6695a1fe9): Total: 0.024 seconds - Initiated by StopAssetImportingV2(NoUpdateAssetOptions)
Importing 'GUID: 3c3c79a8a93d57b584278946f207196f - Path: Assets/Resources/ReturnV2/TiqueV10/Dash/00.png' with importer (TextureImporter)
Imported 'GUID: 3c3c79a8a93d57b584278946f207196f' -> (Import Result ID: '3f89479b923c6dba27128d199f0ad800') in 0.002 seconds [static and dynamic dependencies]. Details - ImportResultOutputID=536e7949769703134879243832b07227 DependenciesID=70219654397c199a7511b116e1504651 StaticDependenciesID=1159a157090b73c6e52d515daadcf7b1 
Asset Pipeline Refresh (id=32fbc2870c55d432c9d428876a5de739): Total: 0.023 seconds - Initiated by StopAssetImportingV2(NoUpdateAssetOptions)
Importing 'GUID: 374a7ed2541d5154aa3edb1dd06e31e0 - Path: Assets/Resources/ReturnV2/TiqueV10/Dash/01.png' with importer (TextureImporter)
Imported 'GUID: 374a7ed2541d5154aa3edb1dd06e31e0' -> (Import Result ID: '5d9c445eff9d69bd18d100f492bbc4f8') in 0.002 seconds [static and dynamic dependencies]. Details - ImportResultOutputID=33d94c492faa8e694ce9a18f739d0378 DependenciesID=3d4f520a7cfef6884227fb61a03d63c3 StaticDependenciesID=1d9d55d73278cc841db0582ef63a5ce5 
Asset Pipeline Refresh (id=58a8ee529b7bb4c5bb296f6eac7b0f53): Total: 0.024 seconds - Initiated by StopAssetImportingV2(NoUpdateAssetOptions)
Importing 'GUID: afec1cd1f09358dc92d89d6903bd2a41 - Path: Assets/Resources/ReturnV2/TiqueV10/Dash/02.png' with importer (TextureImporter)
Imported 'GUID: afec1cd1f09358dc92d89d6903bd2a41' -> (Import Result ID: 'e103d015636e99922db2298a0c656989') in 0.002 seconds [static and dynamic dependencies]. Details - ImportResultOutputID=3c1f77a6d827fa3bb8308a833edce4e1 DependenciesID=d8fa3f5d0c8c29d3c4c4ae85f5797e3f StaticDependenciesID=e423d65ab957762646f140ee361c0860 
Asset Pipeline Refresh (id=5a8edd78f536c4d2b8aab89676f44818): Total: 0.024 seconds - Initiated by StopAssetImportingV2(NoUpdateAssetOptions)
Importing 'GUID: fc20daeebff0589c9d6f61cd8814b2bb - Path: Assets/Resources/ReturnV2/TiqueV10/Dash/03.png' with importer (TextureImporter)
Imported 'GUID: fc20daeebff0589c9d6f61cd8814b2bb' -> (Import Result ID: 'aa1afe2f468d141ab8bfb9ff82f7b544') in 0.002 seconds [static and dynamic dependencies]. Details - ImportResultOutputID=249766369d2b2bdb99455f700c201741 DependenciesID=ad27900f6eea1ce9402947101aa8990a StaticDependenciesID=db193c8e553d5be60da2d4c4f3796eb3 
Asset Pipeline Refresh (id=b44c565c535ac4bf1b5bf8e23ed06192): Total: 0.025 seconds - Initiated by StopAssetImportingV2(NoUpdateAssetOptions)
Importing 'GUID: 4cd8f33ccbff5778ab2ae37c8467455d - Path: Assets/Resources/ReturnV2/TiqueV10/Dash/04.png' with importer (TextureImporter)
Imported 'GUID: 4cd8f33ccbff5778ab2ae37c8467455d' -> (Import Result ID: '2e6e6e5329f1aeec8219cf2472effccd') in 0.002 seconds [static and dynamic dependencies]. Details - ImportResultOutputID=41eb5ae3653aa95342e306d8f639d3c9 DependenciesID=97a4fba0eb7a0aebaf9ff16970606dd5 StaticDependenciesID=c3920755b531ba00e758825b9bc721f0 
Asset Pipeline Refresh (id=67292e8f537ae4a4bb18a2db602f5123): Total: 0.024 seconds - Initiated by StopAssetImportingV2(NoUpdateAssetOptions)
Importing 'GUID: 5b4ce3ffdc89540b89177010239c5a60 - Path: Assets/Resources/ReturnV2/TiqueV10/Dash/05.png' with importer (TextureImporter)
Imported 'GUID: 5b4ce3ffdc89540b89177010239c5a60' -> (Import Result ID: '6d91f0e798ed8c62a8f5aba875c50d98') in 0.002 seconds [static and dynamic dependencies]. Details - ImportResultOutputID=b923a717762a634bb3b5f4a5576e8925 DependenciesID=84f4542baf1152e0819c404d2684524a StaticDependenciesID=31f2f5998107d7d2780f813d7c2a8803 
Asset Pipeline Refresh (id=941064a1ccfe0459084169761f6441fa): Total: 0.023 seconds - Initiated by StopAssetImportingV2(NoUpdateAssetOptions)
Importing 'GUID: c0666a84baa25b1fa56b21bab835d7a5 - Path: Assets/Resources/ReturnV2/TiqueV10/Dash/06.png' with importer (TextureImporter)
Imported 'GUID: c0666a84baa25b1fa56b21bab835d7a5' -> (Import Result ID: 'a5c822267bf0c92812f5b8536e8007c5') in 0.002 seconds [static and dynamic dependencies]. Details - ImportResultOutputID=d97de37e05a7d8e7813a962d56d710bb DependenciesID=028b351213dfb572ce336f2543be5e07 StaticDependenciesID=2143bdac98d564033e9bb99698d29d72 
Asset Pipeline Refresh (id=bcb84d32f15144bc78e2332b2542070b): Total: 0.024 seconds - Initiated by StopAssetImportingV2(NoUpdateAssetOptions)
Importing 'GUID: 36134c8336e9511091b87640ec652561 - Path: Assets/Resources/ReturnV2/TiqueV10/Dash/07.png' with importer (TextureImporter)
Imported 'GUID: 36134c8336e9511091b87640ec652561' -> (Import Result ID: 'a084090f415044b202593bb93b52511b') in 0.003 seconds [static and dynamic dependencies]. Details - ImportResultOutputID=7a795245948818bd70ab877ddda9e525 DependenciesID=c5505f76ccd822a3b01c7d64bc58af10 StaticDependenciesID=6ddb0e61c677cca110e2a5e4a9057f18 
Asset Pipeline Refresh (id=dcc12f560de0247e18c5dff059b35069): Total: 0.024 seconds - Initiated by StopAssetImportingV2(NoUpdateAssetOptions)
Importing 'GUID: ba692ad6b24f50778244b6e257d31f2c - Path: Assets/Resources/ReturnV2/TiqueV10/Dash/08.png' with importer (TextureImporter)
Imported 'GUID: ba692ad6b24f50778244b6e257d31f2c' -> (Import Result ID: 'ff2e0aa2df37832752162fe54c5ad638') in 0.002 seconds [static and dynamic dependencies]. Details - ImportResultOutputID=0e5d93cfa434a26a825d58843a938850 DependenciesID=f944a3cdaa0372ce7a01cb6903304eb2 StaticDependenciesID=bee4cf818be88d7e6c7a383182e44bc7 
Asset Pipeline Refresh (id=bafa83d479fac475685cfd56dc8b15b6): Total: 0.024 seconds - Initiated by StopAssetImportingV2(NoUpdateAssetOptions)
Importing 'GUID: dd7c169dbde05ae5a25202ecb1aa7d99 - Path: Assets/Resources/ReturnV2/TiqueV10/Dash/09.png' with importer (TextureImporter)
Imported 'GUID: dd7c169dbde05ae5a25202ecb1aa7d99' -> (Import Result ID: '4def8e853d38c785566a1d9c9b0039f5') in 0.002 seconds [static and dynamic dependencies]. Details - ImportResultOutputID=51afdcdc8a680554ab6c5b37ba3c63d0 DependenciesID=8d6bb3985f83690730063ad9659e8256 StaticDependenciesID=dd035ae5a16a6370862585027c0faea1 
Asset Pipeline Refresh (id=2b70ea11cf7d34f28b2eea0305889a52): Total: 0.024 seconds - Initiated by StopAssetImportingV2(NoUpdateAssetOptions)
Importing 'GUID: b670dd34694b5f6197223372e894ace0 - Path: Assets/Resources/ReturnV2/TiqueV10/Dash/10.png' with importer (TextureImporter)
Imported 'GUID: b670dd34694b5f6197223372e894ace0' -> (Import Result ID: 'e5e993c79f25c9a8dade095260809da4') in 0.002 seconds [static and dynamic dependencies]. Details - ImportResultOutputID=bde96819fa183ae76ad3fe0c7f90bc33 DependenciesID=24dc4be35e49842a33759064e0ba4157 StaticDependenciesID=ec5718d18c2b80098d7da80c653ab3a4 
Asset Pipeline Refresh (id=9166473cc3d0242288f18378370a945f): Total: 0.023 seconds - Initiated by StopAssetImportingV2(NoUpdateAssetOptions)
Importing 'GUID: d3a3f2ccd85454928ba600ea681a4da4 - Path: Assets/Resources/ReturnV2/TiqueV10/Dash/11.png' with importer (TextureImporter)
Imported 'GUID: d3a3f2ccd85454928ba600ea681a4da4' -> (Import Result ID: '2cd65c9cda377147de916df3ddcf041d') in 0.002 seconds [static and dynamic dependencies]. Details - ImportResultOutputID=9895ca85bacfe21675114c9c7250c879 DependenciesID=edadb6106050dcd533752776962018ac StaticDependenciesID=18d8fccc2c26b6c5e18621e84b571e68 
Asset Pipeline Refresh (id=aa946efd9585f47eabc0492b2e0f4091): Total: 0.023 seconds - Initiated by StopAssetImportingV2(NoUpdateAssetOptions)
Importing 'GUID: 12b3478193555c8e8bed82d6decc63c4 - Path: Assets/Resources/ReturnV2/TiqueV10/DoubleJump/00.png' with importer (TextureImporter)
Imported 'GUID: 12b3478193555c8e8bed82d6decc63c4' -> (Import Result ID: '2232f424e5304418f616ea99362d9c7b') in 0.002 seconds [static and dynamic dependencies]. Details - ImportResultOutputID=c3e51faa75db444fa64a3ee540ef4289 DependenciesID=4dd866be119a5ab04f7c474ab7571490 StaticDependenciesID=b537200c673d7c2d7c771ef03f70a503 
Asset Pipeline Refresh (id=e70dc9398f3444041b8f288a976e047c): Total: 0.024 seconds - Initiated by StopAssetImportingV2(NoUpdateAssetOptions)
Importing 'GUID: 7761403268ef5cfeb03c23e2e9a3512e - Path: Assets/Resources/ReturnV2/TiqueV10/DoubleJump/01.png' with importer (TextureImporter)
Imported 'GUID: 7761403268ef5cfeb03c23e2e9a3512e' -> (Import Result ID: 'e26e43b2a96aa29a44e178e5f86e22fc') in 0.002 seconds [static and dynamic dependencies]. Details - ImportResultOutputID=a300ff7511016abe573129678760bec2 DependenciesID=6f73d65a484ce7dadd252404a7d97840 StaticDependenciesID=c37ef27d444d3545317b849cad75a8c8 
Asset Pipeline Refresh (id=23ae0e0c7a59a4eb58f669ad459f53d8): Total: 0.023 seconds - Initiated by StopAssetImportingV2(NoUpdateAssetOptions)
Importing 'GUID: 79a44438677b5b7eb356c70675b63c4c - Path: Assets/Resources/ReturnV2/TiqueV10/DoubleJump/02.png' with importer (TextureImporter)
Imported 'GUID: 79a44438677b5b7eb356c70675b63c4c' -> (Import Result ID: 'ea32703c3fecb75ca4324571b9c0caf1') in 0.002 seconds [static and dynamic dependencies]. Details - ImportResultOutputID=846c22a83ea4109726b8862bc471a1fc DependenciesID=8674f5d7b00218fcd12e94c25d94a900 StaticDependenciesID=478ad7af45d3622ec405da1f4f3018e3 
Asset Pipeline Refresh (id=c283394095aef482c9e7d37d9ab91bf6): Total: 0.024 seconds - Initiated by StopAssetImportingV2(NoUpdateAssetOptions)
Importing 'GUID: d11385b4eb37586d83bcd0cb034b2e19 - Path: Assets/Resources/ReturnV2/TiqueV10/DoubleJump/03.png' with importer (TextureImporter)
Imported 'GUID: d11385b4eb37586d83bcd0cb034b2e19' -> (Import Result ID: '55007aab685d9e1111f1fe066ba5b357') in 0.002 seconds [static and dynamic dependencies]. Details - ImportResultOutputID=b14e958d9e2a0f93b8a57c2b14f648e3 DependenciesID=0bb705dcbbae2a01a6de4f9d188040df StaticDependenciesID=7b5299f0281d6d10471d6ab5f6c3e7bc 
Asset Pipeline Refresh (id=a653db03a14404d71aca28c630a04243): Total: 0.024 seconds - Initiated by StopAssetImportingV2(NoUpdateAssetOptions)
Importing 'GUID: 44fe0431789655bdb0c6b6e2408e4a1f - Path: Assets/Resources/ReturnV2/TiqueV10/DoubleJump/04.png' with importer (TextureImporter)
Imported 'GUID: 44fe0431789655bdb0c6b6e2408e4a1f' -> (Import Result ID: '90a52065cb5543ba8c2077fb4eef90c3') in 0.003 seconds [static and dynamic dependencies]. Details - ImportResultOutputID=6b325b7e93196dc934e96778f09d43b1 DependenciesID=d7ce5e17794a3a11eb43de55ed4f1c17 StaticDependenciesID=d6e04afe9a3898b9c4a504766ce84e9c 
Asset Pipeline Refresh (id=5be2087fc29fe435a9b1c5f23acb12be): Total: 0.024 seconds - Initiated by StopAssetImportingV2(NoUpdateAssetOptions)
Importing 'GUID: 12f2570f1520546ba09402f3e386b86e - Path: Assets/Resources/ReturnV2/TiqueV10/DoubleJump/05.png' with importer (TextureImporter)
Imported 'GUID: 12f2570f1520546ba09402f3e386b86e' -> (Import Result ID: '5ce9c1941380716816948bcab622f421') in 0.002 seconds [static and dynamic dependencies]. Details - ImportResultOutputID=0e5340dc3e399d844f48d074366a8198 DependenciesID=3934c3e5a8d10ed802de1f40e01401c2 StaticDependenciesID=e3c0df19d0c406d04c5795273bc84108 
Asset Pipeline Refresh (id=d74e8595ff1784176945f3b1b3ee73dc): Total: 0.024 seconds - Initiated by StopAssetImportingV2(NoUpdateAssetOptions)
Importing 'GUID: 0289e3d2367859148ebbe7b407542b74 - Path: Assets/Resources/ReturnV2/TiqueV10/DoubleJump/06.png' with importer (TextureImporter)
Imported 'GUID: 0289e3d2367859148ebbe7b407542b74' -> (Import Result ID: '4daa6b680d1cd9a28970c00416191f8a') in 0.002 seconds [static and dynamic dependencies]. Details - ImportResultOutputID=8ca0547856192ae51b8c4b3a72063a22 DependenciesID=f96a579f4e68cb9950d0a89fdf230fdc StaticDependenciesID=008f691a460ec1a8122a328706c7f4ae 
Asset Pipeline Refresh (id=2bafb0ed7b58e4265b571b262304434d): Total: 0.023 seconds - Initiated by StopAssetImportingV2(NoUpdateAssetOptions)
Importing 'GUID: 4e242dd49d5459e2ba7e8af4b81cfbae - Path: Assets/Resources/ReturnV2/TiqueV10/DoubleJump/07.png' with importer (TextureImporter)
Imported 'GUID: 4e242dd49d5459e2ba7e8af4b81cfbae' -> (Import Result ID: '496178c7c0e8e5f8d4859bc6c660c883') in 0.002 seconds [static and dynamic dependencies]. Details - ImportResultOutputID=613ca5019590802dad742018974af8bf DependenciesID=54c364cdc938e30b947c648106d39fbc StaticDependenciesID=807260478d380a44b7efdbc6e0fd5e88 
Asset Pipeline Refresh (id=70c0eac7620c0492eb338465b87a9f95): Total: 0.024 seconds - Initiated by StopAssetImportingV2(NoUpdateAssetOptions)
Importing 'GUID: d4cebfd485d65211a46556ab48aa3808 - Path: Assets/Resources/ReturnV2/TiqueV10/DoubleJump/08.png' with importer (TextureImporter)
Imported 'GUID: d4cebfd485d65211a46556ab48aa3808' -> (Import Result ID: 'd2c88e52c91ff68052a9d469faa63240') in 0.002 seconds [static and dynamic dependencies]. Details - ImportResultOutputID=b15f23e44bb8423563602394f45ab4b1 DependenciesID=5b45fdd0f83554a58d0e1472b3c12e8c StaticDependenciesID=3b5a692a24b947d18d30b4c967ba685d 
Asset Pipeline Refresh (id=59cea51e2b72349a9ad6a414404d5a8e): Total: 0.024 seconds - Initiated by StopAssetImportingV2(NoUpdateAssetOptions)
Importing 'GUID: 9263036412df5880ac81467b44df5ac7 - Path: Assets/Resources/ReturnV2/TiqueV10/DoubleJump/09.png' with importer (TextureImporter)
Imported 'GUID: 9263036412df5880ac81467b44df5ac7' -> (Import Result ID: 'cd8609412f319cde53465622ba2914cc') in 0.002 seconds [static and dynamic dependencies]. Details - ImportResultOutputID=4b71007a3623c170a25ffcbe5c30d145 DependenciesID=ee0abf612875341547b1a40af39b7c8a StaticDependenciesID=dbd773d14b854787e090d1ff7d0b9784 
Asset Pipeline Refresh (id=4738da295c7fc47cda979fd643bddbcd): Total: 0.024 seconds - Initiated by StopAssetImportingV2(NoUpdateAssetOptions)
Importing 'GUID: 8f45ce893e2e57b49915c4f495dfa6fb - Path: Assets/Resources/ReturnV2/TiqueV10/DoubleJump/10.png' with importer (TextureImporter)
Imported 'GUID: 8f45ce893e2e57b49915c4f495dfa6fb' -> (Import Result ID: '2016fee413a0391a68c023b798b70888') in 0.003 seconds [static and dynamic dependencies]. Details - ImportResultOutputID=e54cd535ef7402c5b60e46efc64e68b6 DependenciesID=41456fa54c293f7ba336afb044586f78 StaticDependenciesID=f02876c586792041b6b57796f1df429a 
Asset Pipeline Refresh (id=f3a1afd8e48d54b5c8937c78d56a82ba): Total: 0.024 seconds - Initiated by StopAssetImportingV2(NoUpdateAssetOptions)
Importing 'GUID: d58b8612a5e852f491cc002de918f09e - Path: Assets/Resources/ReturnV2/TiqueV10/DoubleJump/11.png' with importer (TextureImporter)
Imported 'GUID: d58b8612a5e852f491cc002de918f09e' -> (Import Result ID: '866e855de52e321f988cbac0f2a5484b') in 0.002 seconds [static and dynamic dependencies]. Details - ImportResultOutputID=582647bdbe8503e954c61068641fc659 DependenciesID=dcb384f828f2c2db9a1fa773f17cfccd StaticDependenciesID=6071fcf6a83049168fc33718e1a17023 
Asset Pipeline Refresh (id=d4bfa9dc75c624b478ccac7cd8605542): Total: 0.024 seconds - Initiated by StopAssetImportingV2(NoUpdateAssetOptions)
Importing 'GUID: 39f82d76941a5647b817a09fe01e34c3 - Path: Assets/Resources/ReturnV2/TiqueV10/DoubleJump/12.png' with importer (TextureImporter)
Imported 'GUID: 39f82d76941a5647b817a09fe01e34c3' -> (Import Result ID: '970c9ded4637f4583b2d261abfe0e9d3') in 0.002 seconds [static and dynamic dependencies]. Details - ImportResultOutputID=7418b8c80bd2742a241ad6d0753073ef DependenciesID=da21f1a0e53302b00bea417b28e247b6 StaticDependenciesID=65bafede0b6eb03df2b734d2f9373df5 
Asset Pipeline Refresh (id=8f156c262015a43daafa8e2984f0f33d): Total: 0.024 seconds - Initiated by StopAssetImportingV2(NoUpdateAssetOptions)
Importing 'GUID: 8f8d4d6abb32573d8edeb903195f740b - Path: Assets/Resources/ReturnV2/TiqueV10/Idle/00.png' with importer (TextureImporter)
Imported 'GUID: 8f8d4d6abb32573d8edeb903195f740b' -> (Import Result ID: 'ec19a25671b84887a80ee4a322d37d49') in 0.002 seconds [static and dynamic dependencies]. Details - ImportResultOutputID=7787e8cd2e11915d2fbe445c736b52cc DependenciesID=966d1339a3c1a8f0db85983e737ad646 StaticDependenciesID=916632bae4eeb9a1784c99aebebadf8e 
Asset Pipeline Refresh (id=50b3e03e783db4053821af5569d2b5f9): Total: 0.023 seconds - Initiated by StopAssetImportingV2(NoUpdateAssetOptions)
Importing 'GUID: 5d88451f62b2539b94bcc025092bca7d - Path: Assets/Resources/ReturnV2/TiqueV10/Idle/01.png' with importer (TextureImporter)
Imported 'GUID: 5d88451f62b2539b94bcc025092bca7d' -> (Import Result ID: '12ec8cc37d91214ee44e73cbda40ad70') in 0.002 seconds [static and dynamic dependencies]. Details - ImportResultOutputID=3786bcd29749a8bace08d0b9a766f39e DependenciesID=9b50679344c7d180ffd919e876cf8d4b StaticDependenciesID=c81739e01eb5457995af73083cac34cb 
Asset Pipeline Refresh (id=229b3a4c2eab948b7a3a648da8a6654b): Total: 0.024 seconds - Initiated by StopAssetImportingV2(NoUpdateAssetOptions)
Importing 'GUID: 2505c06f3b305ff48fee02db55e7816a - Path: Assets/Resources/ReturnV2/TiqueV10/Idle/02.png' with importer (TextureImporter)
Imported 'GUID: 2505c06f3b305ff48fee02db55e7816a' -> (Import Result ID: 'd39ef1c7a7f44fdc9b84136f0c912163') in 0.002 seconds [static and dynamic dependencies]. Details - ImportResultOutputID=17353c53458264deef9168f25fba1f16 DependenciesID=7f245d92bbe3e912f440aa4f6f643002 StaticDependenciesID=b164707dbe821c24f32a4f1a47c7a214 
Asset Pipeline Refresh (id=c34ab2feb9bb3475084e46dc99c42dbe): Total: 0.024 seconds - Initiated by StopAssetImportingV2(NoUpdateAssetOptions)
Importing 'GUID: 9185eb02ad19505cbbbb2c5cb4fea3a7 - Path: Assets/Resources/ReturnV2/TiqueV10/Idle/03.png' with importer (TextureImporter)
Imported 'GUID: 9185eb02ad19505cbbbb2c5cb4fea3a7' -> (Import Result ID: '09a4ab586b184fa7f08cca1281782936') in 0.002 seconds [static and dynamic dependencies]. Details - ImportResultOutputID=ae6536db49627e54298f43d7c8c59325 DependenciesID=bd52729d741b6eb385e752365871dd02 StaticDependenciesID=d90064f0e3351e211a1ab5658ac89332 
Asset Pipeline Refresh (id=1191bc8fb71e140818bf01a5eb6c0bc0): Total: 0.024 seconds - Initiated by StopAssetImportingV2(NoUpdateAssetOptions)
Importing 'GUID: a6576f6ca1df5b00a8220dba4a6cedf3 - Path: Assets/Resources/ReturnV2/TiqueV10/Idle/04.png' with importer (TextureImporter)
Imported 'GUID: a6576f6ca1df5b00a8220dba4a6cedf3' -> (Import Result ID: 'bda8efb21de85dd0df1a201eca61b9ae') in 0.002 seconds [static and dynamic dependencies]. Details - ImportResultOutputID=1bf9eeb88b70d6fe577061e41cd8c121 DependenciesID=8c65c575fb41131292bd006a3f6e8e16 StaticDependenciesID=360dc91a817cdce43d4a95b58aff6097 
Asset Pipeline Refresh (id=f0012e8f5086e4a109a7eae4ba0c9541): Total: 0.024 seconds - Initiated by StopAssetImportingV2(NoUpdateAssetOptions)
Importing 'GUID: 555bcbb1f071567cb72e7bfdffc7ac7c - Path: Assets/Resources/ReturnV2/TiqueV10/Idle/05.png' with importer (TextureImporter)
Imported 'GUID: 555bcbb1f071567cb72e7bfdffc7ac7c' -> (Import Result ID: '91e526ba797f2c191f8c860121f7af11') in 0.002 seconds [static and dynamic dependencies]. Details - ImportResultOutputID=3e246551ab02ede233f4a8b905a28993 DependenciesID=c2cb847a7caa50a72af00666778fe5dd StaticDependenciesID=223acfc6d041c1572ba272dc58411ca6 
Asset Pipeline Refresh (id=22c066cf9e36844b0ab81b3cdbb934a2): Total: 0.024 seconds - Initiated by StopAssetImportingV2(NoUpdateAssetOptions)
Importing 'GUID: 00c325ee3bda587098b8c4e4865341bc - Path: Assets/Resources/ReturnV2/TiqueV10/Idle/06.png' with importer (TextureImporter)
Imported 'GUID: 00c325ee3bda587098b8c4e4865341bc' -> (Import Result ID: '30b9bb572c5b8623189171f4cd52d4c1') in 0.002 seconds [static and dynamic dependencies]. Details - ImportResultOutputID=901251bc65c6e5121cf6e57cefc67832 DependenciesID=d5daadef58ba631d2547c32cec6bac4d StaticDependenciesID=923342fa7ff3bba2ac1f5b73f6094977 
Asset Pipeline Refresh (id=d2864e18100c2420f9cbc14fa2309a02): Total: 0.024 seconds - Initiated by StopAssetImportingV2(NoUpdateAssetOptions)
Importing 'GUID: 37b7e49dbc445a4bb65ac32fb77f044c - Path: Assets/Resources/ReturnV2/TiqueV10/Idle/07.png' with importer (TextureImporter)
Imported 'GUID: 37b7e49dbc445a4bb65ac32fb77f044c' -> (Import Result ID: '48c1204b2189b2a06e6dfcc4add7a406') in 0.002 seconds [static and dynamic dependencies]. Details - ImportResultOutputID=df19658a2fd9d3d0812cbe8bdc8bbbb6 DependenciesID=adc199c5c36a88e47ba7dd4d8b0704ea StaticDependenciesID=88ab778bf3b04310322ee77084815e22 
Asset Pipeline Refresh (id=ed79bd18a11dd434ea1cd1c24c7620ca): Total: 0.024 seconds - Initiated by StopAssetImportingV2(NoUpdateAssetOptions)
Importing 'GUID: 54e785e8ac9c5f85a19ddab418aedb4a - Path: Assets/Resources/ReturnV2/TiqueV10/Jump/00.png' with importer (TextureImporter)
Imported 'GUID: 54e785e8ac9c5f85a19ddab418aedb4a' -> (Import Result ID: '9f4437c64fa8fcac931e49b2d76103c5') in 0.002 seconds [static and dynamic dependencies]. Details - ImportResultOutputID=a0366b15d4983feb42d160b48dca6a3e DependenciesID=6bacd8f77ae91002dfc1c82e9391ba0e StaticDependenciesID=c33d145f0c0a5c1098237f001b310c1d 
Asset Pipeline Refresh (id=707fb4c82693d470fb5ee334f1eb5efb): Total: 0.023 seconds - Initiated by StopAssetImportingV2(NoUpdateAssetOptions)
Importing 'GUID: 0617f89c676455d280c80e58ea4894b2 - Path: Assets/Resources/ReturnV2/TiqueV10/Jump/01.png' with importer (TextureImporter)
Imported 'GUID: 0617f89c676455d280c80e58ea4894b2' -> (Import Result ID: 'c76b11e35ae488186d52ac3dd2237931') in 0.002 seconds [static and dynamic dependencies]. Details - ImportResultOutputID=3455dbd3e31acd1efde7f24452f4e736 DependenciesID=3e977cbad2768b832b1c83cdc22f2e2d StaticDependenciesID=23748798d94d948c6cf9ca2c4ccf158f 
Asset Pipeline Refresh (id=85f1826787c354995b443c98b7140e77): Total: 0.023 seconds - Initiated by StopAssetImportingV2(NoUpdateAssetOptions)
Importing 'GUID: 6621e309b94b5fd38618429914bee564 - Path: Assets/Resources/ReturnV2/TiqueV10/Jump/02.png' with importer (TextureImporter)
Imported 'GUID: 6621e309b94b5fd38618429914bee564' -> (Import Result ID: 'c5bd60c6d6da5685c84b31dacd93fb33') in 0.002 seconds [static and dynamic dependencies]. Details - ImportResultOutputID=81f5beb510dc250a45cc10a2a1d5c3c1 DependenciesID=f62bbf41b2a29a153c3c738e75dd7438 StaticDependenciesID=ef4f5bbf04b94d734a04e738f692793d 
Asset Pipeline Refresh (id=cd56b6a4722e04f89b11ea7b8812c518): Total: 0.024 seconds - Initiated by StopAssetImportingV2(NoUpdateAssetOptions)
Importing 'GUID: 99dffadb7920546c8fd90fd4b8d709b5 - Path: Assets/Resources/ReturnV2/TiqueV10/Jump/03.png' with importer (TextureImporter)
Imported 'GUID: 99dffadb7920546c8fd90fd4b8d709b5' -> (Import Result ID: 'e139c52beb8997ced68831c15c841d39') in 0.002 seconds [static and dynamic dependencies]. Details - ImportResultOutputID=5842eb59acdcf760776b24afe1839618 DependenciesID=5a36f181580a47ced1068597f4bc23a7 StaticDependenciesID=41e8dd8b7edf2938c12fa4978025e96d 
Asset Pipeline Refresh (id=6ce28e417e579435c860b92593457568): Total: 0.025 seconds - Initiated by StopAssetImportingV2(NoUpdateAssetOptions)
Importing 'GUID: f934317a7c795b6c903f869375907612 - Path: Assets/Resources/ReturnV2/TiqueV10/Jump/04.png' with importer (TextureImporter)
Imported 'GUID: f934317a7c795b6c903f869375907612' -> (Import Result ID: '74273d2f48aaeb954bda2b345ed01ee8') in 0.003 seconds [static and dynamic dependencies]. Details - ImportResultOutputID=17d108c132ca96deadfc76a9372bb027 DependenciesID=96e65461df31c9cbb2c57b9162be7fc4 StaticDependenciesID=493da4445c8e4d3d7750e7d1f4c165cf 
Asset Pipeline Refresh (id=b736453bf8f094732956d8a19488622a): Total: 0.024 seconds - Initiated by StopAssetImportingV2(NoUpdateAssetOptions)
Importing 'GUID: 9f612fca0ba45133bcfae15aa078482a - Path: Assets/Resources/ReturnV2/TiqueV10/Jump/05.png' with importer (TextureImporter)
Imported 'GUID: 9f612fca0ba45133bcfae15aa078482a' -> (Import Result ID: 'fdb9754ac7a06a4bdcad57a6b72f3fde') in 0.002 seconds [static and dynamic dependencies]. Details - ImportResultOutputID=9791fac98947232a928d0d862b36525f DependenciesID=9d1e5b0ad34e6cb473ad14a8f8a6c2f0 StaticDependenciesID=b546d47bd22cba0f1a564f9b1e36726f 
Asset Pipeline Refresh (id=379f3afcf413b4899819f0d838dd230d): Total: 0.023 seconds - Initiated by StopAssetImportingV2(NoUpdateAssetOptions)
Importing 'GUID: 00aba01e699a5128b9be613f03d33cea - Path: Assets/Resources/ReturnV2/TiqueV10/Jump/06.png' with importer (TextureImporter)
Imported 'GUID: 00aba01e699a5128b9be613f03d33cea' -> (Import Result ID: '547b1b6a7caf6725d9a600eb4141c6dd') in 0.002 seconds [static and dynamic dependencies]. Details - ImportResultOutputID=f5b417bb5506f726216f956c3d07fcaf DependenciesID=1ad07f505384fd0c23356cb48e5593f0 StaticDependenciesID=628ee5f8f5520b1fd8b88420646052a6 
Asset Pipeline Refresh (id=f755fb38868a449d19c6a4b3a50aa7ac): Total: 0.023 seconds - Initiated by StopAssetImportingV2(NoUpdateAssetOptions)
Importing 'GUID: b35b5b2bed235f0ca18d4124bc3a24d2 - Path: Assets/Resources/ReturnV2/TiqueV10/Jump/07.png' with importer (TextureImporter)
Imported 'GUID: b35b5b2bed235f0ca18d4124bc3a24d2' -> (Import Result ID: '0f7d60ee376574dd5737b6e18e8e022b') in 0.002 seconds [static and dynamic dependencies]. Details - ImportResultOutputID=33a6263a6508261cf0b1ac4f2bba2428 DependenciesID=ce91bc88b9cda97b5b7622f0cb164268 StaticDependenciesID=72f59f51398e3162fa53671a4e701131 
Asset Pipeline Refresh (id=94ed64054cd4e4a1298fc0eec4496de8): Total: 0.024 seconds - Initiated by StopAssetImportingV2(NoUpdateAssetOptions)
Importing 'GUID: 8a71be622b5c5e608f7e17fc5434c67d - Path: Assets/Resources/ReturnV2/TiqueV10/Jump/08.png' with importer (TextureImporter)
Imported 'GUID: 8a71be622b5c5e608f7e17fc5434c67d' -> (Import Result ID: 'be6e4448fdc5f423e256939ff7c96911') in 0.002 seconds [static and dynamic dependencies]. Details - ImportResultOutputID=a186f6c4d53c803160e1e46a1b2b1490 DependenciesID=093e0c5f30d9069deabae37deb516e6c StaticDependenciesID=937d5c1ab1b9ac6c51a4c5761873404b 
Asset Pipeline Refresh (id=2c926db53a8724b91951a5a75c81cca6): Total: 0.024 seconds - Initiated by StopAssetImportingV2(NoUpdateAssetOptions)
Importing 'GUID: 86a67ab8aa4b55b997b7a3a8885bb410 - Path: Assets/Resources/ReturnV2/TiqueV10/Jump/09.png' with importer (TextureImporter)
Imported 'GUID: 86a67ab8aa4b55b997b7a3a8885bb410' -> (Import Result ID: '0527dee62717fbc7f415c6e660189fb3') in 0.002 seconds [static and dynamic dependencies]. Details - ImportResultOutputID=9b61ceae98dae03da8978d5da9f0e66c DependenciesID=be311048d6c42b84495ee6d61ceaaee0 StaticDependenciesID=807b01d14d80251085a604edfa154fa5 
Asset Pipeline Refresh (id=4f891a832434a468b8a635e08afea6e9): Total: 0.024 seconds - Initiated by StopAssetImportingV2(NoUpdateAssetOptions)
Importing 'GUID: beebbab2e4a6548788ca090a41313178 - Path: Assets/Resources/ReturnV2/TiqueV10/Jump/10.png' with importer (TextureImporter)
Imported 'GUID: beebbab2e4a6548788ca090a41313178' -> (Import Result ID: '373a7f1a1fb73513321fbf1eb7515000') in 0.003 seconds [static and dynamic dependencies]. Details - ImportResultOutputID=459a7f2171568229c2de9bf06d47ffb5 DependenciesID=661e451c6a547cccb1dd77bc872366d1 StaticDependenciesID=d88ae58cc59f22d1840baf49c998744a 
Asset Pipeline Refresh (id=4728b0647325c4bde8367e385db13532): Total: 0.024 seconds - Initiated by StopAssetImportingV2(NoUpdateAssetOptions)
Importing 'GUID: dd9f44116d0b56ba94e65a683a7e9887 - Path: Assets/Resources/ReturnV2/TiqueV10/Jump/11.png' with importer (TextureImporter)
Imported 'GUID: dd9f44116d0b56ba94e65a683a7e9887' -> (Import Result ID: 'f6f3032eabc268dd69383997c7f28d46') in 0.002 seconds [static and dynamic dependencies]. Details - ImportResultOutputID=be4e138dfc6e6c541089eeb63ed38c6a DependenciesID=84c1862a0bce4ca812c592660dc74e68 StaticDependenciesID=1a59d5c1b6a19efac09f61c5985f7090 
Asset Pipeline Refresh (id=5a7a5f7becc6f4d85910c3fd98f19365): Total: 0.024 seconds - Initiated by StopAssetImportingV2(NoUpdateAssetOptions)
Importing 'GUID: fac1004e8ef65f8cba77bc580964c0e6 - Path: Assets/Resources/ReturnV2/TiqueV10/Jump/12.png' with importer (TextureImporter)
Imported 'GUID: fac1004e8ef65f8cba77bc580964c0e6' -> (Import Result ID: '6e1bfdb8b95a8347aea2cfc26d4ff98e') in 0.002 seconds [static and dynamic dependencies]. Details - ImportResultOutputID=6675c6fff40f984106ace468df46a8ad DependenciesID=efdd5238cbf06b616420ff78386e7a8f StaticDependenciesID=0ceef0109327e471dd00aad191bbe1a3 
Asset Pipeline Refresh (id=755fe743970c0405c85406a9d8b01c8d): Total: 0.024 seconds - Initiated by StopAssetImportingV2(NoUpdateAssetOptions)
Importing 'GUID: 8cc8972d7e045475b46a5dec9416b9e6 - Path: Assets/Resources/ReturnV2/TiqueV10/Jump/13.png' with importer (TextureImporter)
Imported 'GUID: 8cc8972d7e045475b46a5dec9416b9e6' -> (Import Result ID: '81d72c15f070430e92857d359da10eac') in 0.002 seconds [static and dynamic dependencies]. Details - ImportResultOutputID=275d36916299abfd6302676de1c21a64 DependenciesID=d25b9b88b490fafa4c72a0a4131492be StaticDependenciesID=1c2d1007bf336a9698367d0935efd03c 
Asset Pipeline Refresh (id=0209910c232b844e7bb9742c32da6da0): Total: 0.024 seconds - Initiated by StopAssetImportingV2(NoUpdateAssetOptions)
Importing 'GUID: f7e8c514c52d52e08e41b08800fc6672 - Path: Assets/Resources/ReturnV2/TiqueV10/Jump/14.png' with importer (TextureImporter)
Imported 'GUID: f7e8c514c52d52e08e41b08800fc6672' -> (Import Result ID: '33693f4f36e99749ea5b878a921a3cea') in 0.003 seconds [static and dynamic dependencies]. Details - ImportResultOutputID=9df139e6be3944bb25437effff6d155a DependenciesID=6155eb0ac808cfca05b1f282160e2936 StaticDependenciesID=0c648cc81199594fe05c1692f5b19a9f 
Asset Pipeline Refresh (id=6fe6cf460a9814782ab3f477e17b1954): Total: 0.024 seconds - Initiated by StopAssetImportingV2(NoUpdateAssetOptions)
Importing 'GUID: d0edd6efc6f15c42892d42e83cb593ef - Path: Assets/Resources/ReturnV2/TiqueV10/Walk/00.png' with importer (TextureImporter)
Imported 'GUID: d0edd6efc6f15c42892d42e83cb593ef' -> (Import Result ID: '3d3a0768ae98e1f7c6e7a96c34eb0174') in 0.002 seconds [static and dynamic dependencies]. Details - ImportResultOutputID=274ef9adf90ded81c6bc1e049ff81315 DependenciesID=36ede8fa3e58e0ce24ada500cf142806 StaticDependenciesID=680ea78996b1711bad308edfacdca633 
Asset Pipeline Refresh (id=74b2e0021e36b48d2bbe0260e6e1d55d): Total: 0.024 seconds - Initiated by StopAssetImportingV2(NoUpdateAssetOptions)
Importing 'GUID: 03d5553cd54a5f3787f3688edbb19722 - Path: Assets/Resources/ReturnV2/TiqueV10/Walk/01.png' with importer (TextureImporter)
Imported 'GUID: 03d5553cd54a5f3787f3688edbb19722' -> (Import Result ID: 'f1019fc2a5b5be6b560f190c20a42722') in 0.002 seconds [static and dynamic dependencies]. Details - ImportResultOutputID=3a29f250f165ff29922a4e43bd08281b DependenciesID=129568c030aa4693354f5a00ae03d8c0 StaticDependenciesID=8e91e03ccc90d56827a62e36b559cb09 
Asset Pipeline Refresh (id=97d2e17a3119c4b42bffb3f67459ab18): Total: 0.023 seconds - Initiated by StopAssetImportingV2(NoUpdateAssetOptions)
Importing 'GUID: 992fd77ee43854b3a7b109e696e4aec5 - Path: Assets/Resources/ReturnV2/TiqueV10/Walk/02.png' with importer (TextureImporter)
Imported 'GUID: 992fd77ee43854b3a7b109e696e4aec5' -> (Import Result ID: '31d1d8271718fdc1629ea76da9ff2b4e') in 0.002 seconds [static and dynamic dependencies]. Details - ImportResultOutputID=2f7469cde4cf9d8823e26980a5f892a7 DependenciesID=ad960694959cd1a11de108471c1a11d2 StaticDependenciesID=7c2d403ef5b66d35de4bebb68197d4c0 
Asset Pipeline Refresh (id=11d4a57a111c64868a7d96127e5a4d52): Total: 0.024 seconds - Initiated by StopAssetImportingV2(NoUpdateAssetOptions)
Importing 'GUID: 59f17ed1da895895855a90db97a87e16 - Path: Assets/Resources/ReturnV2/TiqueV10/Walk/03.png' with importer (TextureImporter)
Imported 'GUID: 59f17ed1da895895855a90db97a87e16' -> (Import Result ID: '8fdd36df4b61a186093951e621f125fc') in 0.003 seconds [static and dynamic dependencies]. Details - ImportResultOutputID=1a9e5c389be6bfd938a72ecf0e6ca5ab DependenciesID=64a00ec8c76c02716e60b4d1dea24da0 StaticDependenciesID=c89c7c2e91c12dc1883a3e62fa390d8c 
Asset Pipeline Refresh (id=62d1c31b2fa1248b88b43d8d5292f226): Total: 0.024 seconds - Initiated by StopAssetImportingV2(NoUpdateAssetOptions)
Importing 'GUID: 176dbcaa9ac455a981ff6aea3c3f6211 - Path: Assets/Resources/ReturnV2/TiqueV10/Walk/04.png' with importer (TextureImporter)
Imported 'GUID: 176dbcaa9ac455a981ff6aea3c3f6211' -> (Import Result ID: '7354f6c062f11c15ed53c508301474c7') in 0.002 seconds [static and dynamic dependencies]. Details - ImportResultOutputID=1293fd3ec1b47211aa87ab6b5efa3061 DependenciesID=78e741db933dab6658c05327a3a5b6b6 StaticDependenciesID=4f81387cb7e94052cc644624844bbd51 
Asset Pipeline Refresh (id=d6e99b598ac0044dcaec20ab84a140c1): Total: 0.024 seconds - Initiated by StopAssetImportingV2(NoUpdateAssetOptions)
Importing 'GUID: 35c4dcb14b425e739bf81c2f9a8de05a - Path: Assets/Resources/ReturnV2/TiqueV10/Walk/05.png' with importer (TextureImporter)
Imported 'GUID: 35c4dcb14b425e739bf81c2f9a8de05a' -> (Import Result ID: 'd91e4977fc50861bff4d30dfbfb9a4d2') in 0.003 seconds [static and dynamic dependencies]. Details - ImportResultOutputID=27d81688429c1bf4346b18d51e49a2bf DependenciesID=a6ab89d35a14a1e48c37b610c7b6d177 StaticDependenciesID=bbfd8437917c564731da31c36cc77a46 
Asset Pipeline Refresh (id=6692b40977ec24679a4802a67bcdc54c): Total: 0.024 seconds - Initiated by StopAssetImportingV2(NoUpdateAssetOptions)
Importing 'GUID: 14f056751cbb56eda92f8955a265c0d8 - Path: Assets/Resources/ReturnV2/TiqueV10/Walk/06.png' with importer (TextureImporter)
Imported 'GUID: 14f056751cbb56eda92f8955a265c0d8' -> (Import Result ID: 'abbf4a6b6ccb7bf036b19478b812eb37') in 0.002 seconds [static and dynamic dependencies]. Details - ImportResultOutputID=6b402f7067cfcc7d63ff6a8650c0f323 DependenciesID=323fd60ab6f705b78e1537a6dbf9a345 StaticDependenciesID=35f9d6796037b6fcafebb94d5da8d11b 
Asset Pipeline Refresh (id=f0d74834b0f744bccb33b7991eabd38e): Total: 0.024 seconds - Initiated by StopAssetImportingV2(NoUpdateAssetOptions)
Importing 'GUID: bf669b9b61ec5ac4b55f340b6ebf98c8 - Path: Assets/Resources/ReturnV2/TiqueV10/Walk/07.png' with importer (TextureImporter)
Imported 'GUID: bf669b9b61ec5ac4b55f340b6ebf98c8' -> (Import Result ID: 'bd69527c90bff6ee5f8cc885cbd78c93') in 0.003 seconds [static and dynamic dependencies]. Details - ImportResultOutputID=468ad7245941856ae3888d31f4709b70 DependenciesID=ea2181cb5d4c27715d9bced6e0823133 StaticDependenciesID=14d8f69ae3cee91775de102c84c11cbb 
Asset Pipeline Refresh (id=c431a731ff7024bc0bbe2a91079bfc70): Total: 0.024 seconds - Initiated by StopAssetImportingV2(NoUpdateAssetOptions)
Importing 'GUID: 991527e2c42e5227be2d1f5542b174bf - Path: Assets/Resources/ReturnV2/TiqueV10/Walk/08.png' with importer (TextureImporter)
Imported 'GUID: 991527e2c42e5227be2d1f5542b174bf' -> (Import Result ID: 'e1e94a451c6baac1fae71f123e8e9bd9') in 0.002 seconds [static and dynamic dependencies]. Details - ImportResultOutputID=2442595386575f37a87b5f4e7a9bcd7a DependenciesID=784d17be4985c22b11224ae02ce41665 StaticDependenciesID=a1cc26245af562f7835b2627507372fb 
Asset Pipeline Refresh (id=09b0b4dff23784199814307db2d7549c): Total: 0.023 seconds - Initiated by StopAssetImportingV2(NoUpdateAssetOptions)
Importing 'GUID: a63107bf70b659ae990e91759d70e91b - Path: Assets/Resources/ReturnV2/TiqueV10/Walk/09.png' with importer (TextureImporter)
Imported 'GUID: a63107bf70b659ae990e91759d70e91b' -> (Import Result ID: 'c89b15fad19e001ea3113b94d00e091a') in 0.002 seconds [static and dynamic dependencies]. Details - ImportResultOutputID=7456c309f4484e9c57bd2355931161da DependenciesID=72c3310bc0df4ca0ad45220da6af087c StaticDependenciesID=6e97cd84af2327b36244ac2dcf0dafa2 
Asset Pipeline Refresh (id=3af54cc07a78e4416b3bfb59e6d4ed02): Total: 0.023 seconds - Initiated by StopAssetImportingV2(NoUpdateAssetOptions)
Importing 'GUID: d41b85526d80509b8792778f2787dbf4 - Path: Assets/Resources/ReturnV2/TiqueV10/Walk/10.png' with importer (TextureImporter)
Imported 'GUID: d41b85526d80509b8792778f2787dbf4' -> (Import Result ID: 'f9d25d1e15050d2960ed80e1aab69441') in 0.002 seconds [static and dynamic dependencies]. Details - ImportResultOutputID=9d0587be132fb5242d932f4b24cb9487 DependenciesID=a73bb15ef17cf409b2b55e3676221e75 StaticDependenciesID=7c91377ba42e9b2df5c62d7021d419d5 
Asset Pipeline Refresh (id=c60ecd9060aa24dba91818d874e01118): Total: 0.024 seconds - Initiated by StopAssetImportingV2(NoUpdateAssetOptions)
Importing 'GUID: 04687e9336e0539eb0e978fae4fec490 - Path: Assets/Resources/ReturnV2/TiqueV10/Walk/11.png' with importer (TextureImporter)
Imported 'GUID: 04687e9336e0539eb0e978fae4fec490' -> (Import Result ID: '1314303ab09bce4cb41cb3a35414cd1c') in 0.002 seconds [static and dynamic dependencies]. Details - ImportResultOutputID=cce3b5d77501f0b906861f99b0abde8e DependenciesID=a8b4460d45b56b9124f6fa428c933a65 StaticDependenciesID=75aba64f8caf92a9ecd35db50322604d 
Asset Pipeline Refresh (id=888ba7427c82c4135be651d0df41ad7a): Total: 0.024 seconds - Initiated by StopAssetImportingV2(NoUpdateAssetOptions)
Importing 'GUID: e1b8b2de83c056e4bf5ab459feba0ff2 - Path: Assets/Resources/ReturnV2/TiqueV10/Walk/12.png' with importer (TextureImporter)
Imported 'GUID: e1b8b2de83c056e4bf5ab459feba0ff2' -> (Import Result ID: 'ee06a760eb0c88a1a0cc8134ab0a896c') in 0.002 seconds [static and dynamic dependencies]. Details - ImportResultOutputID=819befd07e95fbd367e0e09f8dd6ed12 DependenciesID=d1a1a21f1b68af709c61b8c477bac45f StaticDependenciesID=277c54f326abeb5e04bbee0b072eb353 
Asset Pipeline Refresh (id=7f852b91a9bdf4feea9c084ccca0b366): Total: 0.023 seconds - Initiated by StopAssetImportingV2(NoUpdateAssetOptions)
Importing 'GUID: 574eb3e402725b7a8c8f2264c046c624 - Path: Assets/Resources/ReturnV2/TiqueV10/Walk/13.png' with importer (TextureImporter)
Imported 'GUID: 574eb3e402725b7a8c8f2264c046c624' -> (Import Result ID: '7b9a4610467fd7dc005ec15e745fb726') in 0.002 seconds [static and dynamic dependencies]. Details - ImportResultOutputID=a3fe4a9f7931420729da575451503440 DependenciesID=067546a466139e18a10cde375c660cf9 StaticDependenciesID=3d7903af67a541c79c971aab19467d11 
Asset Pipeline Refresh (id=a45f53fa6d1d04be59b48c550f79193b): Total: 0.024 seconds - Initiated by StopAssetImportingV2(NoUpdateAssetOptions)
Importing 'GUID: a09ae2312b8c5a938d613aacd60f1463 - Path: Assets/Resources/ReturnV2/TiqueV10/blink-closed/00.png' with importer (TextureImporter)
Imported 'GUID: a09ae2312b8c5a938d613aacd60f1463' -> (Import Result ID: '7d6832c43ae7fd794316deab7a70ce3a') in 0.002 seconds [static and dynamic dependencies]. Details - ImportResultOutputID=0f98c759dab6622f1c557b8d79a5d278 DependenciesID=dce261f58d762e1cf4a6c319e16a30e5 StaticDependenciesID=38ac838d5b4d097b3633dbfe5e246bfa 
Asset Pipeline Refresh (id=df50efb210634449e9cbeac7aa267390): Total: 0.024 seconds - Initiated by StopAssetImportingV2(NoUpdateAssetOptions)
Importing 'GUID: 3746ba695fb856d9b0b7c1f1d1182137 - Path: Assets/Resources/ReturnV2/TiqueV10/blink-half/00.png' with importer (TextureImporter)
Imported 'GUID: 3746ba695fb856d9b0b7c1f1d1182137' -> (Import Result ID: '187833bc03090bb1612e84af3bbd2495') in 0.002 seconds [static and dynamic dependencies]. Details - ImportResultOutputID=3a2617d0eb7fa8ddd675bc3b8a6c87aa DependenciesID=64a6ccade76f39cebd78d77e342b49d9 StaticDependenciesID=0bb8360651eb9763ae501e02fd507b4e 
Asset Pipeline Refresh (id=fc9c8c31e43504143a4545aa1c5700a4): Total: 0.024 seconds - Initiated by StopAssetImportingV2(NoUpdateAssetOptions)
Importing 'GUID: 8b8675e3aea058e6866e195c0510496b - Path: Assets/Resources/ReturnV2/TiqueV10/dash-ghost/00.png' with importer (TextureImporter)
Imported 'GUID: 8b8675e3aea058e6866e195c0510496b' -> (Import Result ID: '60df88f36cff5e7c31cefad5dcc7c65b') in 0.002 seconds [static and dynamic dependencies]. Details - ImportResultOutputID=d75136db9ee4ab559f03a7dde24959f6 DependenciesID=6d9696b36c60c70d42b652e7524365a4 StaticDependenciesID=6c0ad98452a44072e3881012f98f4df7 
Asset Pipeline Refresh (id=c0b02020b9a1c4f61b0d839667b53872): Total: 0.023 seconds - Initiated by StopAssetImportingV2(NoUpdateAssetOptions)
Importing 'GUID: 16a0e853a6e75932b457356cbfaa9de8 - Path: Assets/Resources/ReturnV2/TiqueV10/dash-ghost/01.png' with importer (TextureImporter)
Imported 'GUID: 16a0e853a6e75932b457356cbfaa9de8' -> (Import Result ID: 'ef51d4d7370325bea72e356c61fdf871') in 0.002 seconds [static and dynamic dependencies]. Details - ImportResultOutputID=364f54656d5271c8c487ab9aa3f2ee1b DependenciesID=7739efd0f9e79f18b6257bddd5ebf531 StaticDependenciesID=0326e9f721094c31da001aa5d963004f 
Asset Pipeline Refresh (id=c58a07941149b4a3c988ea2ef3728b5e): Total: 0.024 seconds - Initiated by StopAssetImportingV2(NoUpdateAssetOptions)
Importing 'GUID: 11bc9b65db525372a81d1f9dc29a84be - Path: Assets/Resources/ReturnV2/TiqueV10/dash-ghost/02.png' with importer (TextureImporter)
Imported 'GUID: 11bc9b65db525372a81d1f9dc29a84be' -> (Import Result ID: '66b211380660a5afb1d374ab8abe1301') in 0.003 seconds [static and dynamic dependencies]. Details - ImportResultOutputID=90a8b5a4a1e20a14cca99f80b030a681 DependenciesID=a05683046f427a890c7f58c2985303dc StaticDependenciesID=14223c9daaff62e1ffb6a61f87e3ce25 
Asset Pipeline Refresh (id=21b5dd1cd693a4bedbe767fdc01746fb): Total: 0.024 seconds - Initiated by StopAssetImportingV2(NoUpdateAssetOptions)
Importing 'GUID: 7ab139e85e5057d7be6dda0d4437365d - Path: Assets/Resources/ReturnV2/TiqueV10/dash-ghost/03.png' with importer (TextureImporter)
Imported 'GUID: 7ab139e85e5057d7be6dda0d4437365d' -> (Import Result ID: '560c1c27fec0ca3c45e6050aa7efe788') in 0.002 seconds [static and dynamic dependencies]. Details - ImportResultOutputID=5fe8eba5292cacf1d3b2a3a7d1b0c4b6 DependenciesID=101cf9af1e8646af60ff54d4e589feb5 StaticDependenciesID=0d8d21b6905447e720f2cd3a80152b6a 
Asset Pipeline Refresh (id=d49e4b77736aa43359599b5b7bd7436b): Total: 0.023 seconds - Initiated by StopAssetImportingV2(NoUpdateAssetOptions)
Importing 'GUID: 05069b8196c35d3d95845e4f11423777 - Path: Assets/Resources/ReturnV2/TiqueV10/dash-ghost/04.png' with importer (TextureImporter)
Imported 'GUID: 05069b8196c35d3d95845e4f11423777' -> (Import Result ID: '9f432ace6b9bd9ad1fbeeb9bd4c905ca') in 0.002 seconds [static and dynamic dependencies]. Details - ImportResultOutputID=339343c1910d4fea5bbc66abb8f50731 DependenciesID=0c0aa0ff7142285f4e232e73d3de29d5 StaticDependenciesID=992137421b994af747dc5ba4127108a6 
Asset Pipeline Refresh (id=7f5be0b6fc4e447d49edab71a31cbe13): Total: 0.023 seconds - Initiated by StopAssetImportingV2(NoUpdateAssetOptions)
Importing 'GUID: 0419bea1462a5b3183f409e2e77b28db - Path: Assets/Resources/ReturnV2/TiqueV10/dash-ghost/05.png' with importer (TextureImporter)
Imported 'GUID: 0419bea1462a5b3183f409e2e77b28db' -> (Import Result ID: '23642e368954d067e499130f549ef40e') in 0.002 seconds [static and dynamic dependencies]. Details - ImportResultOutputID=116c5cf5ac8b56ea96b89353a0a4930f DependenciesID=d4bdfa9b8a87fab15df89f0ad84200b4 StaticDependenciesID=546d3106678312db58e88d3a5851e8c9 
Asset Pipeline Refresh (id=93e15a84d915646f3ba51e1ab2921810): Total: 0.025 seconds - Initiated by StopAssetImportingV2(NoUpdateAssetOptions)
Importing 'GUID: d6a8f752a84f536a8d5ceeda162fdee1 - Path: Assets/Resources/ReturnV2/TiqueV10/dash-ghost/06.png' with importer (TextureImporter)
Imported 'GUID: d6a8f752a84f536a8d5ceeda162fdee1' -> (Import Result ID: '9bb6aa80e2de52bc24871a5728305e0f') in 0.002 seconds [static and dynamic dependencies]. Details - ImportResultOutputID=bcdc03bde9b0e6b1ec859460b8285d35 DependenciesID=d41f75c3a24c93d06a38e70938c198d7 StaticDependenciesID=8b8136122fb8ce959d2131710d6e193c 
Asset Pipeline Refresh (id=6eb9064f143d545a0baf2488609612ae): Total: 0.024 seconds - Initiated by StopAssetImportingV2(NoUpdateAssetOptions)
Importing 'GUID: 34b55a5cdc005ffab59c37ba1fb446f5 - Path: Assets/Resources/ReturnV2/TiqueV10/dash-ghost/07.png' with importer (TextureImporter)
Imported 'GUID: 34b55a5cdc005ffab59c37ba1fb446f5' -> (Import Result ID: 'b5a89a1104802c6b0c3e20c44ac59d78') in 0.002 seconds [static and dynamic dependencies]. Details - ImportResultOutputID=a934c58e82a98477abf6bf089c6d027d DependenciesID=e54b873d7a60a6bd35748a9f96165f58 StaticDependenciesID=d4ec536d268341ffd7223e43acf30bbf 
Asset Pipeline Refresh (id=c88559b0ad8fb4742a2ec37a16be583e): Total: 0.024 seconds - Initiated by StopAssetImportingV2(NoUpdateAssetOptions)
Importing 'GUID: bf24721260d55cdb948c9cdccda15b06 - Path: Assets/Resources/ReturnV2/TiqueV10/dash-ghost/08.png' with importer (TextureImporter)
Imported 'GUID: bf24721260d55cdb948c9cdccda15b06' -> (Import Result ID: '7773561f1d967a4af7812063c324374d') in 0.002 seconds [static and dynamic dependencies]. Details - ImportResultOutputID=4453e979c971f1d280d2f624b8e7711e DependenciesID=b9272d1bf8b1b2d7041d6f1c7a67e7ef StaticDependenciesID=0fe655c49eb8cdbd54d62f6142b8edd1 
Asset Pipeline Refresh (id=3a8fb8a12e95b4a60ac4d93b4b723cf8): Total: 0.023 seconds - Initiated by StopAssetImportingV2(NoUpdateAssetOptions)
Importing 'GUID: 8444fbd6e995547289c5efa3249da070 - Path: Assets/Resources/ReturnV2/TiqueV10/dash-ghost/09.png' with importer (TextureImporter)
Imported 'GUID: 8444fbd6e995547289c5efa3249da070' -> (Import Result ID: '90f86139d44a0b2e13e67ede67c54600') in 0.002 seconds [static and dynamic dependencies]. Details - ImportResultOutputID=59af3b0d5d9da2cb9a5054fac0db6682 DependenciesID=6d0e49e1c473c12175315850b9461b21 StaticDependenciesID=c6a4500a19b28adfea760258bcbc6e55 
Asset Pipeline Refresh (id=ce6c409dde4d64991bd48d3845932b2e): Total: 0.023 seconds - Initiated by StopAssetImportingV2(NoUpdateAssetOptions)
Importing 'GUID: 82c4d40fd356508488fda16ea716dabd - Path: Assets/Resources/ReturnV2/TiqueV10/dash-ghost/10.png' with importer (TextureImporter)
Imported 'GUID: 82c4d40fd356508488fda16ea716dabd' -> (Import Result ID: 'ddd7e045d64886b5433f1915faad8a24') in 0.002 seconds [static and dynamic dependencies]. Details - ImportResultOutputID=f9ae92c39f878810a8fda37575f99acd DependenciesID=04eb6e43e8491b675fd6c16a27ce7c94 StaticDependenciesID=8e78f9d46fc7ff185c41362bdd6667e7 
Asset Pipeline Refresh (id=9b6f3b3ce004a40648558bd22196a4b4): Total: 0.024 seconds - Initiated by StopAssetImportingV2(NoUpdateAssetOptions)
Importing 'GUID: 0be8d8a767c0543daa075b104b1c6e7b - Path: Assets/Resources/ReturnV2/TiqueV10/dash-ghost/11.png' with importer (TextureImporter)
Imported 'GUID: 0be8d8a767c0543daa075b104b1c6e7b' -> (Import Result ID: '2a32fbc65e42f00952f87e7f7ebf0402') in 0.002 seconds [static and dynamic dependencies]. Details - ImportResultOutputID=d7c265ca2034da99ddfccddf637d66c7 DependenciesID=9b63ae8c3d2f3c4259b676121fb20238 StaticDependenciesID=fe3d8f2607a8b65202ddc521e39d5244 
Asset Pipeline Refresh (id=84deec7c5980444b4b4ad25ccd0ced81): Total: 0.023 seconds - Initiated by StopAssetImportingV2(NoUpdateAssetOptions)
Importing 'GUID: 2482eb7b13505c21abcf3b6e9f063ba1 - Path: Assets/Resources/ReturnV2/TiqueV10/hurt-pose/00.png' with importer (TextureImporter)
Imported 'GUID: 2482eb7b13505c21abcf3b6e9f063ba1' -> (Import Result ID: '0d3caf684670e9f7e408d5924dba92b6') in 0.002 seconds [static and dynamic dependencies]. Details - ImportResultOutputID=7614556a5793ecf6d24e45b711db76e7 DependenciesID=6d200f2247cb7b0c6af85c9327be1933 StaticDependenciesID=b14dad9acefdb1f8eab1295338f47bcd 
Asset Pipeline Refresh (id=4a8b750db1f0344c397620abd59e471f): Total: 0.023 seconds - Initiated by StopAssetImportingV2(NoUpdateAssetOptions)
Importing 'GUID: 33cf02f015db558ea7ae094cba9b71b7 - Path: Assets/Resources/ReturnV2/TiqueV10/hurt-pose/01.png' with importer (TextureImporter)
Imported 'GUID: 33cf02f015db558ea7ae094cba9b71b7' -> (Import Result ID: '1d3ba83c5b0b7dadedb72460e1367dd3') in 0.002 seconds [static and dynamic dependencies]. Details - ImportResultOutputID=07a61e2ca6bb80691a43d02f7a417cb5 DependenciesID=d77a384e738c4f4fa1186d6add012280 StaticDependenciesID=0dd017678e62791291edff0d0ad1c734 
Asset Pipeline Refresh (id=58d87e082e09147038450cbb2aaaa9e7): Total: 0.023 seconds - Initiated by StopAssetImportingV2(NoUpdateAssetOptions)
Importing 'GUID: fe61f4885a9e5669948f7b3a03492bd3 - Path: Assets/Resources/ReturnV2/TiqueV10/hurt-pose/02.png' with importer (TextureImporter)
Imported 'GUID: fe61f4885a9e5669948f7b3a03492bd3' -> (Import Result ID: '56c41de9edac385640f0e5f70a1f6806') in 0.002 seconds [static and dynamic dependencies]. Details - ImportResultOutputID=2f363f869de383c75dab25ec2376c1df DependenciesID=0a7b7ff36a439d0b65038d94ffb11406 StaticDependenciesID=8621c547095bee6a7b48ad1d984bd6bf 
Asset Pipeline Refresh (id=14413de9b51e54ddf8ca6fae60d9607b): Total: 0.023 seconds - Initiated by StopAssetImportingV2(NoUpdateAssetOptions)
Importing 'GUID: 7f8719a0bfdd5822ad3917abfddad5dd - Path: Assets/Resources/ReturnV2/TiqueV10/power-down/00.png' with importer (TextureImporter)
Imported 'GUID: 7f8719a0bfdd5822ad3917abfddad5dd' -> (Import Result ID: '20280c8ae0e7091886057e4784769150') in 0.002 seconds [static and dynamic dependencies]. Details - ImportResultOutputID=61a9123a3bcfc93d24aa13b8be641698 DependenciesID=5ff687ac19c81d895661fbb178692644 StaticDependenciesID=034f487a64fd1c2951739c276c5c58de 
Asset Pipeline Refresh (id=ca221a9a12a16481fa1084fd66dd3738): Total: 0.024 seconds - Initiated by StopAssetImportingV2(NoUpdateAssetOptions)
Importing 'GUID: 5e06a1b8cc6d5d4ba7836154363ebd2e - Path: Assets/Resources/ReturnV2/TiqueV10/power-down/01.png' with importer (TextureImporter)
Imported 'GUID: 5e06a1b8cc6d5d4ba7836154363ebd2e' -> (Import Result ID: 'e5e305b36f8632851d8a234c74ea3199') in 0.002 seconds [static and dynamic dependencies]. Details - ImportResultOutputID=73cbaa84aa4009e72270cd81b09309c5 DependenciesID=ee916c75cb4a730d77f672b9cc19539f StaticDependenciesID=34db8b2e7f83bfdd391d680665d7d160 
Asset Pipeline Refresh (id=d90ce9c9ba99e44568a35f170c5530be): Total: 0.024 seconds - Initiated by StopAssetImportingV2(NoUpdateAssetOptions)
Importing 'GUID: faf4d70de3e3575d812b73ddb508eff9 - Path: Assets/Resources/ReturnV2/TiqueV10/power-down/02.png' with importer (TextureImporter)
Imported 'GUID: faf4d70de3e3575d812b73ddb508eff9' -> (Import Result ID: '06bd63a38e2b70bc1792e438576f4dd8') in 0.003 seconds [static and dynamic dependencies]. Details - ImportResultOutputID=6b137375fb1146a5c11114dc3d83881b DependenciesID=fa1fbedf93da908f5c53d9b96238f628 StaticDependenciesID=7d1b7c7560dfd0305609171fc294df8e 
Asset Pipeline Refresh (id=12b3d9c3b21b34b6890c9da6f91fe49f): Total: 0.030 seconds - Initiated by StopAssetImportingV2(NoUpdateAssetOptions)
Importing 'GUID: 43a901fdab415eb89b61fdf42b1342ab - Path: Assets/Resources/ReturnV2/TiqueV10/push-brace-down/00.png' with importer (TextureImporter)
Imported 'GUID: 43a901fdab415eb89b61fdf42b1342ab' -> (Import Result ID: '5afdbb1602b0e750e770837f37490288') in 0.003 seconds [static and dynamic dependencies]. Details - ImportResultOutputID=27a38ed8450297be99fe1c2ffdd39a40 DependenciesID=2f3ad166afb3ac1e1e8d46675a596d6d StaticDependenciesID=4c632d89617af53d41e4cb9eb8c74c58 
Asset Pipeline Refresh (id=f88c6379b0b9a428597977c37cfe89fc): Total: 0.030 seconds - Initiated by StopAssetImportingV2(NoUpdateAssetOptions)
Importing 'GUID: 71241969fd925e928672b447b509133a - Path: Assets/Resources/ReturnV2/TiqueV10/push-brace-side/00.png' with importer (TextureImporter)
Imported 'GUID: 71241969fd925e928672b447b509133a' -> (Import Result ID: '822a4fe6e393e0685203b5f7b3577803') in 0.003 seconds [static and dynamic dependencies]. Details - ImportResultOutputID=d32b3e225b45329ccd9709497939c9bb DependenciesID=477e8ea8487c8dca9e1c05cad2a0030c StaticDependenciesID=21f98ca66d4dff2ef69fe6b503c68489 
Asset Pipeline Refresh (id=f96c3d7f9699e481787d2818f2bf2277): Total: 0.024 seconds - Initiated by StopAssetImportingV2(NoUpdateAssetOptions)
Importing 'GUID: f86d7fddee185c7cab2315d2041206b6 - Path: Assets/Resources/ReturnV2/TiqueV10/push-brace-up/00.png' with importer (TextureImporter)
Imported 'GUID: f86d7fddee185c7cab2315d2041206b6' -> (Import Result ID: '9e602dd062695b11c2b9a85d2beb4a19') in 0.002 seconds [static and dynamic dependencies]. Details - ImportResultOutputID=275967a816b97faffee0104f69248a6b DependenciesID=4d92198f290441269b03083fa82964f2 StaticDependenciesID=08c83bcc6332c3e80e7f36a48367e483 
Asset Pipeline Refresh (id=b1d0d2cadd40b4b49936f7f1c16b51b7): Total: 0.024 seconds - Initiated by StopAssetImportingV2(NoUpdateAssetOptions)
Importing 'GUID: 2ac486ffa18b5cc29933bd32f716a72c - Path: Assets/Resources/ReturnV2/TiqueV10/push-down/00.png' with importer (TextureImporter)
Imported 'GUID: 2ac486ffa18b5cc29933bd32f716a72c' -> (Import Result ID: '72ad3a7434e80fdb9205f3a7399dd774') in 0.002 seconds [static and dynamic dependencies]. Details - ImportResultOutputID=ad97c2c6c36dd4c2527479c3d77f7d03 DependenciesID=69cf5b59dc9e0d1245f5428ba47d1a9c StaticDependenciesID=fab901e3b0dad55fc9d4cb95ba2b82dc 
Asset Pipeline Refresh (id=5bf4bc121270146e9ac38a4633db945f): Total: 0.024 seconds - Initiated by StopAssetImportingV2(NoUpdateAssetOptions)
Importing 'GUID: 978c8d3ae5755b75bec2a2389c4eb800 - Path: Assets/Resources/ReturnV2/TiqueV10/push-down/01.png' with importer (TextureImporter)
Imported 'GUID: 978c8d3ae5755b75bec2a2389c4eb800' -> (Import Result ID: 'e0057aab436504507ec08610908b26c8') in 0.002 seconds [static and dynamic dependencies]. Details - ImportResultOutputID=6a7601de48298bf2bed7be616dab9fe9 DependenciesID=38d7ccae469330e5956ec308ee741c67 StaticDependenciesID=54b912c1fde0176d1ff48cd753baae59 
Asset Pipeline Refresh (id=2ec109ac76248493fbb45c396960598e): Total: 0.025 seconds - Initiated by StopAssetImportingV2(NoUpdateAssetOptions)
Importing 'GUID: 9e4719699b9453e0ada580b87c3109cc - Path: Assets/Resources/ReturnV2/TiqueV10/push-down/02.png' with importer (TextureImporter)
Imported 'GUID: 9e4719699b9453e0ada580b87c3109cc' -> (Import Result ID: '89bd4bdf9daa4aa196f5e536e2f6e580') in 0.003 seconds [static and dynamic dependencies]. Details - ImportResultOutputID=e8fa6109cd43c80c050f692b02ceeff9 DependenciesID=4f7c52c7cb64dd134249e707723589cf StaticDependenciesID=b2566a26927e947df8c16d828654a711 
Asset Pipeline Refresh (id=b663b93c1ebf74a2b96ef8a99689a174): Total: 0.024 seconds - Initiated by StopAssetImportingV2(NoUpdateAssetOptions)
Importing 'GUID: 9a1d07ac6dbf51248bd361ce4acd081e - Path: Assets/Resources/ReturnV2/TiqueV10/push-down/03.png' with importer (TextureImporter)
Imported 'GUID: 9a1d07ac6dbf51248bd361ce4acd081e' -> (Import Result ID: '2e759bd98d137c40bd3c440892c33b53') in 0.002 seconds [static and dynamic dependencies]. Details - ImportResultOutputID=2d8add4959e30ccda3bfe595d11da994 DependenciesID=2abed3ecc36ce90696595d7ceecdba0b StaticDependenciesID=1b6fa70d30f8a985443d82b63bba6d1c 
Asset Pipeline Refresh (id=b60b6b635d83441c997ac7930ad71921): Total: 0.024 seconds - Initiated by StopAssetImportingV2(NoUpdateAssetOptions)
Importing 'GUID: c36faa47ca9b5199b6a8aad9e08ea3f1 - Path: Assets/Resources/ReturnV2/TiqueV10/push-down/04.png' with importer (TextureImporter)
Imported 'GUID: c36faa47ca9b5199b6a8aad9e08ea3f1' -> (Import Result ID: '40fa137ba87278c54309694b5fbb6328') in 0.003 seconds [static and dynamic dependencies]. Details - ImportResultOutputID=b4b916219ea109a43937e28b8ece9d5d DependenciesID=bedae73c3f731f9f153a4cc9ce24c404 StaticDependenciesID=99a59d57d2b23dd315bf7dba5e46bd60 
Asset Pipeline Refresh (id=4870bc554dc5a49c9b0a719182d90563): Total: 0.024 seconds - Initiated by StopAssetImportingV2(NoUpdateAssetOptions)
Importing 'GUID: e239f0e7fe665204b9b2e443e9b89c7d - Path: Assets/Resources/ReturnV2/TiqueV10/push-down/05.png' with importer (TextureImporter)
Imported 'GUID: e239f0e7fe665204b9b2e443e9b89c7d' -> (Import Result ID: 'bcd83645dbd89cf2d62eb1c51d54742d') in 0.002 seconds [static and dynamic dependencies]. Details - ImportResultOutputID=c95197c72c2a64ff80185fde5997ee4d DependenciesID=f41bdbbc5d8584168e3d3f854645b930 StaticDependenciesID=9e7226d392fa97b4dd279868214bb481 
Asset Pipeline Refresh (id=0c8b5bd499f2c4f119806b0156d540d9): Total: 0.024 seconds - Initiated by StopAssetImportingV2(NoUpdateAssetOptions)
Importing 'GUID: ce81f02278a35321b3444d93222d4c10 - Path: Assets/Resources/ReturnV2/TiqueV10/push-down/06.png' with importer (TextureImporter)
Imported 'GUID: ce81f02278a35321b3444d93222d4c10' -> (Import Result ID: '4d898edad81d5948158dd662bfa7abd3') in 0.002 seconds [static and dynamic dependencies]. Details - ImportResultOutputID=3d3158b999c0d797bac0cdc7cbe08390 DependenciesID=e8105200945c1afcc663ba41f7734fd8 StaticDependenciesID=91ae172a76f8a447e674f65dce32c254 
Asset Pipeline Refresh (id=bd68518403fbd4d36844188edf63fd4e): Total: 0.023 seconds - Initiated by StopAssetImportingV2(NoUpdateAssetOptions)
Importing 'GUID: 6f90c742bd6959bc8338510e356bc020 - Path: Assets/Resources/ReturnV2/TiqueV10/push-down/07.png' with importer (TextureImporter)
Imported 'GUID: 6f90c742bd6959bc8338510e356bc020' -> (Import Result ID: '88a0fac8443d634ca1ad86f308ac24e5') in 0.002 seconds [static and dynamic dependencies]. Details - ImportResultOutputID=200f50c325e675f5a473906104254496 DependenciesID=ccd8ab129f47a61f05b6c84021b64f2d StaticDependenciesID=e26d7f6aff1b62d2218611adca624ac7 
Asset Pipeline Refresh (id=886b405b9e124428d9376b5ce0d529e0): Total: 0.023 seconds - Initiated by StopAssetImportingV2(NoUpdateAssetOptions)
Importing 'GUID: 9eaf5094ecae533584d127bc47d7e87e - Path: Assets/Resources/ReturnV2/TiqueV10/push-down/08.png' with importer (TextureImporter)
Imported 'GUID: 9eaf5094ecae533584d127bc47d7e87e' -> (Import Result ID: 'c88d1ac2220e6238cc5981093188f23e') in 0.002 seconds [static and dynamic dependencies]. Details - ImportResultOutputID=fa3c2851ef3ce311eb7f6b1df41e0158 DependenciesID=b90d44d0e6c848a7c0ecfa92ddb63ad9 StaticDependenciesID=a0f4a6344038a71d2d233dde2df1b50e 
Asset Pipeline Refresh (id=fc0569529f8ec423b9a23c9e27ea3f30): Total: 0.024 seconds - Initiated by StopAssetImportingV2(NoUpdateAssetOptions)
Importing 'GUID: 4905a68d7c1f53b382d327c309f5a5b6 - Path: Assets/Resources/ReturnV2/TiqueV10/push-down/09.png' with importer (TextureImporter)
Imported 'GUID: 4905a68d7c1f53b382d327c309f5a5b6' -> (Import Result ID: 'e14e81388fd0eda9e5e342acaf67632f') in 0.002 seconds [static and dynamic dependencies]. Details - ImportResultOutputID=72c1dc17532ba3ff033217ce8fbf8e6e DependenciesID=c85717b16e2a72741fe249d19e8e6448 StaticDependenciesID=5c1d7204e1b0d03f14a147ecafcfb84c 
Asset Pipeline Refresh (id=76c52fd5768c7485b89506b4d9a5ac59): Total: 0.024 seconds - Initiated by StopAssetImportingV2(NoUpdateAssetOptions)
Importing 'GUID: e81c35bff6505aa991e1c14fc4c4d29d - Path: Assets/Resources/ReturnV2/TiqueV10/push-down/10.png' with importer (TextureImporter)
Imported 'GUID: e81c35bff6505aa991e1c14fc4c4d29d' -> (Import Result ID: '0af842a6c23ae6d1de580ded22e2e78a') in 0.002 seconds [static and dynamic dependencies]. Details - ImportResultOutputID=ab293f8161825eaffcbab8b50b13dfcc DependenciesID=69df7e5caa818924d042e8e6b6b7f274 StaticDependenciesID=e5685829e3689447de459423097402a8 
Asset Pipeline Refresh (id=cc3d4c35f80e946059a31d322e645cf1): Total: 0.025 seconds - Initiated by StopAssetImportingV2(NoUpdateAssetOptions)
Importing 'GUID: d876f5975e435ba7be7132b979ac8b53 - Path: Assets/Resources/ReturnV2/TiqueV10/push-down/11.png' with importer (TextureImporter)
Imported 'GUID: d876f5975e435ba7be7132b979ac8b53' -> (Import Result ID: '3f8cca667c22c491417588b852765a96') in 0.002 seconds [static and dynamic dependencies]. Details - ImportResultOutputID=2d3db2aeaa042960978f3f66371db0d7 DependenciesID=a597bf39dd6497f99a341d31483cfc5c StaticDependenciesID=09152321830f37a37e5f4ab81f7ea1a1 
Asset Pipeline Refresh (id=6fb44115bd85a426492cb60851542252): Total: 0.024 seconds - Initiated by StopAssetImportingV2(NoUpdateAssetOptions)
Importing 'GUID: c55f4e481c455151994669b292371026 - Path: Assets/Resources/ReturnV2/TiqueV10/push-down/12.png' with importer (TextureImporter)
Imported 'GUID: c55f4e481c455151994669b292371026' -> (Import Result ID: '24e068b398662fb27cfee235f62949ef') in 0.002 seconds [static and dynamic dependencies]. Details - ImportResultOutputID=867196afefbd3092ae47b0bd8e6b6dd5 DependenciesID=ab8fd5b3f3b73ad32c424e5bde78fd36 StaticDependenciesID=33644059ea49f6a2254232a0e61b57e4 
Asset Pipeline Refresh (id=0cc204be80c274a48a6a3ce93e407d9e): Total: 0.024 seconds - Initiated by StopAssetImportingV2(NoUpdateAssetOptions)
Importing 'GUID: e9c3fe92c771544ead22b55f908df560 - Path: Assets/Resources/ReturnV2/TiqueV10/push-down/13.png' with importer (TextureImporter)
Imported 'GUID: e9c3fe92c771544ead22b55f908df560' -> (Import Result ID: 'c57b3f12a1fb062a00df228e1792072b') in 0.002 seconds [static and dynamic dependencies]. Details - ImportResultOutputID=77026ea90e6fa08abc82e2ce856a2d16 DependenciesID=ffcac2b2d3410bb28d8973ddbcf51961 StaticDependenciesID=6f767af7ed595498e2ed1fbae94b7b4b 
Asset Pipeline Refresh (id=f719bb49f556d48f280f0d71b91fc6cd): Total: 0.024 seconds - Initiated by StopAssetImportingV2(NoUpdateAssetOptions)
Importing 'GUID: 8898e192490f54b7883b4a848c48d1e6 - Path: Assets/Resources/ReturnV2/TiqueV10/push-side/00.png' with importer (TextureImporter)
Imported 'GUID: 8898e192490f54b7883b4a848c48d1e6' -> (Import Result ID: '841642a0fcba15372cfc6b54493118ca') in 0.002 seconds [static and dynamic dependencies]. Details - ImportResultOutputID=7fbd23308f06dd26add8c22918fd5a3d DependenciesID=5907060ed608edb5e125472e0fdb81ba StaticDependenciesID=8f2e3cc7e0e460df9bcf1f88a776299b 
Asset Pipeline Refresh (id=99f3cae6314af4d85aca42e9aeb11ffb): Total: 0.024 seconds - Initiated by StopAssetImportingV2(NoUpdateAssetOptions)
Importing 'GUID: 69e036d08c3d5817808cc5c1aa57a24f - Path: Assets/Resources/ReturnV2/TiqueV10/push-side/01.png' with importer (TextureImporter)
Imported 'GUID: 69e036d08c3d5817808cc5c1aa57a24f' -> (Import Result ID: 'c63b0a7dc73c81ed5b0dd214fb04c612') in 0.002 seconds [static and dynamic dependencies]. Details - ImportResultOutputID=eaf24b107017ba7fd520e7ea3ac7e20f DependenciesID=c7987b99ce933e9a1c3543dfc60330f5 StaticDependenciesID=3cb3daaa74090687a2ae73123a0d92da 
Asset Pipeline Refresh (id=b809bc326dae04793abb52326d7c7c68): Total: 0.024 seconds - Initiated by StopAssetImportingV2(NoUpdateAssetOptions)
Importing 'GUID: db59808627a0594e9a285277c746cd69 - Path: Assets/Resources/ReturnV2/TiqueV10/push-side/02.png' with importer (TextureImporter)
Imported 'GUID: db59808627a0594e9a285277c746cd69' -> (Import Result ID: 'd3a38e22efc8c7746c0f60861419c1d8') in 0.002 seconds [static and dynamic dependencies]. Details - ImportResultOutputID=1fe184470a87815334bc25b5b00fee71 DependenciesID=6dde5485024541bc8798b7935455122f StaticDependenciesID=25e4d72cca97efc84e969e169def3383 
Asset Pipeline Refresh (id=050a1987389024cfb8553f3eb5e1105f): Total: 0.024 seconds - Initiated by StopAssetImportingV2(NoUpdateAssetOptions)
Importing 'GUID: 29212199c0f45b06858b80ef73ee1fb9 - Path: Assets/Resources/ReturnV2/TiqueV10/push-side/03.png' with importer (TextureImporter)
Imported 'GUID: 29212199c0f45b06858b80ef73ee1fb9' -> (Import Result ID: '3c3453332e08d3f05b164d6bc442b62c') in 0.002 seconds [static and dynamic dependencies]. Details - ImportResultOutputID=545d76dfe1414e9fb019b8753955e50e DependenciesID=ce569cf88da6bdee2bf5e5f1617baeb6 StaticDependenciesID=ce31443d4bd390b28bbfe028913f90b8 
Asset Pipeline Refresh (id=0fbfd9caf33814bfe9f6f6486b9e7917): Total: 0.024 seconds - Initiated by StopAssetImportingV2(NoUpdateAssetOptions)
Importing 'GUID: 558ebd5e081c53cc890c01bef19bf1e6 - Path: Assets/Resources/ReturnV2/TiqueV10/push-side/04.png' with importer (TextureImporter)
Imported 'GUID: 558ebd5e081c53cc890c01bef19bf1e6' -> (Import Result ID: '24f60d9fe9f392dcb99d1ef2de75de01') in 0.002 seconds [static and dynamic dependencies]. Details - ImportResultOutputID=03c79eb09672890fbdc26775b3deefbc DependenciesID=385e429a968b31d278a289017cb3b968 StaticDependenciesID=715b216e1f197f0edf405d2156c82ee6 
Asset Pipeline Refresh (id=99ceac81f3d94459eb89e445d2156109): Total: 0.024 seconds - Initiated by StopAssetImportingV2(NoUpdateAssetOptions)
Importing 'GUID: 99c6cebf5f4454cab663e50c7dc86365 - Path: Assets/Resources/ReturnV2/TiqueV10/push-side/05.png' with importer (TextureImporter)
Imported 'GUID: 99c6cebf5f4454cab663e50c7dc86365' -> (Import Result ID: '134c3e668807fcb469f50e7afdf6fc12') in 0.002 seconds [static and dynamic dependencies]. Details - ImportResultOutputID=8c1d56ca4b6e7bffe521b8f87508b472 DependenciesID=648d2005cf1a68f6e9e93d5b7b5977f3 StaticDependenciesID=9aae91bcf992a38a001be9cb6ac6078c 
Asset Pipeline Refresh (id=61a7a604920dd4c25a7fc7a5e47f00c4): Total: 0.024 seconds - Initiated by StopAssetImportingV2(NoUpdateAssetOptions)
Importing 'GUID: d0b8d16a682358fbaa3c2635d4f9573a - Path: Assets/Resources/ReturnV2/TiqueV10/push-side/06.png' with importer (TextureImporter)
Imported 'GUID: d0b8d16a682358fbaa3c2635d4f9573a' -> (Import Result ID: 'd1b4709a558f2157633f7931e442fbc1') in 0.002 seconds [static and dynamic dependencies]. Details - ImportResultOutputID=ae7c11a2355290756282dc5d1ab0fd5c DependenciesID=e5f94710029524694fd73a4e9252dabe StaticDependenciesID=9a54fa5bb15d7e0e9e76adcf79b7eabc 
Asset Pipeline Refresh (id=4f11beee17e374a2f941faa3232b9ada): Total: 0.024 seconds - Initiated by StopAssetImportingV2(NoUpdateAssetOptions)
Importing 'GUID: d0f88bfee4f9597eb4cdb85a87a75427 - Path: Assets/Resources/ReturnV2/TiqueV10/push-side/07.png' with importer (TextureImporter)
Imported 'GUID: d0f88bfee4f9597eb4cdb85a87a75427' -> (Import Result ID: '782e0b7982ce2ad278c98bc0762c12a7') in 0.002 seconds [static and dynamic dependencies]. Details - ImportResultOutputID=98bbc92bb8998814f010c440e642797b DependenciesID=03be6a80007096a0cb463523a925c195 StaticDependenciesID=a1ce104439bc596e06b7796f1a356db4 
Asset Pipeline Refresh (id=d7b98bdecf5294c60836053bce864c5b): Total: 0.024 seconds - Initiated by StopAssetImportingV2(NoUpdateAssetOptions)
Importing 'GUID: 35011d47bc3a58d897f73c28fa0aa735 - Path: Assets/Resources/ReturnV2/TiqueV10/push-side/08.png' with importer (TextureImporter)
Imported 'GUID: 35011d47bc3a58d897f73c28fa0aa735' -> (Import Result ID: '6bba08e16a85f8540a1f5f5e64876400') in 0.002 seconds [static and dynamic dependencies]. Details - ImportResultOutputID=df22fef2d902d5450f8fc0b6c432d267 DependenciesID=d19a1132f368f33fd75cb3a9dd34c8d4 StaticDependenciesID=327fe7706179ebf1e7b769690b0d708a 
Asset Pipeline Refresh (id=177a49bd1d4f5416f88e273f106767a2): Total: 0.024 seconds - Initiated by StopAssetImportingV2(NoUpdateAssetOptions)
Importing 'GUID: 5f6d234d891f54d7b719742b4ac98bf5 - Path: Assets/Resources/ReturnV2/TiqueV10/push-side/09.png' with importer (TextureImporter)
Imported 'GUID: 5f6d234d891f54d7b719742b4ac98bf5' -> (Import Result ID: 'e43b149a69a1d22543e35516037c0b40') in 0.002 seconds [static and dynamic dependencies]. Details - ImportResultOutputID=0fec1cab788864ad5e672a36b2e5fe7d DependenciesID=5f87fb7aef445922a0e22985cf0da487 StaticDependenciesID=61d744f08da5d2f5cd6b17675a02997d 
Asset Pipeline Refresh (id=47edf735977ef4ffa8444382436ff11e): Total: 0.024 seconds - Initiated by StopAssetImportingV2(NoUpdateAssetOptions)
Importing 'GUID: 0bf7ef8fbe41574b9de2d8eae7a29017 - Path: Assets/Resources/ReturnV2/TiqueV10/push-side/10.png' with importer (TextureImporter)
Imported 'GUID: 0bf7ef8fbe41574b9de2d8eae7a29017' -> (Import Result ID: 'c24c74e70de14cbed54827f6b13cfff0') in 0.002 seconds [static and dynamic dependencies]. Details - ImportResultOutputID=6c0916cfbd1ceeecbd83599f49d833cd DependenciesID=c9b770d427a62d97d8d92daf27af3001 StaticDependenciesID=3733961561832f4a847700c0358984d7 
Asset Pipeline Refresh (id=c09b048801ae5417d8a4563982ae3d76): Total: 0.025 seconds - Initiated by StopAssetImportingV2(NoUpdateAssetOptions)
Importing 'GUID: fd43fbf55115588da361e6785f54893e - Path: Assets/Resources/ReturnV2/TiqueV10/push-side/11.png' with importer (TextureImporter)
Imported 'GUID: fd43fbf55115588da361e6785f54893e' -> (Import Result ID: 'd7b2a7f6a746f0a5842117dfca1c8c3b') in 0.002 seconds [static and dynamic dependencies]. Details - ImportResultOutputID=c8be685006eb55706ee26f933f36e681 DependenciesID=6e171f2eff9dcbd7992931acca8f2c3c StaticDependenciesID=47b1c5a8d82ef0b17c90587d3a2ecdce 
Asset Pipeline Refresh (id=1d4c878bedf334c3eae825dfb3f39d1e): Total: 0.024 seconds - Initiated by StopAssetImportingV2(NoUpdateAssetOptions)
Importing 'GUID: 6f0c684ca1705e50a833a9d30f1db044 - Path: Assets/Resources/ReturnV2/TiqueV10/push-side/12.png' with importer (TextureImporter)
Imported 'GUID: 6f0c684ca1705e50a833a9d30f1db044' -> (Import Result ID: '17acfe99d4a4bb3071d33870e9a4f584') in 0.002 seconds [static and dynamic dependencies]. Details - ImportResultOutputID=eaa1de377e8abc54e54f68ad1aa548b8 DependenciesID=d5929cb233e370fa704e04a0438e7aca StaticDependenciesID=fc4402f2d90be1ddc1481dc4ba19d246 
Asset Pipeline Refresh (id=080edda7ca08747bd80d2c8066cb1da2): Total: 0.024 seconds - Initiated by StopAssetImportingV2(NoUpdateAssetOptions)
Importing 'GUID: 101a5d81777b5f4e9e95c340f213303b - Path: Assets/Resources/ReturnV2/TiqueV10/push-side/13.png' with importer (TextureImporter)
Imported 'GUID: 101a5d81777b5f4e9e95c340f213303b' -> (Import Result ID: 'af0f50c723daa0a6b92d7042b38ff3fb') in 0.002 seconds [static and dynamic dependencies]. Details - ImportResultOutputID=ff684184dc093d4fc00f6cb22b2859da DependenciesID=743c59e7033b21399ebaec9eb0a0ba59 StaticDependenciesID=4de304585183537bd7049d29da1dae14 
Asset Pipeline Refresh (id=244fb334a7a354898a961554b04e1c5a): Total: 0.025 seconds - Initiated by StopAssetImportingV2(NoUpdateAssetOptions)
Importing 'GUID: 2802fb02157f5442afc0c05a40e23051 - Path: Assets/Resources/ReturnV2/TiqueV10/push-up/00.png' with importer (TextureImporter)
Imported 'GUID: 2802fb02157f5442afc0c05a40e23051' -> (Import Result ID: '5e7cd07ba072cf7667b15ae02c9c71f2') in 0.002 seconds [static and dynamic dependencies]. Details - ImportResultOutputID=2a6349e0bf7632ed6f9d260a72e08ade DependenciesID=9e896761121c6ddb54f2806584a1aab2 StaticDependenciesID=3f77db97018b425e6a3a39e1da286512 
Asset Pipeline Refresh (id=e64f0adb77f084cd2a9037595b2fcd3c): Total: 0.023 seconds - Initiated by StopAssetImportingV2(NoUpdateAssetOptions)
Importing 'GUID: 8ddd84871bb85a69ab632c3b48afccda - Path: Assets/Resources/ReturnV2/TiqueV10/push-up/01.png' with importer (TextureImporter)
Imported 'GUID: 8ddd84871bb85a69ab632c3b48afccda' -> (Import Result ID: '49070c1c507a3928cbd01ebaa16c8f60') in 0.002 seconds [static and dynamic dependencies]. Details - ImportResultOutputID=474b49942324ca14d194e71d4d6bd6ed DependenciesID=ff3c8ed9df39e9d92e126c866a0b087d StaticDependenciesID=022f7a3b3672aec9498260e513daf1ff 
Asset Pipeline Refresh (id=964848907e44e48f9be7dd613212f629): Total: 0.023 seconds - Initiated by StopAssetImportingV2(NoUpdateAssetOptions)
Importing 'GUID: b405661519fe5a0b88ee8aac5dc833f0 - Path: Assets/Resources/ReturnV2/TiqueV10/push-up/02.png' with importer (TextureImporter)
Imported 'GUID: b405661519fe5a0b88ee8aac5dc833f0' -> (Import Result ID: 'dea548be7773d347c21d1577a74480e5') in 0.002 seconds [static and dynamic dependencies]. Details - ImportResultOutputID=9ad3f4a66877e2bc4c6c5381b18a88e4 DependenciesID=eef85316ab82f130531235ade1d8c1ca StaticDependenciesID=7d5fc6d88db6cbf4519faf61492947e4 
Asset Pipeline Refresh (id=6664657861e8e45b59546f7145777362): Total: 0.024 seconds - Initiated by StopAssetImportingV2(NoUpdateAssetOptions)
Importing 'GUID: 8f9ca042c06d5305a4d8061c31b9bb26 - Path: Assets/Resources/ReturnV2/TiqueV10/push-up/03.png' with importer (TextureImporter)
Imported 'GUID: 8f9ca042c06d5305a4d8061c31b9bb26' -> (Import Result ID: 'fab0c2c942133ac685e0331c2eb8cf94') in 0.002 seconds [static and dynamic dependencies]. Details - ImportResultOutputID=efcf214bb57b31498a216968050800b6 DependenciesID=77e42f3e84205e012fab9752af85ac6c StaticDependenciesID=5403e026f8974508bb231a454fc7637d 
Asset Pipeline Refresh (id=eb188ded49524412f8f854efa368b00c): Total: 0.024 seconds - Initiated by StopAssetImportingV2(NoUpdateAssetOptions)
Importing 'GUID: e6fa33a9ee2059b58ed9bcfd11c6a4a3 - Path: Assets/Resources/ReturnV2/TiqueV10/push-up/04.png' with importer (TextureImporter)
Imported 'GUID: e6fa33a9ee2059b58ed9bcfd11c6a4a3' -> (Import Result ID: '0e836c46059b019eabf4fb2490a7da29') in 0.002 seconds [static and dynamic dependencies]. Details - ImportResultOutputID=22561c94a21948128de9873d371cedb6 DependenciesID=ca5a08bd04e8ccba64e5d2530d4e3634 StaticDependenciesID=a19e5b7505095021386ef927bdbc3287 
Asset Pipeline Refresh (id=b9a50113f2048436dbdde7627d6d9703): Total: 0.024 seconds - Initiated by StopAssetImportingV2(NoUpdateAssetOptions)
Importing 'GUID: 5d00ab1658f0584983b0ecb499ccd52c - Path: Assets/Resources/ReturnV2/TiqueV10/push-up/05.png' with importer (TextureImporter)
Imported 'GUID: 5d00ab1658f0584983b0ecb499ccd52c' -> (Import Result ID: '3154d0b54403ea1caea537a9c13cccb9') in 0.003 seconds [static and dynamic dependencies]. Details - ImportResultOutputID=eb9535492e31e6a1f039f1346304f412 DependenciesID=72f81ab1f3ff753db9a4536e7a7e012a StaticDependenciesID=af6f3ca752f1749114d54bc978f4c457 
Asset Pipeline Refresh (id=a16d2994ea310496a8245438d5e2b578): Total: 0.026 seconds - Initiated by StopAssetImportingV2(NoUpdateAssetOptions)
Importing 'GUID: 9c5011284dc259cf9a55bc8a8854968e - Path: Assets/Resources/ReturnV2/TiqueV10/push-up/06.png' with importer (TextureImporter)
Imported 'GUID: 9c5011284dc259cf9a55bc8a8854968e' -> (Import Result ID: 'f4a14ee32716fbc4205af2fa6f89cdd3') in 0.002 seconds [static and dynamic dependencies]. Details - ImportResultOutputID=07d29b4316815f3980441cbc3ced4a34 DependenciesID=882c5f84666b0931dc91a65ae431df9e StaticDependenciesID=7af981abf233fce00e2276603746541d 
Asset Pipeline Refresh (id=aa5d537ddef834a3e9d9a21a87c67c04): Total: 0.024 seconds - Initiated by StopAssetImportingV2(NoUpdateAssetOptions)
Importing 'GUID: f0af1ab406f35c5f9c0e16767344c510 - Path: Assets/Resources/ReturnV2/TiqueV10/push-up/07.png' with importer (TextureImporter)
Imported 'GUID: f0af1ab406f35c5f9c0e16767344c510' -> (Import Result ID: 'c9b7b8de81ddae67b9dbcbecfc168eef') in 0.003 seconds [static and dynamic dependencies]. Details - ImportResultOutputID=51243c474a4024fef692e9836a8d2c5b DependenciesID=1812505500f293c93a370eb939062e84 StaticDependenciesID=56a953ab68998f633e6091f5ad9a68da 
Asset Pipeline Refresh (id=80757adb3bd424633a098c3611b331db): Total: 0.024 seconds - Initiated by StopAssetImportingV2(NoUpdateAssetOptions)
Importing 'GUID: 620ab8b28c9f51e083f201927b39a81b - Path: Assets/Resources/ReturnV2/TiqueV10/push-up/08.png' with importer (TextureImporter)
Imported 'GUID: 620ab8b28c9f51e083f201927b39a81b' -> (Import Result ID: 'b2b58ff0cd10a7d64e3c33ffcb8926ef') in 0.002 seconds [static and dynamic dependencies]. Details - ImportResultOutputID=451b8042b30ed0884b4ba5f24589fd6a DependenciesID=677c62cec3f2f959de0eb5afeada6c67 StaticDependenciesID=97ddfdf4d25bb5f6d6f84a346a6c80fc 
Asset Pipeline Refresh (id=50bbb118d1c534e4ba145d3b6f0e692a): Total: 0.024 seconds - Initiated by StopAssetImportingV2(NoUpdateAssetOptions)
Importing 'GUID: e0c7a149b5995269a9c19b079ba9c398 - Path: Assets/Resources/ReturnV2/TiqueV10/push-up/09.png' with importer (TextureImporter)
Imported 'GUID: e0c7a149b5995269a9c19b079ba9c398' -> (Import Result ID: '8e48cd683dc30cb47025c794670ae8de') in 0.003 seconds [static and dynamic dependencies]. Details - ImportResultOutputID=44ce7d5f639cc9210694841f24997330 DependenciesID=dd0d7c621e010e1195bf29d829e8135c StaticDependenciesID=e50ffddc69ae358844cfedd28adb96cc 
Asset Pipeline Refresh (id=38037e63ce547446590e62bcddacced7): Total: 0.024 seconds - Initiated by StopAssetImportingV2(NoUpdateAssetOptions)
Importing 'GUID: e144c8611cd754769e876c4448c3d18a - Path: Assets/Resources/ReturnV2/TiqueV10/push-up/10.png' with importer (TextureImporter)
Imported 'GUID: e144c8611cd754769e876c4448c3d18a' -> (Import Result ID: '85f1546a1009f1ac59410ba9bc6ad010') in 0.002 seconds [static and dynamic dependencies]. Details - ImportResultOutputID=577fbb1e471a383b907f54665d1b0fc9 DependenciesID=f71a4bc79754aa3f96ce31473ae9ba67 StaticDependenciesID=bb1f2c39cea0890b4741e725fa508f39 
Asset Pipeline Refresh (id=4aad4da47c4a24cb5a4a44a73dd3d61d): Total: 0.025 seconds - Initiated by StopAssetImportingV2(NoUpdateAssetOptions)
Importing 'GUID: 7d5c09c405be568db63eadabe2e3519f - Path: Assets/Resources/ReturnV2/TiqueV10/push-up/11.png' with importer (TextureImporter)
Imported 'GUID: 7d5c09c405be568db63eadabe2e3519f' -> (Import Result ID: '77221ef1c9092395da4ea027cb4cc8de') in 0.002 seconds [static and dynamic dependencies]. Details - ImportResultOutputID=8049b2932dbe092b57b315510ae2b5cd DependenciesID=2204dddfc0ce0ab987fdf34e2fe11bd1 StaticDependenciesID=997695e971ee9ed82ddf361396a75990 
Asset Pipeline Refresh (id=5acd0b291988445e386a6ff09f836466): Total: 0.024 seconds - Initiated by StopAssetImportingV2(NoUpdateAssetOptions)
Importing 'GUID: ba08f63badd653f498555a61dedd3e03 - Path: Assets/Resources/ReturnV2/TiqueV10/push-up/12.png' with importer (TextureImporter)
Imported 'GUID: ba08f63badd653f498555a61dedd3e03' -> (Import Result ID: 'a89f8851ee451d4aabfd6578b1d2ad5c') in 0.002 seconds [static and dynamic dependencies]. Details - ImportResultOutputID=b8a5a205d3964c27adadbe34c88cd6a7 DependenciesID=f403645ed1b9bd6bb964f826c627e77b StaticDependenciesID=ead810db81bceea6893fdd42b97c5276 
Asset Pipeline Refresh (id=65b4ca9bcb2fe49a5b8520d7615f2998): Total: 0.024 seconds - Initiated by StopAssetImportingV2(NoUpdateAssetOptions)
Importing 'GUID: 9f84e81d6511531a928f9be947532ac0 - Path: Assets/Resources/ReturnV2/TiqueV10/push-up/13.png' with importer (TextureImporter)
Imported 'GUID: 9f84e81d6511531a928f9be947532ac0' -> (Import Result ID: 'a42060ba02340804cced7016006ed1b3') in 0.003 seconds [static and dynamic dependencies]. Details - ImportResultOutputID=f7e7f308d3213afe5e8ceeee7a4bf622 DependenciesID=1942df639a1361f842030744ec3ffa42 StaticDependenciesID=f4cdd62ed28c910330597e280260f1c2 
Asset Pipeline Refresh (id=d2718681ee9d84ec281da9f736df55c8): Total: 0.025 seconds - Initiated by StopAssetImportingV2(NoUpdateAssetOptions)
Importing 'GUID: 2eb6b504135b5b38b68a96d9797cfc11 - Path: Assets/Resources/ReturnV2/TiqueV8/Attack/00.png' with importer (TextureImporter)
Imported 'GUID: 2eb6b504135b5b38b68a96d9797cfc11' -> (Import Result ID: '344a9ab48762c6ecf73ff6e6161a983e') in 0.002 seconds [static and dynamic dependencies]. Details - ImportResultOutputID=ef189933570a1168b6b4230f344868d9 DependenciesID=d4627092d2dd7dfe2d5849ccf0e166e1 StaticDependenciesID=1ea33b9fd13117896a86235e14b50a8c 
Asset Pipeline Refresh (id=3f4520255fadb4322bda27ffd58c7184): Total: 0.024 seconds - Initiated by StopAssetImportingV2(NoUpdateAssetOptions)
Importing 'GUID: 4cb869e3399a5d56a4ce025954df2a70 - Path: Assets/Resources/ReturnV2/TiqueV8/Attack/01.png' with importer (TextureImporter)
Imported 'GUID: 4cb869e3399a5d56a4ce025954df2a70' -> (Import Result ID: 'e7d360e4508d5693433fcc4481497eee') in 0.002 seconds [static and dynamic dependencies]. Details - ImportResultOutputID=658e1d30671d01b636a4b254bfd4834b DependenciesID=5f9d608cc3b4372cefa099eaf6ac4b6b StaticDependenciesID=5de90e4e5593f2725d7cf51f7ab39f3b 
Asset Pipeline Refresh (id=254021fcbde334d488ca4cccfa5058c2): Total: 0.024 seconds - Initiated by StopAssetImportingV2(NoUpdateAssetOptions)
Importing 'GUID: 3227d8ec7b5e5eff8b3505fbf3208399 - Path: Assets/Resources/ReturnV2/TiqueV8/Attack/02.png' with importer (TextureImporter)
Imported 'GUID: 3227d8ec7b5e5eff8b3505fbf3208399' -> (Import Result ID: '213ca9954d800326c031149977a7e68b') in 0.002 seconds [static and dynamic dependencies]. Details - ImportResultOutputID=a67c0bcf8a342232f99501e2b1f0b3e1 DependenciesID=9be0ebaadd6af7e3a2444cd65f22fcc2 StaticDependenciesID=d37bb3ed42931db822f4affeb2745244 
Asset Pipeline Refresh (id=508cd2c643fcf4dd8a48d600134ba7ad): Total: 0.024 seconds - Initiated by StopAssetImportingV2(NoUpdateAssetOptions)
Importing 'GUID: bd1091a03bec52fe81ce44f4d3c042d0 - Path: Assets/Resources/ReturnV2/TiqueV8/Attack/03.png' with importer (TextureImporter)
Imported 'GUID: bd1091a03bec52fe81ce44f4d3c042d0' -> (Import Result ID: 'c92fc81d41a7b96808dc3258542395a3') in 0.002 seconds [static and dynamic dependencies]. Details - ImportResultOutputID=6e4a3f6f23c01ed3e81de6abfced0922 DependenciesID=1ba3e0f40f91846c656a1459efe85e07 StaticDependenciesID=cac707119bcdc8d7b7f7747fb9341c67 
Asset Pipeline Refresh (id=c79da1d26694445c7b4d5ceacf72bd06): Total: 0.024 seconds - Initiated by StopAssetImportingV2(NoUpdateAssetOptions)
Importing 'GUID: cd3bbe99bb3354d3b19fc43d48b398bc - Path: Assets/Resources/ReturnV2/TiqueV8/Attack/04.png' with importer (TextureImporter)
Imported 'GUID: cd3bbe99bb3354d3b19fc43d48b398bc' -> (Import Result ID: 'fc4a60ea11a5035a51975ec362846ff8') in 0.002 seconds [static and dynamic dependencies]. Details - ImportResultOutputID=efcad6635344217055bbb4089d0e411b DependenciesID=a6e648b6303b7709bb2c3f744dea4391 StaticDependenciesID=6d8054fab139aaf73754335c4684f8e9 
Asset Pipeline Refresh (id=30aeac8f09c3d4a1eb79a6ac2baaae45): Total: 0.024 seconds - Initiated by StopAssetImportingV2(NoUpdateAssetOptions)
Importing 'GUID: d3f3b3be77eb5e25b4ff744957dfe0be - Path: Assets/Resources/ReturnV2/TiqueV8/Attack/05.png' with importer (TextureImporter)
Imported 'GUID: d3f3b3be77eb5e25b4ff744957dfe0be' -> (Import Result ID: '12cc3a0e0500a66fe4179acd97d690ad') in 0.003 seconds [static and dynamic dependencies]. Details - ImportResultOutputID=f52d6d4f96b13b9909759e8af41dae12 DependenciesID=b907c3d04b8dcf0f2b071e763c809241 StaticDependenciesID=4214d786f59531234d20df4fe0eff448 
Asset Pipeline Refresh (id=10356ac03f32849babbab5aad422cadb): Total: 0.024 seconds - Initiated by StopAssetImportingV2(NoUpdateAssetOptions)
Importing 'GUID: dea54c88b7f1549e8d54b9df63561e9f - Path: Assets/Resources/ReturnV2/TiqueV8/Attack/06.png' with importer (TextureImporter)
Imported 'GUID: dea54c88b7f1549e8d54b9df63561e9f' -> (Import Result ID: '0d4bf6b22ac959a0e3f9a79cbb4764f9') in 0.002 seconds [static and dynamic dependencies]. Details - ImportResultOutputID=562c39547454c134805f7d782a9f9af4 DependenciesID=8f95b8d76053d80f0af880c8a41b6a00 StaticDependenciesID=ae40281cc145d6b6d406c3b2c55f53bb 
Asset Pipeline Refresh (id=e7b857ef3c95941ac83544668db5fb22): Total: 0.024 seconds - Initiated by StopAssetImportingV2(NoUpdateAssetOptions)
Importing 'GUID: 215612f378b4508cb3eaf952960cb4d8 - Path: Assets/Resources/ReturnV2/TiqueV8/Attack/07.png' with importer (TextureImporter)
Imported 'GUID: 215612f378b4508cb3eaf952960cb4d8' -> (Import Result ID: '5dbd631cfda07c2391c4c3de1a8d8651') in 0.003 seconds [static and dynamic dependencies]. Details - ImportResultOutputID=00aff67b67ed665a4e5153baef4ab819 DependenciesID=eedc1a5b2cb990b63c6129563433caa3 StaticDependenciesID=aa1655ca8e1a49e06c0ee4f72ca1fd16 
Asset Pipeline Refresh (id=d3e040b2236054941a5fb3347982b943): Total: 0.024 seconds - Initiated by StopAssetImportingV2(NoUpdateAssetOptions)
Importing 'GUID: fb5a733a425b554ea006ab32b8341a31 - Path: Assets/Resources/ReturnV2/TiqueV8/Attack/08.png' with importer (TextureImporter)
Imported 'GUID: fb5a733a425b554ea006ab32b8341a31' -> (Import Result ID: '492ccb0de5ce4989bec46669d15dd837') in 0.002 seconds [static and dynamic dependencies]. Details - ImportResultOutputID=283ed2d7c3340f56ca2b104062d43ae4 DependenciesID=ad6370019cd1987f198b7ab5384bd60f StaticDependenciesID=69a0228afbe321e9be192c67a47e0f22 
Asset Pipeline Refresh (id=a3dbd4ba10c0c4ec5b719ffb434667e4): Total: 0.023 seconds - Initiated by StopAssetImportingV2(NoUpdateAssetOptions)
Importing 'GUID: 966f051c163f56c9aa8d9003154b20e5 - Path: Assets/Resources/ReturnV2/TiqueV8/Attack/09.png' with importer (TextureImporter)
Imported 'GUID: 966f051c163f56c9aa8d9003154b20e5' -> (Import Result ID: 'd92a8e2d0f00e6d674d1d4f8fbd2dcb1') in 0.002 seconds [static and dynamic dependencies]. Details - ImportResultOutputID=9ffeba604480b4719a54364de14e1249 DependenciesID=788043e46442baf75a9bd1f1d5233c78 StaticDependenciesID=e574db9029b9da31820eb219152ac9e2 
Asset Pipeline Refresh (id=9086ab0d76bdb42fc92e199925ef9d46): Total: 0.024 seconds - Initiated by StopAssetImportingV2(NoUpdateAssetOptions)
Importing 'GUID: 12d4d5f1619d584390e212a7aef65f7d - Path: Assets/Resources/ReturnV2/TiqueV8/Attack/10.png' with importer (TextureImporter)
Imported 'GUID: 12d4d5f1619d584390e212a7aef65f7d' -> (Import Result ID: '597aa5da68f039398192c970ade1468b') in 0.002 seconds [static and dynamic dependencies]. Details - ImportResultOutputID=7950c43342de1a796531f0cb8b5c23b5 DependenciesID=e8ad466c5571586452516db3b73c1454 StaticDependenciesID=5ee22fc15c831417c04bbe6c4105e18c 
Asset Pipeline Refresh (id=43f55b8b9ca71413da66c59ab4d06436): Total: 0.025 seconds - Initiated by StopAssetImportingV2(NoUpdateAssetOptions)
Importing 'GUID: f9d0e3133d93552290ecef1ab25d9a28 - Path: Assets/Resources/ReturnV2/TiqueV8/Attack/11.png' with importer (TextureImporter)
Imported 'GUID: f9d0e3133d93552290ecef1ab25d9a28' -> (Import Result ID: '6cbf5766f8c1dc79f2ced1f09176fe63') in 0.002 seconds [static and dynamic dependencies]. Details - ImportResultOutputID=7b31ae476c6854bbcb2b70943367fa99 DependenciesID=fc909a933b0f5527682b7126f3d2e9e5 StaticDependenciesID=f4273a13459bfa2f5b9b111adf3f6d1b 
Asset Pipeline Refresh (id=6fd56705f124c4f70992c07c45848415): Total: 0.023 seconds - Initiated by StopAssetImportingV2(NoUpdateAssetOptions)
Importing 'GUID: 5a1557ee26b8582e919f343979a71de3 - Path: Assets/Resources/ReturnV2/TiqueV8/Dash/00.png' with importer (TextureImporter)
Imported 'GUID: 5a1557ee26b8582e919f343979a71de3' -> (Import Result ID: '3c1b1bf1c3b884459af0ae9eeaf2f18c') in 0.002 seconds [static and dynamic dependencies]. Details - ImportResultOutputID=90d5733dbf3bb3cd151199fd5a3310d0 DependenciesID=0594bcd23d5cb2142a2994d1d19bfcc0 StaticDependenciesID=725e557959eaff78b8034f9be5066c17 
Asset Pipeline Refresh (id=374baa61a4b7a42d4a5e4b25dd2b5d23): Total: 0.024 seconds - Initiated by StopAssetImportingV2(NoUpdateAssetOptions)
Importing 'GUID: a4d4d139edfc5ccdaf61b9d3dc83883d - Path: Assets/Resources/ReturnV2/TiqueV8/Dash/01.png' with importer (TextureImporter)
Imported 'GUID: a4d4d139edfc5ccdaf61b9d3dc83883d' -> (Import Result ID: 'ec82b751204e6bdc3ab5a5ee1007b979') in 0.002 seconds [static and dynamic dependencies]. Details - ImportResultOutputID=1dcf48bbe579fbb60288b56ef8516dad DependenciesID=8ed5416a314068b3a45fc385f366173b StaticDependenciesID=62e875ee97a9d18012b66386e733ff64 
Asset Pipeline Refresh (id=6768c50bd8a3e4cab9b4a963c4cea71f): Total: 0.024 seconds - Initiated by StopAssetImportingV2(NoUpdateAssetOptions)
Importing 'GUID: 25d22b5d672b53c188eb6e84ece23fcc - Path: Assets/Resources/ReturnV2/TiqueV8/Dash/02.png' with importer (TextureImporter)
Imported 'GUID: 25d22b5d672b53c188eb6e84ece23fcc' -> (Import Result ID: 'e320059219d297e36a230dbc639c2b76') in 0.003 seconds [static and dynamic dependencies]. Details - ImportResultOutputID=01ac468d5fdca7c34ce54befd3c9372b DependenciesID=a55841628d25717a81e736fb44b417a2 StaticDependenciesID=83ad0c70f91bdd6f22ca499f3b803242 
Asset Pipeline Refresh (id=e581343b20320484fa00f5bf6e2225bf): Total: 0.024 seconds - Initiated by StopAssetImportingV2(NoUpdateAssetOptions)
Importing 'GUID: b43afeb9f9205ecfa4bedd253e19ba6e - Path: Assets/Resources/ReturnV2/TiqueV8/Dash/03.png' with importer (TextureImporter)
Imported 'GUID: b43afeb9f9205ecfa4bedd253e19ba6e' -> (Import Result ID: '055326d1ddcc4412e765b31cab99613a') in 0.002 seconds [static and dynamic dependencies]. Details - ImportResultOutputID=9e7d4b9fc5a43fe39edfbd9d31f27143 DependenciesID=c161c35605fa8f17af7703e24c53dfaa StaticDependenciesID=0c674660c472c47bedaab061b8e471e2 
Asset Pipeline Refresh (id=2688178f7c8744bee9ed3ba0aaab8a5a): Total: 0.024 seconds - Initiated by StopAssetImportingV2(NoUpdateAssetOptions)
Importing 'GUID: 23bb6fd3b2c75314b9be44ed3cc1941b - Path: Assets/Resources/ReturnV2/TiqueV8/Dash/04.png' with importer (TextureImporter)
Imported 'GUID: 23bb6fd3b2c75314b9be44ed3cc1941b' -> (Import Result ID: '5177aa1592564311d746d4f8369510eb') in 0.002 seconds [static and dynamic dependencies]. Details - ImportResultOutputID=c3bfaa17e1ea2bd3366eaf66b316b82c DependenciesID=c071b3d9f9a643247497b28cb7a72aab StaticDependenciesID=7a102a2b4cd66de652dff03320967617 
Asset Pipeline Refresh (id=84a35d77461ad41fcacf5cd32e8aa940): Total: 0.024 seconds - Initiated by StopAssetImportingV2(NoUpdateAssetOptions)
Importing 'GUID: d28132d6f65853fd9d0a896ebb3131b0 - Path: Assets/Resources/ReturnV2/TiqueV8/Dash/05.png' with importer (TextureImporter)
Imported 'GUID: d28132d6f65853fd9d0a896ebb3131b0' -> (Import Result ID: '87bba3d883976c97bfc01bf6af609820') in 0.002 seconds [static and dynamic dependencies]. Details - ImportResultOutputID=21f174ec0979e565fcdb47783ed5eee4 DependenciesID=4bcad14d3e70e47665f0520bf29d43be StaticDependenciesID=9d75c1e9669542f3b22967b3914d6f88 
Asset Pipeline Refresh (id=d43b0df7bbcd7452c8f785989af764dd): Total: 0.024 seconds - Initiated by StopAssetImportingV2(NoUpdateAssetOptions)
Importing 'GUID: c2a9903fbde850d4969180d35485d1e8 - Path: Assets/Resources/ReturnV2/TiqueV8/Dash/06.png' with importer (TextureImporter)
Imported 'GUID: c2a9903fbde850d4969180d35485d1e8' -> (Import Result ID: 'b34a4015e0a682e979237d515327716d') in 0.002 seconds [static and dynamic dependencies]. Details - ImportResultOutputID=e18fe631c7ef17d317d3018c3bb1f103 DependenciesID=cc50743d205eaee8de2ea5d482523277 StaticDependenciesID=3acfb7aee794e44566106532199c41b0 
Asset Pipeline Refresh (id=e3a0e5ca7c0844a8f94069d27bcaecb1): Total: 0.024 seconds - Initiated by StopAssetImportingV2(NoUpdateAssetOptions)
Importing 'GUID: a0553efa5916568ebb765d97e5e76ec7 - Path: Assets/Resources/ReturnV2/TiqueV8/Dash/07.png' with importer (TextureImporter)
Imported 'GUID: a0553efa5916568ebb765d97e5e76ec7' -> (Import Result ID: '4ffc475847af2b991810700dd0fb38ee') in 0.002 seconds [static and dynamic dependencies]. Details - ImportResultOutputID=d4a1b428793c8578299d34a20a86e00d DependenciesID=07af621ab6cb473f78e0b477e73bb700 StaticDependenciesID=9da17107e8276d82d7f7b43729e04705 
Asset Pipeline Refresh (id=93ba4f67786c645ab9621f242b0d7707): Total: 0.024 seconds - Initiated by StopAssetImportingV2(NoUpdateAssetOptions)
Importing 'GUID: 4990903e194e57c59c1e1faa15819456 - Path: Assets/Resources/ReturnV2/TiqueV8/Dash/08.png' with importer (TextureImporter)
Imported 'GUID: 4990903e194e57c59c1e1faa15819456' -> (Import Result ID: '952d73a867a8f8c8851f1863b5630cc9') in 0.002 seconds [static and dynamic dependencies]. Details - ImportResultOutputID=4b897f1a799960627e7f456bc979e044 DependenciesID=fb81430604bd9d70cd0d0a108ba7b22d StaticDependenciesID=b5ac9a32428445e8784fcc624c1d186c 
Asset Pipeline Refresh (id=459a371f4d81b486a8fa3f3271fe2b8d): Total: 0.024 seconds - Initiated by StopAssetImportingV2(NoUpdateAssetOptions)
Importing 'GUID: 02b036ece3ee540c8d9a6e5083c29bc2 - Path: Assets/Resources/ReturnV2/TiqueV8/Dash/09.png' with importer (TextureImporter)
Imported 'GUID: 02b036ece3ee540c8d9a6e5083c29bc2' -> (Import Result ID: '818e8c5f59ba84f480b34a8930aed997') in 0.003 seconds [static and dynamic dependencies]. Details - ImportResultOutputID=696109b64261891f47737108a86f7761 DependenciesID=fbb8ec53f7d58bc04ae9f03a5db999c7 StaticDependenciesID=c51a49baa0463e8712b5d96dca71a3c5 
Asset Pipeline Refresh (id=082d88c1e9ad74a679788d72a74b65e7): Total: 0.024 seconds - Initiated by StopAssetImportingV2(NoUpdateAssetOptions)
Importing 'GUID: dd25c586b3b75e40b6074d36bdd480fd - Path: Assets/Resources/ReturnV2/TiqueV8/Dash/10.png' with importer (TextureImporter)
Imported 'GUID: dd25c586b3b75e40b6074d36bdd480fd' -> (Import Result ID: '09e4e71ee5dfd4aeb19693afcedc4ceb') in 0.002 seconds [static and dynamic dependencies]. Details - ImportResultOutputID=106ee1fca1269fe392b8a3ab660ae19d DependenciesID=0883180351c850e8fbdc6e1d9cacf392 StaticDependenciesID=f80e6bed1e2c4d0a9d47f612d6fb296e 
Asset Pipeline Refresh (id=bbb071ff25da240b8b9b4aba439c918f): Total: 0.024 seconds - Initiated by StopAssetImportingV2(NoUpdateAssetOptions)
Importing 'GUID: d14007d811fd54ba8738beb6dc4e03a4 - Path: Assets/Resources/ReturnV2/TiqueV8/Dash/11.png' with importer (TextureImporter)
Imported 'GUID: d14007d811fd54ba8738beb6dc4e03a4' -> (Import Result ID: '0870b109743cdb16cb8191c2414f2fc3') in 0.002 seconds [static and dynamic dependencies]. Details - ImportResultOutputID=76b34f1a934777aa1198f0e2700daed3 DependenciesID=4ca8ddc896fdf7fab5a2f16d271a7bea StaticDependenciesID=ff1baea64f1fa4481d83c1c2717733b7 
Asset Pipeline Refresh (id=9b8a21328ddab4afc88e000a9695982f): Total: 0.023 seconds - Initiated by StopAssetImportingV2(NoUpdateAssetOptions)
Importing 'GUID: a5a7b79bc480531aab425b33c14fef68 - Path: Assets/Resources/ReturnV2/TiqueV8/DoubleJump/00.png' with importer (TextureImporter)
Imported 'GUID: a5a7b79bc480531aab425b33c14fef68' -> (Import Result ID: '6b393d17ec6e7520640b46efb8f803f3') in 0.002 seconds [static and dynamic dependencies]. Details - ImportResultOutputID=522662f48d79fa1bedb06cd082a8ccb9 DependenciesID=c7dcd40736958ca9bfcee8df99e23e42 StaticDependenciesID=9fe3f104d3a87ecd1a7c57a6bf06bec8 
Asset Pipeline Refresh (id=dbc40c2285ef149cca6b43c11ea586e1): Total: 0.023 seconds - Initiated by StopAssetImportingV2(NoUpdateAssetOptions)
Importing 'GUID: 7a80b654824b530fb673e994922f8e0e - Path: Assets/Resources/ReturnV2/TiqueV8/DoubleJump/01.png' with importer (TextureImporter)
Imported 'GUID: 7a80b654824b530fb673e994922f8e0e' -> (Import Result ID: '4204d42c34d0ed152ff783735722ff05') in 0.002 seconds [static and dynamic dependencies]. Details - ImportResultOutputID=8d3ae406cb26988b644cb323de419586 DependenciesID=526e229e20725ae1df27e0cbb91db019 StaticDependenciesID=7ba8d7faf6a3f347c191f6a970d7ab4c 
Asset Pipeline Refresh (id=ef80c38d6eda643c785e415f86744010): Total: 0.023 seconds - Initiated by StopAssetImportingV2(NoUpdateAssetOptions)
Importing 'GUID: 3a9210aa69645d7bb5327f49161f9c7d - Path: Assets/Resources/ReturnV2/TiqueV8/DoubleJump/02.png' with importer (TextureImporter)
Imported 'GUID: 3a9210aa69645d7bb5327f49161f9c7d' -> (Import Result ID: 'e099a919a56b90de1e11de5eb5931475') in 0.002 seconds [static and dynamic dependencies]. Details - ImportResultOutputID=b1f96b0b0f7dc4656567bed9f63a4726 DependenciesID=c3f1c8aa2bd7be4958b4276e71505573 StaticDependenciesID=d4d81ace54aadae9f5c284b47691e19b 
Asset Pipeline Refresh (id=81cb9a8a64d804b7d854d4734661bc8e): Total: 0.024 seconds - Initiated by StopAssetImportingV2(NoUpdateAssetOptions)
Importing 'GUID: 4cec0f1244a45318aa118543d945fed5 - Path: Assets/Resources/ReturnV2/TiqueV8/DoubleJump/03.png' with importer (TextureImporter)
Imported 'GUID: 4cec0f1244a45318aa118543d945fed5' -> (Import Result ID: 'eb4e74912046194b1b99854698c5f949') in 0.002 seconds [static and dynamic dependencies]. Details - ImportResultOutputID=d7b2f59f385d80f2ed6cddea5cac0e59 DependenciesID=ca45b256b9ea3f9dc0661b897e17f42e StaticDependenciesID=d2e389a7f7800e7350ab01d5c93fc6be 
Asset Pipeline Refresh (id=c18ba79f2483c41c0b09d06b2c867fe2): Total: 0.023 seconds - Initiated by StopAssetImportingV2(NoUpdateAssetOptions)
Importing 'GUID: 69d7c76020065979a7ab535e802e2a50 - Path: Assets/Resources/ReturnV2/TiqueV8/DoubleJump/04.png' with importer (TextureImporter)
Imported 'GUID: 69d7c76020065979a7ab535e802e2a50' -> (Import Result ID: 'a5463c16461c96e05278f7d6887f73cd') in 0.002 seconds [static and dynamic dependencies]. Details - ImportResultOutputID=793a435bc8ba3d0f0b0e1f53a8ac2a0a DependenciesID=1a75f918b457b6b38f78ba2817605b6f StaticDependenciesID=500f569b4493227f171f420bc1a8be6c 
Asset Pipeline Refresh (id=a79608876f9a9496cb8f82f40b5a656d): Total: 0.025 seconds - Initiated by StopAssetImportingV2(NoUpdateAssetOptions)
Importing 'GUID: 866a4938ee605a3799f2f5a6ce29ae07 - Path: Assets/Resources/ReturnV2/TiqueV8/DoubleJump/05.png' with importer (TextureImporter)
Imported 'GUID: 866a4938ee605a3799f2f5a6ce29ae07' -> (Import Result ID: 'b1175020ead164fd137d6d3dfabc6e83') in 0.002 seconds [static and dynamic dependencies]. Details - ImportResultOutputID=260689a197103b3756b15ba6e754c36e DependenciesID=dc1256f0b2166b86815511cd0ebe9644 StaticDependenciesID=cff06563947e08612259cc4a4cebeac7 
Asset Pipeline Refresh (id=b804d94009cba468b81b061aee12612e): Total: 0.024 seconds - Initiated by StopAssetImportingV2(NoUpdateAssetOptions)
Importing 'GUID: f3b7650c039751b28af2f686d8fc1afe - Path: Assets/Resources/ReturnV2/TiqueV8/DoubleJump/06.png' with importer (TextureImporter)
Imported 'GUID: f3b7650c039751b28af2f686d8fc1afe' -> (Import Result ID: '4eb56f42915052d2bbfa542ab6dad45b') in 0.002 seconds [static and dynamic dependencies]. Details - ImportResultOutputID=dec0f600147cf11ef06998d10efea855 DependenciesID=c3f97663a5d6ff14a8c08899b7958545 StaticDependenciesID=449355eec5665e8ae5ef1d0a35ba0b66 
Asset Pipeline Refresh (id=d9c9cf18e171a4976888a495f063d826): Total: 0.024 seconds - Initiated by StopAssetImportingV2(NoUpdateAssetOptions)
Importing 'GUID: e7775c04695e5609956fb9604a9f6bf6 - Path: Assets/Resources/ReturnV2/TiqueV8/DoubleJump/07.png' with importer (TextureImporter)
Imported 'GUID: e7775c04695e5609956fb9604a9f6bf6' -> (Import Result ID: '9ac7d4f9ca6a1c31d0c6d020228e7710') in 0.002 seconds [static and dynamic dependencies]. Details - ImportResultOutputID=cc0926fcab67a56b6244d7abb58bc8d8 DependenciesID=eaa662078b9ea1d0f05e52db0ed23aed StaticDependenciesID=845db3d02d48d797251acb5af1775fc1 
Asset Pipeline Refresh (id=3b3fb040ee1b04319a55c993faf1c149): Total: 0.024 seconds - Initiated by StopAssetImportingV2(NoUpdateAssetOptions)
Importing 'GUID: 27901e61cea953abae9ae8d8c4a389cd - Path: Assets/Resources/ReturnV2/TiqueV8/DoubleJump/08.png' with importer (TextureImporter)
Imported 'GUID: 27901e61cea953abae9ae8d8c4a389cd' -> (Import Result ID: 'c7fe1670f9d782caaa331e362ec48494') in 0.002 seconds [static and dynamic dependencies]. Details - ImportResultOutputID=b3857c06950dc3108fd29a7c1ab54613 DependenciesID=d24e5c5485a6849a07a9f8d8562cd4fc StaticDependenciesID=b208e45f0da41255f3f4f7c957785513 
Asset Pipeline Refresh (id=aa3f3f6e1b9524721820f01e6f7a912d): Total: 0.024 seconds - Initiated by StopAssetImportingV2(NoUpdateAssetOptions)
Importing 'GUID: 17a0f61983065bca866881c2adf19edc - Path: Assets/Resources/ReturnV2/TiqueV8/DoubleJump/09.png' with importer (TextureImporter)
Imported 'GUID: 17a0f61983065bca866881c2adf19edc' -> (Import Result ID: '77679979ce9f32468b8c8b55d42678ab') in 0.002 seconds [static and dynamic dependencies]. Details - ImportResultOutputID=d00d8247d3c2c81a8ccc77cce8bd59c0 DependenciesID=7ae56f34388e51a7b15730883942b69e StaticDependenciesID=e42511a7d440335b21a5f2fe2fe5928b 
Asset Pipeline Refresh (id=59cb5eac5c85d4691a9073ff6573fbfc): Total: 0.024 seconds - Initiated by StopAssetImportingV2(NoUpdateAssetOptions)
Importing 'GUID: 5b3051f0c67c5729b0432fb1e1fef843 - Path: Assets/Resources/ReturnV2/TiqueV8/DoubleJump/10.png' with importer (TextureImporter)
Imported 'GUID: 5b3051f0c67c5729b0432fb1e1fef843' -> (Import Result ID: '6e6132c1e774003993788bf9f63fdf64') in 0.002 seconds [static and dynamic dependencies]. Details - ImportResultOutputID=39c6464164640903810e91bdcfda9d8f DependenciesID=5a3dfd4b6a7373c9750a71b44272d2f5 StaticDependenciesID=8827b63c2b73834c0c11e03736f33909 
Asset Pipeline Refresh (id=4b05cd6c8c930415a94972e877f7c80c): Total: 0.024 seconds - Initiated by StopAssetImportingV2(NoUpdateAssetOptions)
Importing 'GUID: 738d17dd4e625a1fb787f5257365b31f - Path: Assets/Resources/ReturnV2/TiqueV8/DoubleJump/11.png' with importer (TextureImporter)
Imported 'GUID: 738d17dd4e625a1fb787f5257365b31f' -> (Import Result ID: '402a028db0c286b2e305042fa378a284') in 0.002 seconds [static and dynamic dependencies]. Details - ImportResultOutputID=52b6cbe5dad5084b783ea6a17cc84828 DependenciesID=65f6324eeca6d8e65170d66ce215a4fe StaticDependenciesID=01babcdef3cc888c3ee0a16b851730d9 
Asset Pipeline Refresh (id=96617252ba5604761bdacb085d8cc5b1): Total: 0.024 seconds - Initiated by StopAssetImportingV2(NoUpdateAssetOptions)
Importing 'GUID: 7492604560325c81ab07ea2096b79e2e - Path: Assets/Resources/ReturnV2/TiqueV8/DoubleJump/12.png' with importer (TextureImporter)
Imported 'GUID: 7492604560325c81ab07ea2096b79e2e' -> (Import Result ID: '7647be164dfbb77affa9a5101e233e18') in 0.002 seconds [static and dynamic dependencies]. Details - ImportResultOutputID=be8c7f7bbe1cc1094efe11971093874f DependenciesID=07bd6775ad6ac3345a49acdd0f273f09 StaticDependenciesID=c583eb96bddd628a8b0e9079e10ee7fb 
Asset Pipeline Refresh (id=49a2f621aa6b745029d9307cc2f3959d): Total: 0.023 seconds - Initiated by StopAssetImportingV2(NoUpdateAssetOptions)
Importing 'GUID: c0cad6f0b22853b19e775349797f09ad - Path: Assets/Resources/ReturnV2/TiqueV8/Idle/00.png' with importer (TextureImporter)
Imported 'GUID: c0cad6f0b22853b19e775349797f09ad' -> (Import Result ID: '5b58dd10d4d7e892758656bbded368e2') in 0.002 seconds [static and dynamic dependencies]. Details - ImportResultOutputID=08a8f319d5d74fe3f7fe2e3adebaed73 DependenciesID=df7f06f588bdfcb37834a793c7ece802 StaticDependenciesID=73c8c32f9277f8cfc204d2209c31f89a 
Asset Pipeline Refresh (id=b7d789bd57d4b4270812ea775c562801): Total: 0.023 seconds - Initiated by StopAssetImportingV2(NoUpdateAssetOptions)
Importing 'GUID: 94446b26711c54a1a5aff1c3ad1811a9 - Path: Assets/Resources/ReturnV2/TiqueV8/Idle/01.png' with importer (TextureImporter)
Imported 'GUID: 94446b26711c54a1a5aff1c3ad1811a9' -> (Import Result ID: '1af772a755f30a79105311f59426b07b') in 0.002 seconds [static and dynamic dependencies]. Details - ImportResultOutputID=149d294ce08b4719310e8d598a0894e2 DependenciesID=46358db63c9624b97db5ce87771ef7d1 StaticDependenciesID=ab55499cec16f705d3e63d4fcfbf3f23 
Asset Pipeline Refresh (id=8695e8fc24fbc4639b8a4006149ff0f5): Total: 0.023 seconds - Initiated by StopAssetImportingV2(NoUpdateAssetOptions)
Importing 'GUID: 5ed56d1398e75b51984f8190a8b539f0 - Path: Assets/Resources/ReturnV2/TiqueV8/Idle/02.png' with importer (TextureImporter)
Imported 'GUID: 5ed56d1398e75b51984f8190a8b539f0' -> (Import Result ID: '2352d63dfac5bdb1a2ac3664152130f8') in 0.002 seconds [static and dynamic dependencies]. Details - ImportResultOutputID=a3dfc51575cd4e0294de39886d90ff2d DependenciesID=23afb01734df81329211378f8504e617 StaticDependenciesID=6b8feb85c6d6874eca67877e8a1470fe 
Asset Pipeline Refresh (id=a0e449844abf24bab8c624e245960390): Total: 0.023 seconds - Initiated by StopAssetImportingV2(NoUpdateAssetOptions)
Importing 'GUID: 2fd292798f2c57f1adcdef469eab7873 - Path: Assets/Resources/ReturnV2/TiqueV8/Idle/03.png' with importer (TextureImporter)
Imported 'GUID: 2fd292798f2c57f1adcdef469eab7873' -> (Import Result ID: '1d785e5c9a690b87f88cfdd1510df0a4') in 0.002 seconds [static and dynamic dependencies]. Details - ImportResultOutputID=0448a077d6c3e7d1da46cea20e728604 DependenciesID=43d6727347629559f6dc3055f7e56678 StaticDependenciesID=dc9960d5395912b1f7290e108fabd140 
Asset Pipeline Refresh (id=c37d88441d4744a08b57d181e8807b77): Total: 0.024 seconds - Initiated by StopAssetImportingV2(NoUpdateAssetOptions)
Importing 'GUID: c777e1abae455547868b04c00a2dd954 - Path: Assets/Resources/ReturnV2/TiqueV8/Idle/04.png' with importer (TextureImporter)
Imported 'GUID: c777e1abae455547868b04c00a2dd954' -> (Import Result ID: 'e791e3495cf80269888d728d5c362129') in 0.002 seconds [static and dynamic dependencies]. Details - ImportResultOutputID=bd5501f0bba33242d363dc3237ba4797 DependenciesID=7882345860434f41efffefa921058bb3 StaticDependenciesID=d41c9bf340e867b1508fc3e609b09774 
Asset Pipeline Refresh (id=c9bb8d392278846db80dd2edb7998df6): Total: 0.023 seconds - Initiated by StopAssetImportingV2(NoUpdateAssetOptions)
Importing 'GUID: c5f85b7fd7915a46b25093095288ec60 - Path: Assets/Resources/ReturnV2/TiqueV8/Idle/05.png' with importer (TextureImporter)
Imported 'GUID: c5f85b7fd7915a46b25093095288ec60' -> (Import Result ID: 'e63c1b2970537c5b0857eaba9c655aa7') in 0.002 seconds [static and dynamic dependencies]. Details - ImportResultOutputID=84fe7803b2f724ce75dd1258aa8b707b DependenciesID=d0debda95ace7f418d5180d482e8e4fd StaticDependenciesID=dc0ab1c4dc1dcabffb41dd06d0bc2638 
Asset Pipeline Refresh (id=91a0161cebdbd4c7db277ff68a97ac6e): Total: 0.023 seconds - Initiated by StopAssetImportingV2(NoUpdateAssetOptions)
Importing 'GUID: 1d2452f659b55d25a2c61a8998eb07a9 - Path: Assets/Resources/ReturnV2/TiqueV8/Idle/06.png' with importer (TextureImporter)
Imported 'GUID: 1d2452f659b55d25a2c61a8998eb07a9' -> (Import Result ID: 'a433d2307a91308308ff28b2e765e48f') in 0.002 seconds [static and dynamic dependencies]. Details - ImportResultOutputID=e3a51924e96e1888251b3fb4e0e698c8 DependenciesID=ab09e0bd346c80703e352950417924fa StaticDependenciesID=ea735fb47a3b00e31bf47c6d6d78800a 
Asset Pipeline Refresh (id=989bf03bbaa474245a2502bbd44affc9): Total: 0.024 seconds - Initiated by StopAssetImportingV2(NoUpdateAssetOptions)
Importing 'GUID: 1bdfb123e910594cbdb0bb0195e50d9e - Path: Assets/Resources/ReturnV2/TiqueV8/Idle/07.png' with importer (TextureImporter)
Imported 'GUID: 1bdfb123e910594cbdb0bb0195e50d9e' -> (Import Result ID: 'f7cec7ee56123920d229d6f9a629ce1b') in 0.002 seconds [static and dynamic dependencies]. Details - ImportResultOutputID=f0fae434101486cb744128541043f3d0 DependenciesID=7334e2a4ce4e31afe0a8952afdd9f889 StaticDependenciesID=54e7934df4b36c24a20fb5d611baa3f6 
Asset Pipeline Refresh (id=c66fbdcea8e5d41cfac4469aa9f02b94): Total: 0.024 seconds - Initiated by StopAssetImportingV2(NoUpdateAssetOptions)
Importing 'GUID: 721fa267385d5f33b7f3ceb44ad32c18 - Path: Assets/Resources/ReturnV2/TiqueV8/Jump/00.png' with importer (TextureImporter)
Imported 'GUID: 721fa267385d5f33b7f3ceb44ad32c18' -> (Import Result ID: '9ce79e0da147b11915c70851c6dd7c1e') in 0.002 seconds [static and dynamic dependencies]. Details - ImportResultOutputID=c122465dcdccf164998235a35d6cb02d DependenciesID=a609a4e455025ea2bb1cf0518d097f1b StaticDependenciesID=cf310f630e92e0858ba01fc9c770df71 
Asset Pipeline Refresh (id=8165cea8e2d744313a9f4c4324086a00): Total: 0.023 seconds - Initiated by StopAssetImportingV2(NoUpdateAssetOptions)
Importing 'GUID: 596d577485a65f3f963222010344fc82 - Path: Assets/Resources/ReturnV2/TiqueV8/Jump/01.png' with importer (TextureImporter)
Imported 'GUID: 596d577485a65f3f963222010344fc82' -> (Import Result ID: '12e5fef9d4a6fdb4682b08765bf32a39') in 0.002 seconds [static and dynamic dependencies]. Details - ImportResultOutputID=925d70b230b29a5201277ca8dc98778a DependenciesID=e725425bd2011fae951185ac7e8e8ac7 StaticDependenciesID=f5e453ca5dbbbfac1363bbe90bae55dc 
Asset Pipeline Refresh (id=f767a82a9bd8b4ea998b98f10c2cac8b): Total: 0.023 seconds - Initiated by StopAssetImportingV2(NoUpdateAssetOptions)
Importing 'GUID: 97a7d795b3c25ba6823ce9cad98748c8 - Path: Assets/Resources/ReturnV2/TiqueV8/Jump/02.png' with importer (TextureImporter)
Imported 'GUID: 97a7d795b3c25ba6823ce9cad98748c8' -> (Import Result ID: 'b3d02f83bdb9a3c0f3162db8eac4ccb5') in 0.002 seconds [static and dynamic dependencies]. Details - ImportResultOutputID=5b77b905d6dfb8e4d7cfbbdf53dfa5b3 DependenciesID=b88966a8114a2b1cc999c9949227af28 StaticDependenciesID=81289ebf2c1893aa195b2863eeca7d7d 
Asset Pipeline Refresh (id=eb11f2cb3f7b84c749981f59e10187f8): Total: 0.024 seconds - Initiated by StopAssetImportingV2(NoUpdateAssetOptions)
Importing 'GUID: 4040ba33a5d6508ba13e6c3ad9971143 - Path: Assets/Resources/ReturnV2/TiqueV8/Jump/03.png' with importer (TextureImporter)
Imported 'GUID: 4040ba33a5d6508ba13e6c3ad9971143' -> (Import Result ID: '67668385e5aba0805271c0bec00bb312') in 0.002 seconds [static and dynamic dependencies]. Details - ImportResultOutputID=feefd3d1e631db2815aad6488be07def DependenciesID=e0f633185bc2442918f02ffe3e352265 StaticDependenciesID=317b94c6ffe55c4fc1f90d29fc49acc3 
Asset Pipeline Refresh (id=61f92f456bde8458d88a44909b6edef7): Total: 0.023 seconds - Initiated by StopAssetImportingV2(NoUpdateAssetOptions)
Importing 'GUID: 2e73a35d0af1544889a41d52a182a86e - Path: Assets/Resources/ReturnV2/TiqueV8/Jump/04.png' with importer (TextureImporter)
Imported 'GUID: 2e73a35d0af1544889a41d52a182a86e' -> (Import Result ID: 'dc39f3139a3d4a1c10ef4b9550a2818d') in 0.003 seconds [static and dynamic dependencies]. Details - ImportResultOutputID=d22d18d4c2bf8affe5d604ac341d0087 DependenciesID=9a49b7573ef6bcde87bfba3678d0e3d5 StaticDependenciesID=59a0dac83fa2d237bac69c23fba7f295 
Asset Pipeline Refresh (id=7b4e9bffde3b24683962c1df219e00af): Total: 0.024 seconds - Initiated by StopAssetImportingV2(NoUpdateAssetOptions)
Importing 'GUID: 1f891fa9b2c25c9695bd350857055678 - Path: Assets/Resources/ReturnV2/TiqueV8/Jump/05.png' with importer (TextureImporter)
Imported 'GUID: 1f891fa9b2c25c9695bd350857055678' -> (Import Result ID: '6919b903183fea6886cccaed7e0a6426') in 0.002 seconds [static and dynamic dependencies]. Details - ImportResultOutputID=27e62362b4a415bd59b52bbe8ec045d6 DependenciesID=0c8856dce1eca36b5233711ffed99914 StaticDependenciesID=b9e66e17b7d2da27848e8c88a7b9f6cc 
Asset Pipeline Refresh (id=10f4044eefaa84f51b84a45c497ab173): Total: 0.024 seconds - Initiated by StopAssetImportingV2(NoUpdateAssetOptions)
Importing 'GUID: 2ea73321db2652a398a762c54354f839 - Path: Assets/Resources/ReturnV2/TiqueV8/Jump/06.png' with importer (TextureImporter)
Imported 'GUID: 2ea73321db2652a398a762c54354f839' -> (Import Result ID: '49091ce271f68d31111e435685cf5698') in 0.002 seconds [static and dynamic dependencies]. Details - ImportResultOutputID=db4dce56932d437ecde51bb80aec3067 DependenciesID=cb25bceaa23380cb5d98efbce4fe7dd0 StaticDependenciesID=f2bccb842294c434c371854b613dda4d 
Asset Pipeline Refresh (id=e5f3b1489ffbc4e8787c012ac19e08a5): Total: 0.024 seconds - Initiated by StopAssetImportingV2(NoUpdateAssetOptions)
Importing 'GUID: d029333712735c239b71993c30df2152 - Path: Assets/Resources/ReturnV2/TiqueV8/Jump/07.png' with importer (TextureImporter)
Imported 'GUID: d029333712735c239b71993c30df2152' -> (Import Result ID: '14f54b12f64ffbfa8e4658e4691dbba1') in 0.002 seconds [static and dynamic dependencies]. Details - ImportResultOutputID=fd6ef08cc0bfaa1cc16a867635450da8 DependenciesID=5ae45290fe4d3a3c43fd56ba598c451f StaticDependenciesID=ff38236ae924c7bc28dbee23f6105647 
Asset Pipeline Refresh (id=70cc15ac5290842a98f97857564e62b5): Total: 0.025 seconds - Initiated by StopAssetImportingV2(NoUpdateAssetOptions)
Importing 'GUID: 302dea0519fc5c4ebcd56ccb409ad6ec - Path: Assets/Resources/ReturnV2/TiqueV8/Jump/08.png' with importer (TextureImporter)
Imported 'GUID: 302dea0519fc5c4ebcd56ccb409ad6ec' -> (Import Result ID: 'ea1baf3b7f737d928c0ae36616d42205') in 0.002 seconds [static and dynamic dependencies]. Details - ImportResultOutputID=a3bf1e5b58da26263a9fbf6b034f6778 DependenciesID=593a4eaa24c560b4eaa8aec8ec62a360 StaticDependenciesID=5dcda0a43ef8bc3c24b1d8d43028b821 
Asset Pipeline Refresh (id=e1a2127dd332845888faec92d1f78a13): Total: 0.023 seconds - Initiated by StopAssetImportingV2(NoUpdateAssetOptions)
Importing 'GUID: 4a20cb9e53895c6ab079d584e7d20555 - Path: Assets/Resources/ReturnV2/TiqueV8/Jump/09.png' with importer (TextureImporter)
Imported 'GUID: 4a20cb9e53895c6ab079d584e7d20555' -> (Import Result ID: '7068a03164ccbdb67ca5a00544e9fd1d') in 0.002 seconds [static and dynamic dependencies]. Details - ImportResultOutputID=f832d906dedf2c3cb4ff99912e53d0d0 DependenciesID=cdfe9134e5aea5d1f635f9ed79a3297d StaticDependenciesID=8ca7ab4987918316ea681f1d0623da09 
Asset Pipeline Refresh (id=7e9c27ea0972048d8ba9ce46cbf15aaf): Total: 0.024 seconds - Initiated by StopAssetImportingV2(NoUpdateAssetOptions)
Importing 'GUID: 49bd66239d6452458363a0dd03f018ae - Path: Assets/Resources/ReturnV2/TiqueV8/Jump/10.png' with importer (TextureImporter)
Imported 'GUID: 49bd66239d6452458363a0dd03f018ae' -> (Import Result ID: '90eb621161c01ecd41342afcc459031d') in 0.002 seconds [static and dynamic dependencies]. Details - ImportResultOutputID=9eba50652613aee6ca6ea7f0a68a7a3f DependenciesID=909269e686b06fb36e55e5f48f14ab7c StaticDependenciesID=b06e3102183af8863911325c277b37e5 
Asset Pipeline Refresh (id=872a80ee166ca499196ecfdcf6321aa8): Total: 0.024 seconds - Initiated by StopAssetImportingV2(NoUpdateAssetOptions)
Importing 'GUID: c455c351b9935f21a81aa654feea8fdd - Path: Assets/Resources/ReturnV2/TiqueV8/Jump/11.png' with importer (TextureImporter)
Imported 'GUID: c455c351b9935f21a81aa654feea8fdd' -> (Import Result ID: '8cbba7520647bbc9802cfd9dd8d43301') in 0.002 seconds [static and dynamic dependencies]. Details - ImportResultOutputID=ab52eaa6557b6d9b7a8b56e760db0229 DependenciesID=fd12d1ff19f5dd36f83857761eff5a2a StaticDependenciesID=b327ef1a4ce67fe5b99c37d3df31b544 
Asset Pipeline Refresh (id=be554baa03f6a48bebf85b9d7779db02): Total: 0.024 seconds - Initiated by StopAssetImportingV2(NoUpdateAssetOptions)
Importing 'GUID: 15a851c9433850df86a43bbf15c82a04 - Path: Assets/Resources/ReturnV2/TiqueV8/Jump/12.png' with importer (TextureImporter)
Imported 'GUID: 15a851c9433850df86a43bbf15c82a04' -> (Import Result ID: '820546893958e0b5025ee0699fe2f3a0') in 0.002 seconds [static and dynamic dependencies]. Details - ImportResultOutputID=6d604f1cb9f515debb131faa3c0a744f DependenciesID=a959a44736f20ad252e49fd7a183eaf0 StaticDependenciesID=13316eb366233db37fe47c1349fb6b0f 
Asset Pipeline Refresh (id=51bc6fc506ad14c52bc2036575b7ff44): Total: 0.023 seconds - Initiated by StopAssetImportingV2(NoUpdateAssetOptions)
Importing 'GUID: a704311cb1a458cb9b134ebe48b2d10e - Path: Assets/Resources/ReturnV2/TiqueV8/Jump/13.png' with importer (TextureImporter)
Imported 'GUID: a704311cb1a458cb9b134ebe48b2d10e' -> (Import Result ID: '8e09da9015d00729005f57c8d57818e7') in 0.002 seconds [static and dynamic dependencies]. Details - ImportResultOutputID=7fcea5ed955728fbdf4e2c3e7f5abfa3 DependenciesID=2ffc7b2c829a1d3b121549a37cf8b771 StaticDependenciesID=9cf272944ed161a610be306b461fc06a 
Asset Pipeline Refresh (id=8cffb76128d4d432585d32b837127f59): Total: 0.024 seconds - Initiated by StopAssetImportingV2(NoUpdateAssetOptions)
Importing 'GUID: 2d2033170c185339b631b80333cf0b5c - Path: Assets/Resources/ReturnV2/TiqueV8/Jump/14.png' with importer (TextureImporter)
Imported 'GUID: 2d2033170c185339b631b80333cf0b5c' -> (Import Result ID: 'd3cc9c88734461779073cd77e8cf7cab') in 0.002 seconds [static and dynamic dependencies]. Details - ImportResultOutputID=c2e2112d133ff350388bb3b3307e306a DependenciesID=74549778f816e37776b73c2a10a4955f StaticDependenciesID=aaddc96594581aeeae5cc9655fa9b8e2 
Asset Pipeline Refresh (id=e39447aa5344343b0b8338337de241bf): Total: 0.023 seconds - Initiated by StopAssetImportingV2(NoUpdateAssetOptions)
Importing 'GUID: 5dc6b67daf595d1d9e1f91da13975fba - Path: Assets/Resources/ReturnV2/TiqueV8/Walk/00.png' with importer (TextureImporter)
Imported 'GUID: 5dc6b67daf595d1d9e1f91da13975fba' -> (Import Result ID: '10f39a172b2318975de235f5b764c5ec') in 0.002 seconds [static and dynamic dependencies]. Details - ImportResultOutputID=86e71b876080ead65e5c70da2b0f9271 DependenciesID=467ca2f22a8628254335734823409443 StaticDependenciesID=f48355786a84d029a572b1c1eee0cec3 
Asset Pipeline Refresh (id=e1441f01860cc47c89836212c5c82c30): Total: 0.024 seconds - Initiated by StopAssetImportingV2(NoUpdateAssetOptions)
Importing 'GUID: 9c9d6bb874685a249b3bf57b6bf0ad1a - Path: Assets/Resources/ReturnV2/TiqueV8/Walk/01.png' with importer (TextureImporter)
Imported 'GUID: 9c9d6bb874685a249b3bf57b6bf0ad1a' -> (Import Result ID: 'baf37417c1a0e7987d45e87f16cc2ac7') in 0.002 seconds [static and dynamic dependencies]. Details - ImportResultOutputID=3b995d65d98c037fc3e030c6be2158e1 DependenciesID=bb5906452ba52c8b3999a3e996111b0c StaticDependenciesID=b3e7adfe342ad775e6b094cb238892d6 
Asset Pipeline Refresh (id=6e1aaf0c93f67499aa5110f225e57cd1): Total: 0.024 seconds - Initiated by StopAssetImportingV2(NoUpdateAssetOptions)
Importing 'GUID: 1436a366c4e65a0abfc5cfb47d95594f - Path: Assets/Resources/ReturnV2/TiqueV8/Walk/02.png' with importer (TextureImporter)
Imported 'GUID: 1436a366c4e65a0abfc5cfb47d95594f' -> (Import Result ID: '017ed98ae6eca82843b0d58100fbb4d7') in 0.002 seconds [static and dynamic dependencies]. Details - ImportResultOutputID=0f4c581522036ce5627864d2bdda41b2 DependenciesID=95178e5a1cca093bc8304ac4732bca84 StaticDependenciesID=b190977f54392c9c1fdd1ef2c9e75549 
Asset Pipeline Refresh (id=1b7fb515a7dbc45df8afdcc6fe126fec): Total: 0.023 seconds - Initiated by StopAssetImportingV2(NoUpdateAssetOptions)
Importing 'GUID: 19919d2a8dd159c991b65c1dbd5a13d8 - Path: Assets/Resources/ReturnV2/TiqueV8/Walk/03.png' with importer (TextureImporter)
Imported 'GUID: 19919d2a8dd159c991b65c1dbd5a13d8' -> (Import Result ID: '8289d104e13a79677d1ec97cdf0c0868') in 0.002 seconds [static and dynamic dependencies]. Details - ImportResultOutputID=fe5d29f24b4b5f0346f5c88e23a10b16 DependenciesID=1eb7cce3a87c609954dfcf15ca5ca1f2 StaticDependenciesID=17cda2e58b93b67901c41a512463d423 
Asset Pipeline Refresh (id=e55aee3b6681440d99dbf5d69bc1f31c): Total: 0.024 seconds - Initiated by StopAssetImportingV2(NoUpdateAssetOptions)
Importing 'GUID: 32c86340c1a3581db594d6775fc03338 - Path: Assets/Resources/ReturnV2/TiqueV8/Walk/04.png' with importer (TextureImporter)
Imported 'GUID: 32c86340c1a3581db594d6775fc03338' -> (Import Result ID: '05ba11c9967495cb66f68f4c3b2d8843') in 0.002 seconds [static and dynamic dependencies]. Details - ImportResultOutputID=3f4c15ba9e000d5196edf41a462b4db9 DependenciesID=5c5b4205e5aaf6962a71cd7c9eba4da0 StaticDependenciesID=5d7e9f3f696064e98e62a722f7498c21 
Asset Pipeline Refresh (id=6a311bd736d8d4056a9978e53b5de489): Total: 0.023 seconds - Initiated by StopAssetImportingV2(NoUpdateAssetOptions)
Importing 'GUID: 7716cfad56bf54e497e051ed7c5f850c - Path: Assets/Resources/ReturnV2/TiqueV8/Walk/05.png' with importer (TextureImporter)
Imported 'GUID: 7716cfad56bf54e497e051ed7c5f850c' -> (Import Result ID: '2734493720f327ab13971192f3d0429c') in 0.002 seconds [static and dynamic dependencies]. Details - ImportResultOutputID=409dfc39f194b2cd190dbb586a3ecdf6 DependenciesID=d316ccbe82f9244ca47df7c5d4620cb5 StaticDependenciesID=0b1174404dfb600f6760b4f21654940b 
Asset Pipeline Refresh (id=0a619c9f94ef24e60a62f90ff1ff2cde): Total: 0.024 seconds - Initiated by StopAssetImportingV2(NoUpdateAssetOptions)
Importing 'GUID: 1129c1a4d73d5d3aa747134c9f6e153b - Path: Assets/Resources/ReturnV2/TiqueV8/Walk/06.png' with importer (TextureImporter)
Imported 'GUID: 1129c1a4d73d5d3aa747134c9f6e153b' -> (Import Result ID: 'd4516371afcb438bd986b1c34cbbfcce') in 0.002 seconds [static and dynamic dependencies]. Details - ImportResultOutputID=c39b98f24cee24fb512cdb7d2f816547 DependenciesID=d3be8acaea27aa9f5a211fc703db25c7 StaticDependenciesID=49fdd98f65c06c958c891b11ef582499 
Asset Pipeline Refresh (id=774ab63035f0d4fac9af6008ddc57582): Total: 0.023 seconds - Initiated by StopAssetImportingV2(NoUpdateAssetOptions)
Importing 'GUID: b97965c06ea15cf798f1d09fc58ebe0a - Path: Assets/Resources/ReturnV2/TiqueV8/Walk/07.png' with importer (TextureImporter)
Imported 'GUID: b97965c06ea15cf798f1d09fc58ebe0a' -> (Import Result ID: '456aec287cca96f514a10b9f4c698f37') in 0.002 seconds [static and dynamic dependencies]. Details - ImportResultOutputID=f51b8cb2fb849d9a03683b249917a45c DependenciesID=93c6dc8434ce3ad5c5a17ef47b8269da StaticDependenciesID=6ece013ef3a43f27548baaa64a6c5a6e 
Asset Pipeline Refresh (id=eb14f6b6ca9e34b628ee5ee7e276a6ae): Total: 0.023 seconds - Initiated by StopAssetImportingV2(NoUpdateAssetOptions)
Importing 'GUID: d15fb4e4511752d4bba3ca8e70e6a5aa - Path: Assets/Resources/ReturnV2/TiqueV8/Walk/08.png' with importer (TextureImporter)
Imported 'GUID: d15fb4e4511752d4bba3ca8e70e6a5aa' -> (Import Result ID: '00421858c3ba266d2464e181fac12c4a') in 0.002 seconds [static and dynamic dependencies]. Details - ImportResultOutputID=7531004d3823e5f026a960c217d2f93a DependenciesID=c379b7e3c0ee9256ea0e9294c7a74bb5 StaticDependenciesID=bc9c809ec6181cec9c8e14111152cf65 
Asset Pipeline Refresh (id=b117c5fa24cc949418611f10d5b4dbde): Total: 0.023 seconds - Initiated by StopAssetImportingV2(NoUpdateAssetOptions)
Importing 'GUID: ee78e051a1c55d5e99e3b3e778d7e1b6 - Path: Assets/Resources/ReturnV2/TiqueV8/Walk/09.png' with importer (TextureImporter)
Imported 'GUID: ee78e051a1c55d5e99e3b3e778d7e1b6' -> (Import Result ID: '797e0f787d2f4bd27ed5a9acab072c60') in 0.002 seconds [static and dynamic dependencies]. Details - ImportResultOutputID=f4592af8a9de888dad4d3ac6d98fc9aa DependenciesID=9ed199f8d989f19cc3dd6e3f90673b26 StaticDependenciesID=02e3c83072b1b61d1757321171f83616 
Asset Pipeline Refresh (id=d30f517a0274f470ead1682e0fe1d1c1): Total: 0.023 seconds - Initiated by StopAssetImportingV2(NoUpdateAssetOptions)
Importing 'GUID: df807e61b96e59f99076f6e0f1da93a0 - Path: Assets/Resources/ReturnV2/TiqueV8/Walk/10.png' with importer (TextureImporter)
Imported 'GUID: df807e61b96e59f99076f6e0f1da93a0' -> (Import Result ID: 'd01a17210870c3eff5a102027b8809b0') in 0.002 seconds [static and dynamic dependencies]. Details - ImportResultOutputID=3bd171d03d65cb714f9ea4e8074bb9ad DependenciesID=8eda021fa22b0ca19e0306ad3187e523 StaticDependenciesID=c4b682d5edd50b90cdd5ac41aa3dd286 
Asset Pipeline Refresh (id=bfc4ec2aadcb642d9a4ef86dd95f0d0e): Total: 0.024 seconds - Initiated by StopAssetImportingV2(NoUpdateAssetOptions)
Importing 'GUID: bca43dc4d5255f3284d159738b911ff2 - Path: Assets/Resources/ReturnV2/TiqueV8/Walk/11.png' with importer (TextureImporter)
Imported 'GUID: bca43dc4d5255f3284d159738b911ff2' -> (Import Result ID: 'c9ce9ccc71c8cda32f2a9cd86eeb62d5') in 0.002 seconds [static and dynamic dependencies]. Details - ImportResultOutputID=dd25a03e14c7885907b87ef3113f305d DependenciesID=ecca2910f004497d131475a8d5955759 StaticDependenciesID=1a553373661efb662d3e82bd26cd73a7 
Asset Pipeline Refresh (id=fb2d2f321686342f4bdc3fa9b150a88d): Total: 0.023 seconds - Initiated by StopAssetImportingV2(NoUpdateAssetOptions)
Importing 'GUID: 68a9d0c2d62a5ba49b861093edb3f9e9 - Path: Assets/Resources/ReturnV2/TiqueV8/Walk/12.png' with importer (TextureImporter)
Imported 'GUID: 68a9d0c2d62a5ba49b861093edb3f9e9' -> (Import Result ID: 'd30ef00579d04acebf4ca0656cf32591') in 0.002 seconds [static and dynamic dependencies]. Details - ImportResultOutputID=2587cfb4b7f98f3a855ec16009dec684 DependenciesID=944f8f2a8f3855524b8ec223e4e1591f StaticDependenciesID=33802607c175d891852d5cff53b4182a 
Asset Pipeline Refresh (id=86d9bfe59034d470eab1d878242db4c2): Total: 0.023 seconds - Initiated by StopAssetImportingV2(NoUpdateAssetOptions)
Importing 'GUID: 3fae485eae49511e8ba4753184630d4e - Path: Assets/Resources/ReturnV2/TiqueV8/Walk/13.png' with importer (TextureImporter)
Imported 'GUID: 3fae485eae49511e8ba4753184630d4e' -> (Import Result ID: 'deb424ac526c1602cd1ca62c77cafbda') in 0.002 seconds [static and dynamic dependencies]. Details - ImportResultOutputID=b75bc2b0798e81f580a50bf5fd584287 DependenciesID=7e6b33e19a5ac8549a7175eb09d3f77c StaticDependenciesID=c6de80bd0425e12c2e3ab2212007ef9b 
Asset Pipeline Refresh (id=0bb7f4e0098cd43caa5d7c5c931476c8): Total: 0.024 seconds - Initiated by StopAssetImportingV2(NoUpdateAssetOptions)
Importing 'GUID: 71f22accbb6258bc9d278f0f405f538b - Path: Assets/Resources/ReturnV2/TiqueV8/dash-ghost/00.png' with importer (TextureImporter)
Imported 'GUID: 71f22accbb6258bc9d278f0f405f538b' -> (Import Result ID: '867cc949aea8d4b883cfea7aac29706c') in 0.003 seconds [static and dynamic dependencies]. Details - ImportResultOutputID=e26245453e513a1be3a7704678d3a7ea DependenciesID=f47261c799c4818c11f999f2968e8b1b StaticDependenciesID=f954c92ed333990fadaf6d5faa599d36 
Asset Pipeline Refresh (id=7faebbfb167e04c238a1cad43586fc46): Total: 0.024 seconds - Initiated by StopAssetImportingV2(NoUpdateAssetOptions)
Importing 'GUID: 993c8a0bd1a05534898863f647b172ff - Path: Assets/Resources/ReturnV2/TiqueV8/dash-ghost/01.png' with importer (TextureImporter)
Imported 'GUID: 993c8a0bd1a05534898863f647b172ff' -> (Import Result ID: '4542150c946630bde6f84cb6f03481bf') in 0.002 seconds [static and dynamic dependencies]. Details - ImportResultOutputID=1d922d79517dd039b25a9c2291b04443 DependenciesID=6c29d9952b0cecce9857e30ba807f8b1 StaticDependenciesID=af827e799f88fabd3b3bf2c2f3eb4f56 
Asset Pipeline Refresh (id=70e7c0a7465b24ca4b8715fd95620fa6): Total: 0.023 seconds - Initiated by StopAssetImportingV2(NoUpdateAssetOptions)
Importing 'GUID: 38a3681c0e0259ed8a2e1766fa1fa183 - Path: Assets/Resources/ReturnV2/TiqueV8/dash-ghost/02.png' with importer (TextureImporter)
Imported 'GUID: 38a3681c0e0259ed8a2e1766fa1fa183' -> (Import Result ID: '789e6b39712d01de982d7c99b303a152') in 0.002 seconds [static and dynamic dependencies]. Details - ImportResultOutputID=ff270344891b0cb6a0ce516cb3ad6bc8 DependenciesID=3fdbc84c6564696782554b4b17ff93fd StaticDependenciesID=8d54a6b83c9b5fc501da65bf251021ec 
Asset Pipeline Refresh (id=a9d434fe3b00b49dc9bcb70d85ecf2fa): Total: 0.023 seconds - Initiated by StopAssetImportingV2(NoUpdateAssetOptions)
Importing 'GUID: e70487ff1ac15aa48c557d0ef28aa31f - Path: Assets/Resources/ReturnV2/TiqueV8/dash-ghost/03.png' with importer (TextureImporter)
Imported 'GUID: e70487ff1ac15aa48c557d0ef28aa31f' -> (Import Result ID: '7b58e75765c65df5d69701347f2ced96') in 0.002 seconds [static and dynamic dependencies]. Details - ImportResultOutputID=f00096b6108000d7bcd2a3c924c2a74c DependenciesID=e48dec33ce431cbfb45d807aef8492b6 StaticDependenciesID=ee85d5039ea4101a1db4498f87aad703 
Asset Pipeline Refresh (id=ded048462485247bea550211d8dd751e): Total: 0.024 seconds - Initiated by StopAssetImportingV2(NoUpdateAssetOptions)
Importing 'GUID: 1f62a150028b52f7846c75d2ceeb0ede - Path: Assets/Resources/ReturnV2/TiqueV8/dash-ghost/04.png' with importer (TextureImporter)
Imported 'GUID: 1f62a150028b52f7846c75d2ceeb0ede' -> (Import Result ID: '78bd45d9f641b907951a458e04ac8b09') in 0.002 seconds [static and dynamic dependencies]. Details - ImportResultOutputID=17fbe1df20b9b53a28b78c14e38e5842 DependenciesID=cd4bb58969d44a3101ef715b6d243450 StaticDependenciesID=39ac7106193f408eab13b59951a91376 
Asset Pipeline Refresh (id=0c30b3287a7f244fc9d5e10f451d0ef3): Total: 0.024 seconds - Initiated by StopAssetImportingV2(NoUpdateAssetOptions)
Importing 'GUID: cdb87dba365a569ca71b6e469dae61bf - Path: Assets/Resources/ReturnV2/TiqueV8/dash-ghost/05.png' with importer (TextureImporter)
Imported 'GUID: cdb87dba365a569ca71b6e469dae61bf' -> (Import Result ID: 'c39558bdbdf93c62972a57454fe603e1') in 0.002 seconds [static and dynamic dependencies]. Details - ImportResultOutputID=5c36f9c8c20bb76878690adf960f8b9b DependenciesID=af79312bb74817449a8dd39e46800496 StaticDependenciesID=de0ab484baf21637f0921126d2023e74 
Asset Pipeline Refresh (id=df91124f2f3a14b0ab208ac3928cfabb): Total: 0.023 seconds - Initiated by StopAssetImportingV2(NoUpdateAssetOptions)
Importing 'GUID: 3766d96ee1465a089532a295c5efe72f - Path: Assets/Resources/ReturnV2/TiqueV8/dash-ghost/06.png' with importer (TextureImporter)
Imported 'GUID: 3766d96ee1465a089532a295c5efe72f' -> (Import Result ID: '897cdd178beeb52d6d3462601b30fe47') in 0.002 seconds [static and dynamic dependencies]. Details - ImportResultOutputID=dd47dfe5f46c4a50194952263a117856 DependenciesID=f77ed23aaa29409d32cd7a746728ce0d StaticDependenciesID=2c66a3c27501b58554901e821eb1bf7d 
Asset Pipeline Refresh (id=5e1126cb28c714af6aa49d2ec34ff8d0): Total: 0.025 seconds - Initiated by StopAssetImportingV2(NoUpdateAssetOptions)
Importing 'GUID: b738a94ac6d8572184028642cdeb70b7 - Path: Assets/Resources/ReturnV2/TiqueV8/dash-ghost/07.png' with importer (TextureImporter)
Imported 'GUID: b738a94ac6d8572184028642cdeb70b7' -> (Import Result ID: '1ac7ce1720c44d12c1c6304bf4514241') in 0.002 seconds [static and dynamic dependencies]. Details - ImportResultOutputID=d2c95632bf5d995913738c92d0da7a0c DependenciesID=29a20a5cc16b17c95992461b9e1b432a StaticDependenciesID=251874f3644f8fb44e26e391c36d9845 
Asset Pipeline Refresh (id=9fe8aebf68e6b4b369b89f1bca7210b0): Total: 0.023 seconds - Initiated by StopAssetImportingV2(NoUpdateAssetOptions)
Importing 'GUID: f5839fe775ed59abac1496cdfbd38ca4 - Path: Assets/Resources/ReturnV2/TiqueV8/dash-ghost/08.png' with importer (TextureImporter)
Imported 'GUID: f5839fe775ed59abac1496cdfbd38ca4' -> (Import Result ID: '3f1b37fb70be5da86d8b8be19e792dbb') in 0.002 seconds [static and dynamic dependencies]. Details - ImportResultOutputID=5f1f3a7290237cf2c0adc10d36b1065a DependenciesID=01073e5219f60a9dd38f64ef6af2624a StaticDependenciesID=60bf7b008fa0be87a653d12038097760 
Asset Pipeline Refresh (id=c7c48f509d3014a0f8c581db69a627fa): Total: 0.024 seconds - Initiated by StopAssetImportingV2(NoUpdateAssetOptions)
Importing 'GUID: a3282f48e64a512fb9a56b21168511f9 - Path: Assets/Resources/ReturnV2/TiqueV8/dash-ghost/09.png' with importer (TextureImporter)
Imported 'GUID: a3282f48e64a512fb9a56b21168511f9' -> (Import Result ID: '8026ae499b633e698b542317bda80628') in 0.002 seconds [static and dynamic dependencies]. Details - ImportResultOutputID=079238f97a30e9f608ca13a66919a74d DependenciesID=39f2048b5bd16a9912993cb31db66ed9 StaticDependenciesID=954efbab01060667830a736255542501 
Asset Pipeline Refresh (id=d712f418981804126bebd2a389392c04): Total: 0.023 seconds - Initiated by StopAssetImportingV2(NoUpdateAssetOptions)
Importing 'GUID: f41d7ebb1e875d7fa2aa758c1514f1a7 - Path: Assets/Resources/ReturnV2/TiqueV8/dash-ghost/10.png' with importer (TextureImporter)
Imported 'GUID: f41d7ebb1e875d7fa2aa758c1514f1a7' -> (Import Result ID: '1959f4cc34851c20312104a408b93967') in 0.002 seconds [static and dynamic dependencies]. Details - ImportResultOutputID=cd43f868e9b338b1fdfd093a0d16ce7d DependenciesID=0dcda18ffe843cc2f8a495574123145e StaticDependenciesID=01343543016fb4f285f31600b943f71b 
Asset Pipeline Refresh (id=de922d60b8b7145ee91cf8423cb9d6e7): Total: 0.023 seconds - Initiated by StopAssetImportingV2(NoUpdateAssetOptions)
Importing 'GUID: e1479c31916f5588abf5427f543cc691 - Path: Assets/Resources/ReturnV2/TiqueV8/dash-ghost/11.png' with importer (TextureImporter)
Imported 'GUID: e1479c31916f5588abf5427f543cc691' -> (Import Result ID: '15a8388cc4221252fd247904f1becf3b') in 0.002 seconds [static and dynamic dependencies]. Details - ImportResultOutputID=a7018e738a5841bf42bbbd62cda75b88 DependenciesID=c89039c3a99852fa89524c9d67b039b4 StaticDependenciesID=7677a9f6feca8b9c18654eaeabedc6f4 
Asset Pipeline Refresh (id=be15dbb6c85dc49a68b668d3e782609e): Total: 0.024 seconds - Initiated by StopAssetImportingV2(NoUpdateAssetOptions)
Importing 'GUID: 3d900e7f8f4d514daa89608bd0a4bb9a - Path: Assets/Resources/ReturnV2/TiqueV8/hurt-pose/00.png' with importer (TextureImporter)
Imported 'GUID: 3d900e7f8f4d514daa89608bd0a4bb9a' -> (Import Result ID: '31c3d074fa1c2dd95bfa16ab3eca8903') in 0.002 seconds [static and dynamic dependencies]. Details - ImportResultOutputID=55203ecd072714e097b636ec96b6f939 DependenciesID=e19da14cea2aa603cecf82e5583589da StaticDependenciesID=d3a7ab314386b95aa5fb1ac463ac978a 
Asset Pipeline Refresh (id=829714c2a2e574ae7b2eafc0714017dc): Total: 0.024 seconds - Initiated by StopAssetImportingV2(NoUpdateAssetOptions)
Importing 'GUID: 518014adba9f5bbf925165807f78f8fe - Path: Assets/Resources/ReturnV2/TiqueV8/hurt-pose/01.png' with importer (TextureImporter)
Imported 'GUID: 518014adba9f5bbf925165807f78f8fe' -> (Import Result ID: 'c622dd815f9f24c9b9a89ed109af2865') in 0.002 seconds [static and dynamic dependencies]. Details - ImportResultOutputID=428a0dcd51dcff74829fce01d8bf17b8 DependenciesID=dcc6540055fd13a462f0605e8b57a8d2 StaticDependenciesID=dc37ce8f099ac271e032d1492f8d4d46 
Asset Pipeline Refresh (id=6057ffca1ea2344b2a3962b0d0047dff): Total: 0.024 seconds - Initiated by StopAssetImportingV2(NoUpdateAssetOptions)
Importing 'GUID: 793612ce532d565cb00f794d42930ca6 - Path: Assets/Resources/ReturnV2/TiqueV8/hurt-pose/02.png' with importer (TextureImporter)
Imported 'GUID: 793612ce532d565cb00f794d42930ca6' -> (Import Result ID: 'd448df496caaaa2d6e17140e41e56fdd') in 0.002 seconds [static and dynamic dependencies]. Details - ImportResultOutputID=d0674ed7133e4a2bbb100f4fdda61fa5 DependenciesID=27d5323be9cb9d9302207fac2f251b67 StaticDependenciesID=d846c30920c9d4ce89a1c44ff0b50787 
Asset Pipeline Refresh (id=2620c4c89ab8e4e379144ab9da078d59): Total: 0.024 seconds - Initiated by StopAssetImportingV2(NoUpdateAssetOptions)
Importing 'GUID: 40bda72440b35e6bad19efd556cb6f6e - Path: Assets/Resources/ReturnV2/TiqueV8/push-brace-down/00.png' with importer (TextureImporter)
Imported 'GUID: 40bda72440b35e6bad19efd556cb6f6e' -> (Import Result ID: 'e3d1c75e6302935eda3f45bd9f6eebbe') in 0.003 seconds [static and dynamic dependencies]. Details - ImportResultOutputID=9bc524b95bbfc2b5ba86ffb35f89f526 DependenciesID=e63dfcf6d32bf16be89ff98b76f41a14 StaticDependenciesID=94f1214bb383b71ab93f7d275a9080a3 
Asset Pipeline Refresh (id=1e196a6a30922438d99197cc62e43863): Total: 0.025 seconds - Initiated by StopAssetImportingV2(NoUpdateAssetOptions)
Importing 'GUID: 8715c799dbfc56b386b48ae45e7d8cad - Path: Assets/Resources/ReturnV2/TiqueV8/push-brace-side/00.png' with importer (TextureImporter)
Imported 'GUID: 8715c799dbfc56b386b48ae45e7d8cad' -> (Import Result ID: '04453e4abc4e806793c23e167acdf75e') in 0.002 seconds [static and dynamic dependencies]. Details - ImportResultOutputID=1d4563d699ebbf138cfda793bde4acaf DependenciesID=784931f701481944b1c185bf93cc558a StaticDependenciesID=8f550b564aefa313c2ff11103e849a74 
Asset Pipeline Refresh (id=fffef059512704cb89ee44079ebb1055): Total: 0.023 seconds - Initiated by StopAssetImportingV2(NoUpdateAssetOptions)
Importing 'GUID: 3e3b8341fa0857439149d55eeca4cc29 - Path: Assets/Resources/ReturnV2/TiqueV8/push-brace-up/00.png' with importer (TextureImporter)
Imported 'GUID: 3e3b8341fa0857439149d55eeca4cc29' -> (Import Result ID: 'b23d86c0e464abca05ad2e2f31622b47') in 0.002 seconds [static and dynamic dependencies]. Details - ImportResultOutputID=1c053e05c5652597cfe59c2d3c387ccc DependenciesID=ef5dd44610b81f33a2bc5978fd19ca5c StaticDependenciesID=c16143c33576696cc4f2bddbe351b117 
Asset Pipeline Refresh (id=508124a6f7e804e55bc5d8040588ce99): Total: 0.024 seconds - Initiated by StopAssetImportingV2(NoUpdateAssetOptions)
Importing 'GUID: 3e16c41b7d09589dbe20853870e45c85 - Path: Assets/Resources/ReturnV2/TiqueV8/push-down/00.png' with importer (TextureImporter)
Imported 'GUID: 3e16c41b7d09589dbe20853870e45c85' -> (Import Result ID: 'efc7f444a1bdceaef924d500688737ed') in 0.002 seconds [static and dynamic dependencies]. Details - ImportResultOutputID=b37b6d579c359418a5553d7c88528acf DependenciesID=6ee10aed94dc49a5c8b3520955a155d1 StaticDependenciesID=35265616f1db6a6770500fc27b182330 
Asset Pipeline Refresh (id=e637dec56437f47649f725dc1993ac9d): Total: 0.024 seconds - Initiated by StopAssetImportingV2(NoUpdateAssetOptions)
Importing 'GUID: c5f541f7e0cd5a21bff3c1574c34c05b - Path: Assets/Resources/ReturnV2/TiqueV8/push-down/01.png' with importer (TextureImporter)
Imported 'GUID: c5f541f7e0cd5a21bff3c1574c34c05b' -> (Import Result ID: 'a3e990a86ed2b47413343cb139582cf4') in 0.002 seconds [static and dynamic dependencies]. Details - ImportResultOutputID=0cfc218b74f5e877ec08bda938808ab8 DependenciesID=9806e6d0fde1d3451dd0c7296d107fd9 StaticDependenciesID=3d5089177f1b0750b0a4b41386bbf8a2 
Asset Pipeline Refresh (id=bdb6ba5bce92d4bffa0de56e5fab4f2a): Total: 0.023 seconds - Initiated by StopAssetImportingV2(NoUpdateAssetOptions)
Importing 'GUID: 5b203ab159de531f8417e3e9cc54667e - Path: Assets/Resources/ReturnV2/TiqueV8/push-down/02.png' with importer (TextureImporter)
Imported 'GUID: 5b203ab159de531f8417e3e9cc54667e' -> (Import Result ID: 'e6bab3156e0c47b9ebf12986bbe2aefe') in 0.002 seconds [static and dynamic dependencies]. Details - ImportResultOutputID=30f8e2d2ff36bc77cc823434d80cfff9 DependenciesID=663b1ec3e32f5025daf693bf169a1645 StaticDependenciesID=8bbcd823d3138d09722df32b0d4b07f8 
Asset Pipeline Refresh (id=fb366ef0fea6f4c20b2b15ec8aa1614a): Total: 0.024 seconds - Initiated by StopAssetImportingV2(NoUpdateAssetOptions)
Importing 'GUID: 627a5eb97d3c5221b22a31767c1e03e1 - Path: Assets/Resources/ReturnV2/TiqueV8/push-down/03.png' with importer (TextureImporter)
Imported 'GUID: 627a5eb97d3c5221b22a31767c1e03e1' -> (Import Result ID: 'b7365690aadc18f9cd3398db8dcadc03') in 0.002 seconds [static and dynamic dependencies]. Details - ImportResultOutputID=e5287b10d4d98dc9f86436c73078d668 DependenciesID=03d844aebd70644484befb8855cd3b4e StaticDependenciesID=6610c40329dda941fac476e2478d9bf7 
Asset Pipeline Refresh (id=ba6025c38fb344a15a5d15ffb4e5b075): Total: 0.023 seconds - Initiated by StopAssetImportingV2(NoUpdateAssetOptions)
Importing 'GUID: e7df76f0522753a5acb5bffb97e526c0 - Path: Assets/Resources/ReturnV2/TiqueV8/push-down/04.png' with importer (TextureImporter)
Imported 'GUID: e7df76f0522753a5acb5bffb97e526c0' -> (Import Result ID: 'b01fa86ddb1e09f99ed1f22c4a8c549f') in 0.002 seconds [static and dynamic dependencies]. Details - ImportResultOutputID=b868e13c008b30d792eb18f5d1274b45 DependenciesID=ba0a5a9339d2f54a462e68cb8a00ba97 StaticDependenciesID=42c044f34e19e6861f7bddf1b8d0e1d4 
Asset Pipeline Refresh (id=2a1905de968944ce094d7dafe13cdcf2): Total: 0.025 seconds - Initiated by StopAssetImportingV2(NoUpdateAssetOptions)
Importing 'GUID: df6d4382b5f355e48c011d9e91a39064 - Path: Assets/Resources/ReturnV2/TiqueV8/push-down/05.png' with importer (TextureImporter)
Imported 'GUID: df6d4382b5f355e48c011d9e91a39064' -> (Import Result ID: '239ce9844dcf5b29895a7f763e75c882') in 0.002 seconds [static and dynamic dependencies]. Details - ImportResultOutputID=2f4cdd8289b41d777d8b1b930b38c852 DependenciesID=a5cb637afbe7152f230e476fa7f3b565 StaticDependenciesID=a931a70edd93067d0186203ecddb26dd 
Asset Pipeline Refresh (id=e1db1eb6e60ec426692a21e8fc38ace8): Total: 0.024 seconds - Initiated by StopAssetImportingV2(NoUpdateAssetOptions)
Importing 'GUID: cc715086e309561f9ef03600a746cd40 - Path: Assets/Resources/ReturnV2/TiqueV8/push-down/06.png' with importer (TextureImporter)
Imported 'GUID: cc715086e309561f9ef03600a746cd40' -> (Import Result ID: 'a4b90f8cb2b93c3547390efbdc27d61c') in 0.002 seconds [static and dynamic dependencies]. Details - ImportResultOutputID=bed5c2def2e50620054a9da4e64720b5 DependenciesID=a5658d16ace807e2de67cd1bc2ecde1e StaticDependenciesID=c64809b85858bc46abe4e2f07fc034f4 
Asset Pipeline Refresh (id=6f22eb0e453204950aae84f3db6492f5): Total: 0.023 seconds - Initiated by StopAssetImportingV2(NoUpdateAssetOptions)
Importing 'GUID: 1f4c21629e675faea265ddf37e6a7f00 - Path: Assets/Resources/ReturnV2/TiqueV8/push-down/07.png' with importer (TextureImporter)
Imported 'GUID: 1f4c21629e675faea265ddf37e6a7f00' -> (Import Result ID: 'a4e09b9b086b774bcb28defa02d59330') in 0.002 seconds [static and dynamic dependencies]. Details - ImportResultOutputID=de26856461928061ba956a84153c5569 DependenciesID=1c5e0653d0e44ae4d8d3cde716d2760b StaticDependenciesID=509a8b500d7484713c3dc7aec4cd78fd 
Asset Pipeline Refresh (id=3f3830e2cdb284da0baf70cab4499f9d): Total: 0.024 seconds - Initiated by StopAssetImportingV2(NoUpdateAssetOptions)
Importing 'GUID: 3484e6b843495cf4ad8c20e3565cfdca - Path: Assets/Resources/ReturnV2/TiqueV8/push-down/08.png' with importer (TextureImporter)
Imported 'GUID: 3484e6b843495cf4ad8c20e3565cfdca' -> (Import Result ID: '370ee9e9328d821611fbb7a086dc04bc') in 0.002 seconds [static and dynamic dependencies]. Details - ImportResultOutputID=3d5f458063ed8d4ea1f0aa79284efc2b DependenciesID=e713474c31201f1dddf166a3cccbadc9 StaticDependenciesID=31ee6c0fc3c5a281f0cca41f278b2389 
Asset Pipeline Refresh (id=2648d6147dd404ce8974006f244b44d7): Total: 0.023 seconds - Initiated by StopAssetImportingV2(NoUpdateAssetOptions)
Importing 'GUID: 3dfd73f0afbf52e5a5774ed3b116589d - Path: Assets/Resources/ReturnV2/TiqueV8/push-down/09.png' with importer (TextureImporter)
Imported 'GUID: 3dfd73f0afbf52e5a5774ed3b116589d' -> (Import Result ID: '0e62e80f220826e863e0f3655089d108') in 0.002 seconds [static and dynamic dependencies]. Details - ImportResultOutputID=12432d7727774f319289566ff029ca47 DependenciesID=62874bf156f164a11eb8b7b98943254d StaticDependenciesID=344804f7d228a5c31d27cd279e7fde7f 
Asset Pipeline Refresh (id=c6d6846949c7449d79c4fec2e62e14c0): Total: 0.023 seconds - Initiated by StopAssetImportingV2(NoUpdateAssetOptions)
Importing 'GUID: 1913da1a5d2e57ce8b506256be4796c6 - Path: Assets/Resources/ReturnV2/TiqueV8/push-down/10.png' with importer (TextureImporter)
Imported 'GUID: 1913da1a5d2e57ce8b506256be4796c6' -> (Import Result ID: 'ca6e2adff51af8835fd70dab82436c4c') in 0.002 seconds [static and dynamic dependencies]. Details - ImportResultOutputID=321094c02f3ca765b12d0a6043395c34 DependenciesID=c2a898ebabe421ad0d96980226f431f9 StaticDependenciesID=dfe7e7cf7ac6afcba27b9f11398e2d17 
Asset Pipeline Refresh (id=6d6168d47ae26435ea0cd641ab56dc45): Total: 0.023 seconds - Initiated by StopAssetImportingV2(NoUpdateAssetOptions)
Importing 'GUID: 54ffa15419655d78b0339b4471b84b13 - Path: Assets/Resources/ReturnV2/TiqueV8/push-down/11.png' with importer (TextureImporter)
Imported 'GUID: 54ffa15419655d78b0339b4471b84b13' -> (Import Result ID: '7cec502c96e5e8910098546330ac24da') in 0.002 seconds [static and dynamic dependencies]. Details - ImportResultOutputID=c16e8a57d6b5d134aae8a5f29c795519 DependenciesID=c9098b801d0d5004f829b6b6c45c619b StaticDependenciesID=b47cef773018a640e668053c57832929 
Asset Pipeline Refresh (id=4c195d8cb6a0446cfb1222da66d73f3b): Total: 0.024 seconds - Initiated by StopAssetImportingV2(NoUpdateAssetOptions)
Importing 'GUID: 508d673e71fa5101bd092faf46f7973c - Path: Assets/Resources/ReturnV2/TiqueV8/push-down/12.png' with importer (TextureImporter)
Imported 'GUID: 508d673e71fa5101bd092faf46f7973c' -> (Import Result ID: '9871a167cb0e9b10cbbfec6c16d3f3dc') in 0.002 seconds [static and dynamic dependencies]. Details - ImportResultOutputID=aabae9505eb15fccf12ab9f86ce158ec DependenciesID=0bee8d60498a2f410e4e96afe9ce04e3 StaticDependenciesID=cf0067a6d87599654e067ce66594425f 
Asset Pipeline Refresh (id=e623dc27c9b6f4888a1e605cb2487613): Total: 0.024 seconds - Initiated by StopAssetImportingV2(NoUpdateAssetOptions)
Importing 'GUID: 124f87d4c1285738b2592f0dcad93a0e - Path: Assets/Resources/ReturnV2/TiqueV8/push-down/13.png' with importer (TextureImporter)
Imported 'GUID: 124f87d4c1285738b2592f0dcad93a0e' -> (Import Result ID: '4fb32c40beaf6d560e33cfb30db9d702') in 0.002 seconds [static and dynamic dependencies]. Details - ImportResultOutputID=c284f502a2ac5d9801e5cc4fec9b3a8c DependenciesID=caac273ab4d120641534a488ed39819c StaticDependenciesID=63792f546e9e01dcee3f726936dd7127 
Asset Pipeline Refresh (id=9fef61808e03349abb7d8c662febbaa9): Total: 0.024 seconds - Initiated by StopAssetImportingV2(NoUpdateAssetOptions)
Importing 'GUID: eb3135cf3eb4580997f7cc55968e1d82 - Path: Assets/Resources/ReturnV2/TiqueV8/push-side/00.png' with importer (TextureImporter)
Imported 'GUID: eb3135cf3eb4580997f7cc55968e1d82' -> (Import Result ID: 'd8c06813c17eccf6012a0a2e9877bc2a') in 0.002 seconds [static and dynamic dependencies]. Details - ImportResultOutputID=ab558ad58b4b354758d5f6320e46b6cd DependenciesID=ef6a439dfe55d9f24a9539dafdd723f4 StaticDependenciesID=01ef984b2b390b264d163cadfad7824a 
Asset Pipeline Refresh (id=bd0ca91e833b44ba5a0b226515eb8aec): Total: 0.024 seconds - Initiated by StopAssetImportingV2(NoUpdateAssetOptions)
Importing 'GUID: b64c0cca30fa5361967b1e4ec705f8cf - Path: Assets/Resources/ReturnV2/TiqueV8/push-side/01.png' with importer (TextureImporter)
Imported 'GUID: b64c0cca30fa5361967b1e4ec705f8cf' -> (Import Result ID: '56fc46906dabe1b8804979f553748214') in 0.002 seconds [static and dynamic dependencies]. Details - ImportResultOutputID=d0d88315727d57de9486f1a34d0ec52b DependenciesID=13b99e399931d23ee9dd568043e099f4 StaticDependenciesID=ad74b7d8ff8b7376ce9e492f75c750eb 
Asset Pipeline Refresh (id=ac5ce00c6dc6346429986c0adc8fe3c2): Total: 0.024 seconds - Initiated by StopAssetImportingV2(NoUpdateAssetOptions)
Importing 'GUID: 3f775585afd15d33b2c994b7f74ebfb8 - Path: Assets/Resources/ReturnV2/TiqueV8/push-side/02.png' with importer (TextureImporter)
Imported 'GUID: 3f775585afd15d33b2c994b7f74ebfb8' -> (Import Result ID: '2a2437f830cd12f464aff25ed186f4e7') in 0.002 seconds [static and dynamic dependencies]. Details - ImportResultOutputID=753a114024c4c905e04526351d44e82e DependenciesID=67901f12da254a494a115af8af08ca30 StaticDependenciesID=63e81e504d43a7c2604470de1ab90280 
Asset Pipeline Refresh (id=eca8a101e93864c31887c8da1e948b8d): Total: 0.024 seconds - Initiated by StopAssetImportingV2(NoUpdateAssetOptions)
Importing 'GUID: 4586213b0a685e38bfa3a831713c259f - Path: Assets/Resources/ReturnV2/TiqueV8/push-side/03.png' with importer (TextureImporter)
Imported 'GUID: 4586213b0a685e38bfa3a831713c259f' -> (Import Result ID: '5cc0e110fd2c38a26bfe9a59e5434fcc') in 0.002 seconds [static and dynamic dependencies]. Details - ImportResultOutputID=ab1bfede664c376a7b9b3bad600e2dfb DependenciesID=c3e9ef16854c820492b8b11df461c894 StaticDependenciesID=73d0cb701a2985b6c6d4e2e1b68db8f8 
Asset Pipeline Refresh (id=d8596af59ce3f4badb7b418c66e32df4): Total: 0.024 seconds - Initiated by StopAssetImportingV2(NoUpdateAssetOptions)
Importing 'GUID: 2b9b7edd5061572e895360461faf187b - Path: Assets/Resources/ReturnV2/TiqueV8/push-side/04.png' with importer (TextureImporter)
Imported 'GUID: 2b9b7edd5061572e895360461faf187b' -> (Import Result ID: '8573c55a20daa9d7ca52fafd4d64ab5d') in 0.002 seconds [static and dynamic dependencies]. Details - ImportResultOutputID=4fcd833636fdfa3b1610a49722249402 DependenciesID=ae3b1e907ee59b625757f04023c1f1ce StaticDependenciesID=69ff51e98fd326d9d18da4b4bc6742ec 
Asset Pipeline Refresh (id=78a144d161fc94fda843da4858a12f02): Total: 0.023 seconds - Initiated by StopAssetImportingV2(NoUpdateAssetOptions)
Importing 'GUID: c37c182c1910511db4007a2e3a75e0ae - Path: Assets/Resources/ReturnV2/TiqueV8/push-side/05.png' with importer (TextureImporter)
Imported 'GUID: c37c182c1910511db4007a2e3a75e0ae' -> (Import Result ID: '284320e3cf72a8882cc6c5a9fb14e8bf') in 0.002 seconds [static and dynamic dependencies]. Details - ImportResultOutputID=105b26ed412632adef6a0e0134f1ce01 DependenciesID=09bec55d0abf840e644cce2295840242 StaticDependenciesID=23def91887cf895f0ab53213fb617283 
Asset Pipeline Refresh (id=e44b4f85839e644fba4a2cbe90b19e3a): Total: 0.024 seconds - Initiated by StopAssetImportingV2(NoUpdateAssetOptions)
Importing 'GUID: 26150f7ae09f5b1d8d59b69fdc81d0de - Path: Assets/Resources/ReturnV2/TiqueV8/push-side/06.png' with importer (TextureImporter)
Imported 'GUID: 26150f7ae09f5b1d8d59b69fdc81d0de' -> (Import Result ID: '1c14f12bc9ed6808a2f5eaf8efe5d400') in 0.003 seconds [static and dynamic dependencies]. Details - ImportResultOutputID=3d5e1745385b72451a592e65907a2625 DependenciesID=093bf2cf54afedb9b1015c8dfb34b072 StaticDependenciesID=32a038e7d9187cd5a6d75d6fd14a10ce 
Asset Pipeline Refresh (id=6156a30c5fbbb44488e7507b1ebc5def): Total: 0.024 seconds - Initiated by StopAssetImportingV2(NoUpdateAssetOptions)
Importing 'GUID: 12dd3fd16ede53e9b1bc7f6684fee2c5 - Path: Assets/Resources/ReturnV2/TiqueV8/push-side/07.png' with importer (TextureImporter)
Imported 'GUID: 12dd3fd16ede53e9b1bc7f6684fee2c5' -> (Import Result ID: '29b9599daaa9286fdeb95a94ddb222b1') in 0.002 seconds [static and dynamic dependencies]. Details - ImportResultOutputID=2b10fd9e4ea5db3f8fe061d1f52f1024 DependenciesID=70680110a097171f98731333aef56afc StaticDependenciesID=e8e6e45816776be585c6696dc8c17080 
Asset Pipeline Refresh (id=17dd0536f4ae649bf85a974063332d49): Total: 0.024 seconds - Initiated by StopAssetImportingV2(NoUpdateAssetOptions)
Importing 'GUID: 02f4fc706e4d5cbebc34f5d77173a93b - Path: Assets/Resources/ReturnV2/TiqueV8/push-side/08.png' with importer (TextureImporter)
Imported 'GUID: 02f4fc706e4d5cbebc34f5d77173a93b' -> (Import Result ID: '6bc0e4572f606a507e30272d68f0450b') in 0.002 seconds [static and dynamic dependencies]. Details - ImportResultOutputID=4404675e22e90e04a3f23306da8e9301 DependenciesID=bcb11e41e1a1609d1fa6393b9f4fd5b1 StaticDependenciesID=d22ad405664ee96a17be66fd19bc80c7 
Asset Pipeline Refresh (id=05ba1a4cf450045fb9ca336bde76bbdf): Total: 0.024 seconds - Initiated by StopAssetImportingV2(NoUpdateAssetOptions)
Importing 'GUID: 543507db24e4583f9eb56b8baf65b011 - Path: Assets/Resources/ReturnV2/TiqueV8/push-side/09.png' with importer (TextureImporter)
Imported 'GUID: 543507db24e4583f9eb56b8baf65b011' -> (Import Result ID: 'afc6ad8ce5d79ed22dc2fe11ca5b2b6f') in 0.002 seconds [static and dynamic dependencies]. Details - ImportResultOutputID=84a31d76cd8837b9d3ae6a39a31f603d DependenciesID=3f4479d007b79b2ed5417ae59d00e63d StaticDependenciesID=b0fbebfcf7e259d70af665efd69a26d0 
Asset Pipeline Refresh (id=f6748acf55112425888f738f9409b0b1): Total: 0.024 seconds - Initiated by StopAssetImportingV2(NoUpdateAssetOptions)
Importing 'GUID: a9b20cd7f56e562cb06f5c6b58416a3c - Path: Assets/Resources/ReturnV2/TiqueV8/push-side/10.png' with importer (TextureImporter)
Imported 'GUID: a9b20cd7f56e562cb06f5c6b58416a3c' -> (Import Result ID: 'b4330b3bd0795440807868c88e418d55') in 0.002 seconds [static and dynamic dependencies]. Details - ImportResultOutputID=7c4c73b279e861a3cbf05ea65aa31917 DependenciesID=36aba8e4b329932848a72aa45a6d58da StaticDependenciesID=2cf1ba0a0d804c916d620abca485ebcc 
Asset Pipeline Refresh (id=cad19a5283eb5467f982a6747178c83c): Total: 0.024 seconds - Initiated by StopAssetImportingV2(NoUpdateAssetOptions)
Importing 'GUID: 86bcc585683354ce87f7c73bf4712413 - Path: Assets/Resources/ReturnV2/TiqueV8/push-side/11.png' with importer (TextureImporter)
Imported 'GUID: 86bcc585683354ce87f7c73bf4712413' -> (Import Result ID: 'a95f70ded1ee767cb3a4bf25c9f1f49c') in 0.002 seconds [static and dynamic dependencies]. Details - ImportResultOutputID=ed34ff3c701de31106c628416fa4e372 DependenciesID=5159dd25ddd12433c58ca9fa0fb770d5 StaticDependenciesID=bed9b467f993131479dbb83f75bdeab0 
Asset Pipeline Refresh (id=3bd3b41ee5f32400495321c1a8d45a2f): Total: 0.024 seconds - Initiated by StopAssetImportingV2(NoUpdateAssetOptions)
Importing 'GUID: 93e1caa6c92951baa038dc3abfada31f - Path: Assets/Resources/ReturnV2/TiqueV8/push-side/12.png' with importer (TextureImporter)
Imported 'GUID: 93e1caa6c92951baa038dc3abfada31f' -> (Import Result ID: 'f63913b31beb5bc708c805a7b993fb56') in 0.002 seconds [static and dynamic dependencies]. Details - ImportResultOutputID=de2643df7a9d67acb64a9f63b71bd805 DependenciesID=8bc150d7521f121191f38c381270069b StaticDependenciesID=1855ebabed2ab2d769352c19811d660b 
Asset Pipeline Refresh (id=2168e3a8e7df0454f854dedd8dba6d59): Total: 0.024 seconds - Initiated by StopAssetImportingV2(NoUpdateAssetOptions)
Importing 'GUID: 9d4591fd213758119f7859cf1cbe7cbf - Path: Assets/Resources/ReturnV2/TiqueV8/push-side/13.png' with importer (TextureImporter)
Imported 'GUID: 9d4591fd213758119f7859cf1cbe7cbf' -> (Import Result ID: '875554ffbd098d26ba28eee954968aac') in 0.003 seconds [static and dynamic dependencies]. Details - ImportResultOutputID=2db2dcc6e1a2f81e37df0b52fb02ba61 DependenciesID=1a4140ff305db62c0a0166f1848d4aef StaticDependenciesID=73a29ac984fc520bf505120b9450ca69 
Asset Pipeline Refresh (id=667292a9dbfe342d996743af7c498c20): Total: 0.024 seconds - Initiated by StopAssetImportingV2(NoUpdateAssetOptions)
Importing 'GUID: 7a6a6e08270259268d48fec7fbc68c2d - Path: Assets/Resources/ReturnV2/TiqueV8/push-up/00.png' with importer (TextureImporter)
Imported 'GUID: 7a6a6e08270259268d48fec7fbc68c2d' -> (Import Result ID: '273b22080ba1d86c4b3ca090be232061') in 0.002 seconds [static and dynamic dependencies]. Details - ImportResultOutputID=91bb9f5c38a9b36e3403fdb87ef6324b DependenciesID=e43d95eaf1520995b40c47660be58390 StaticDependenciesID=66dd026d054b01e09eee08c72998fe7d 
Asset Pipeline Refresh (id=46c6979775b82436dad7ea324389d7f5): Total: 0.024 seconds - Initiated by StopAssetImportingV2(NoUpdateAssetOptions)
Importing 'GUID: 1dbd9133557653e8abc445782a9610d1 - Path: Assets/Resources/ReturnV2/TiqueV8/push-up/01.png' with importer (TextureImporter)
Imported 'GUID: 1dbd9133557653e8abc445782a9610d1' -> (Import Result ID: 'ddd39f5e8809843f1d3956769041dc08') in 0.002 seconds [static and dynamic dependencies]. Details - ImportResultOutputID=ce49ce4c3c97ddae0b4617fefabba4d2 DependenciesID=1eaee017a7c02e609cc974ddb6a27978 StaticDependenciesID=1c499054acfc629c315819a3a3edf296 
Asset Pipeline Refresh (id=7554ecfb1e4dd4b5ab94a3cb840f9005): Total: 0.023 seconds - Initiated by StopAssetImportingV2(NoUpdateAssetOptions)
Importing 'GUID: 7454d0ddae9f5405b422b0ab469e44de - Path: Assets/Resources/ReturnV2/TiqueV8/push-up/02.png' with importer (TextureImporter)
Imported 'GUID: 7454d0ddae9f5405b422b0ab469e44de' -> (Import Result ID: '86015480f0ba61a8e7a11db768cf8b09') in 0.002 seconds [static and dynamic dependencies]. Details - ImportResultOutputID=2d80b526c5ce9ceabfe5251d3c034510 DependenciesID=c1c0d7b6fdb1bef5fd8d7613c6c3d9f8 StaticDependenciesID=317eeb26452f75daedb9ff3424a18616 
Asset Pipeline Refresh (id=bc54ace9c62a84f6489de66f0bb6a386): Total: 0.024 seconds - Initiated by StopAssetImportingV2(NoUpdateAssetOptions)
Importing 'GUID: 325c6cab41a15218bbc7f3ef89d4ca7e - Path: Assets/Resources/ReturnV2/TiqueV8/push-up/03.png' with importer (TextureImporter)
Imported 'GUID: 325c6cab41a15218bbc7f3ef89d4ca7e' -> (Import Result ID: 'c63f68bb2d2d4d16d71a689990cf2df6') in 0.002 seconds [static and dynamic dependencies]. Details - ImportResultOutputID=4ae2fe39003648e0f24a290d0252a341 DependenciesID=ef913e2cc278c30a7a914697daea558f StaticDependenciesID=364bf39cb3694d6792fcc12d519a655c 
Asset Pipeline Refresh (id=22e49db43231b4c48a02db7a85a11404): Total: 0.024 seconds - Initiated by StopAssetImportingV2(NoUpdateAssetOptions)
Importing 'GUID: f5446ffb4a445dc4b879db2edb881fce - Path: Assets/Resources/ReturnV2/TiqueV8/push-up/04.png' with importer (TextureImporter)
Imported 'GUID: f5446ffb4a445dc4b879db2edb881fce' -> (Import Result ID: '2890355e03e12fc0cd59f391c0d284c7') in 0.002 seconds [static and dynamic dependencies]. Details - ImportResultOutputID=2d51b806f4ac500b10e16b54bd237f8b DependenciesID=abd1b75305e63d5b8405df7f413458f8 StaticDependenciesID=4ebf59c3aad59415c882775ff621fb96 
Asset Pipeline Refresh (id=65fd0f408a7384898b4809dca13e6e50): Total: 0.023 seconds - Initiated by StopAssetImportingV2(NoUpdateAssetOptions)
Importing 'GUID: b1f269dc69b25e6f937d531ceb31dc19 - Path: Assets/Resources/ReturnV2/TiqueV8/push-up/05.png' with importer (TextureImporter)
Imported 'GUID: b1f269dc69b25e6f937d531ceb31dc19' -> (Import Result ID: 'eb96d10492e196f12849d843b4f66aa0') in 0.002 seconds [static and dynamic dependencies]. Details - ImportResultOutputID=68a1f009e890c3932c3c9d286506f514 DependenciesID=0562f552cda3c1f9ede1635d73dfd0a0 StaticDependenciesID=96524265b2781dc94e20f907de5d174a 
Asset Pipeline Refresh (id=53591dd6979d34d429cf83306a5c12e2): Total: 0.024 seconds - Initiated by StopAssetImportingV2(NoUpdateAssetOptions)
Importing 'GUID: 350b80e429215dfeb95b22b93257e5b3 - Path: Assets/Resources/ReturnV2/TiqueV8/push-up/06.png' with importer (TextureImporter)
Imported 'GUID: 350b80e429215dfeb95b22b93257e5b3' -> (Import Result ID: '50b48afcb1bba7980a8b6d6d645f2474') in 0.002 seconds [static and dynamic dependencies]. Details - ImportResultOutputID=0972cbaa88654342ce67db49f6211e4d DependenciesID=5604bd1397dab50fecf3c4a0aeb85e79 StaticDependenciesID=0af469cec58557092f7928ef34820608 
Asset Pipeline Refresh (id=8916925033bbd447a8c86a91bebd9e07): Total: 0.024 seconds - Initiated by StopAssetImportingV2(NoUpdateAssetOptions)
Importing 'GUID: e799439ebe8952cbab855d1a2ea4a454 - Path: Assets/Resources/ReturnV2/TiqueV8/push-up/07.png' with importer (TextureImporter)
Imported 'GUID: e799439ebe8952cbab855d1a2ea4a454' -> (Import Result ID: '1b30020c068a91946a190b9b14d19ebf') in 0.002 seconds [static and dynamic dependencies]. Details - ImportResultOutputID=56372d83195b603cbb9767d724aeceb1 DependenciesID=1c7fa2543ace9e77d836dcdbac198114 StaticDependenciesID=c9f5166448587adaff3ae064495b8b21 
Asset Pipeline Refresh (id=1489e3ee3697e425fa28b266f0c138a8): Total: 0.024 seconds - Initiated by StopAssetImportingV2(NoUpdateAssetOptions)
Importing 'GUID: 6f4ce5a4da415b90a7b19764f65b628f - Path: Assets/Resources/ReturnV2/TiqueV8/push-up/08.png' with importer (TextureImporter)
Imported 'GUID: 6f4ce5a4da415b90a7b19764f65b628f' -> (Import Result ID: '0e3cfb5a72cb729fac42136be9ed66d8') in 0.002 seconds [static and dynamic dependencies]. Details - ImportResultOutputID=0a9b842302b71fed76ca21625a5fb1e7 DependenciesID=87c5c124471944125a56d79e3ef8de5f StaticDependenciesID=b6964a2264f384d228ea988b60aba599 
Asset Pipeline Refresh (id=605f269d4f26f4c7db0f65528d9544f3): Total: 0.024 seconds - Initiated by StopAssetImportingV2(NoUpdateAssetOptions)
Importing 'GUID: cf990b42d2585c8aa69c0f5cbd30ba0d - Path: Assets/Resources/ReturnV2/TiqueV8/push-up/09.png' with importer (TextureImporter)
Imported 'GUID: cf990b42d2585c8aa69c0f5cbd30ba0d' -> (Import Result ID: '9f00f3e788af62a6990403b33a508071') in 0.002 seconds [static and dynamic dependencies]. Details - ImportResultOutputID=02025196b5e61d898d87cd391f297f85 DependenciesID=7e0253057454dfe7445cb4e5724fa0c7 StaticDependenciesID=e76d2603608a5a89f1dc1ff4b13b26fa 
Asset Pipeline Refresh (id=d5184691739304c78a3c5292f77f72c9): Total: 0.024 seconds - Initiated by StopAssetImportingV2(NoUpdateAssetOptions)
Importing 'GUID: 1db835895f5651f1aa0f475b704344d7 - Path: Assets/Resources/ReturnV2/TiqueV8/push-up/10.png' with importer (TextureImporter)
Imported 'GUID: 1db835895f5651f1aa0f475b704344d7' -> (Import Result ID: '560cc66667877c8b3892e630388a4cfc') in 0.002 seconds [static and dynamic dependencies]. Details - ImportResultOutputID=6a32cd4f2e54d1cfa534a7107fd56948 DependenciesID=e141a76a646221191e0b8029845d4597 StaticDependenciesID=ddb0ba91fd9cb44841edecaee807c700 
Asset Pipeline Refresh (id=6d64d6fe277ca491aa4744d4f4a9c7c1): Total: 0.024 seconds - Initiated by StopAssetImportingV2(NoUpdateAssetOptions)
Importing 'GUID: fe2f259daed55f74947b3ca143150650 - Path: Assets/Resources/ReturnV2/TiqueV8/push-up/11.png' with importer (TextureImporter)
Imported 'GUID: fe2f259daed55f74947b3ca143150650' -> (Import Result ID: 'd7475ca94867c3e7e90decd07b4077f0') in 0.003 seconds [static and dynamic dependencies]. Details - ImportResultOutputID=899deaa34a77526c2997ea5f25c252e3 DependenciesID=fc52ea341bb0047c3772cca1b6784ccb StaticDependenciesID=12bb891a2214be292613a461739bce25 
Asset Pipeline Refresh (id=43e19464014fc4a72a423b225cdfd862): Total: 0.024 seconds - Initiated by StopAssetImportingV2(NoUpdateAssetOptions)
Importing 'GUID: f85d5df5ef6e52e29127844bbd3e3170 - Path: Assets/Resources/ReturnV2/TiqueV8/push-up/12.png' with importer (TextureImporter)
Imported 'GUID: f85d5df5ef6e52e29127844bbd3e3170' -> (Import Result ID: 'b5bf4d1fa0c89dea88fe3fe5789ba9f6') in 0.002 seconds [static and dynamic dependencies]. Details - ImportResultOutputID=5471600b2d411ea30dbb3b176cd23fea DependenciesID=dfb3599c46dc2033605498eaa3ad8023 StaticDependenciesID=93afa75cbed46909e577f33fe6e1f5dc 
Asset Pipeline Refresh (id=82b61d70e5acd42a085b4dc31361fe8c): Total: 0.024 seconds - Initiated by StopAssetImportingV2(NoUpdateAssetOptions)
Importing 'GUID: 45860ba61c8b57c1860525ccc9ad38f9 - Path: Assets/Resources/ReturnV2/TiqueV8/push-up/13.png' with importer (TextureImporter)
Imported 'GUID: 45860ba61c8b57c1860525ccc9ad38f9' -> (Import Result ID: '3bc0091f9d75c054d7175b5f784065a3') in 0.002 seconds [static and dynamic dependencies]. Details - ImportResultOutputID=a7293f22a97eeb5f64c8c722bcac43ba DependenciesID=73551ab27098a52a486ee3c2a7c4cf10 StaticDependenciesID=dba01a2ecc05d57fef5545b2f17abd7c 
Asset Pipeline Refresh (id=637d5545923e34ce9bacdfa6ca6429b6): Total: 0.023 seconds - Initiated by StopAssetImportingV2(NoUpdateAssetOptions)
Importing 'GUID: 7a62ac58aa255e76b1949a2c7a50b20a - Path: Assets/Resources/ReturnV2/TiqueV9/Attack/00.png' with importer (TextureImporter)
Imported 'GUID: 7a62ac58aa255e76b1949a2c7a50b20a' -> (Import Result ID: '71ba7975a4a354efd5b17a60ba52973e') in 0.003 seconds [static and dynamic dependencies]. Details - ImportResultOutputID=813de273bbfdcafddb5f58189fbeb900 DependenciesID=7250eeb4c08832521e824504e3d8619c StaticDependenciesID=79869f6bd1384a15fd6c852ec3826353 
Asset Pipeline Refresh (id=048f26515d3b349128e352a908d5954c): Total: 0.025 seconds - Initiated by StopAssetImportingV2(NoUpdateAssetOptions)
Importing 'GUID: ac7433ef98bd501c9928f957901ab6d2 - Path: Assets/Resources/ReturnV2/TiqueV9/Attack/01.png' with importer (TextureImporter)
Imported 'GUID: ac7433ef98bd501c9928f957901ab6d2' -> (Import Result ID: 'efa30b4dc325103980d6a6c94bf6d019') in 0.003 seconds [static and dynamic dependencies]. Details - ImportResultOutputID=6d722e664d8b0ea934196cb8324964da DependenciesID=c6d02525422ac6606aef1750675af8b0 StaticDependenciesID=cec0b6f503c58637ec82e6575e420344 
Asset Pipeline Refresh (id=fe9f40f394dc24bcb8213ae13d793d61): Total: 0.024 seconds - Initiated by StopAssetImportingV2(NoUpdateAssetOptions)
Importing 'GUID: 6a352373acd550a5b93043963d0f4334 - Path: Assets/Resources/ReturnV2/TiqueV9/Attack/02.png' with importer (TextureImporter)
Imported 'GUID: 6a352373acd550a5b93043963d0f4334' -> (Import Result ID: '1b07634818fd11f0fe3d13b11daf4709') in 0.002 seconds [static and dynamic dependencies]. Details - ImportResultOutputID=efbdc1bf5d7c69e79343cec7d253241f DependenciesID=c01c125784e0340ea002eb71fdbaf6a4 StaticDependenciesID=804c90b89c3d0c711dba904742ef2d9b 
Asset Pipeline Refresh (id=9134e69e70c8a41ff8df16159995f62a): Total: 0.024 seconds - Initiated by StopAssetImportingV2(NoUpdateAssetOptions)
Importing 'GUID: d3eb527481e55be482f2bc09d0bfed02 - Path: Assets/Resources/ReturnV2/TiqueV9/Attack/03.png' with importer (TextureImporter)
Imported 'GUID: d3eb527481e55be482f2bc09d0bfed02' -> (Import Result ID: 'b733c21a630a246b6abf78d28ae47c17') in 0.002 seconds [static and dynamic dependencies]. Details - ImportResultOutputID=6d54a4985e8adb867b9fafbf146821cb DependenciesID=90a43ce9e94a3ce24691cb0c61ab517e StaticDependenciesID=c0ed1dcffe8cb6789bee164914bec54a 
Asset Pipeline Refresh (id=986537cb65cb44a3d9942c859ab0f04e): Total: 0.023 seconds - Initiated by StopAssetImportingV2(NoUpdateAssetOptions)
Importing 'GUID: ce87521515cd5214a4de8c11f5c32b5b - Path: Assets/Resources/ReturnV2/TiqueV9/Attack/04.png' with importer (TextureImporter)
Imported 'GUID: ce87521515cd5214a4de8c11f5c32b5b' -> (Import Result ID: '9ef0edda07652f856cb94f74dc3264b5') in 0.002 seconds [static and dynamic dependencies]. Details - ImportResultOutputID=450b6b1c7f38ab01e86181acbcb475f6 DependenciesID=d2daf18a34f8545658d02e0cf022eacd StaticDependenciesID=e27e823c654f0ea4441ccaef35e213bb 
Asset Pipeline Refresh (id=fbba97ee5c5f740c0bb1cbc14ae14cc4): Total: 0.024 seconds - Initiated by StopAssetImportingV2(NoUpdateAssetOptions)
Importing 'GUID: 01d38e45b08050ef820f2d72608f68a5 - Path: Assets/Resources/ReturnV2/TiqueV9/Attack/05.png' with importer (TextureImporter)
Imported 'GUID: 01d38e45b08050ef820f2d72608f68a5' -> (Import Result ID: '065bd75c034f2949759754f3b74752ea') in 0.002 seconds [static and dynamic dependencies]. Details - ImportResultOutputID=eba5f753b8b615d2aa1a7fb7fc6a5e13 DependenciesID=44aa4e6c433d9d7ab9ac815935e127dc StaticDependenciesID=fcf260f418a836b1fd12026083863fae 
Asset Pipeline Refresh (id=b3580b6f5808e4315b8d856b562323c5): Total: 0.024 seconds - Initiated by StopAssetImportingV2(NoUpdateAssetOptions)
Importing 'GUID: 6973c510c55c5b03a1b9b4ff992992fd - Path: Assets/Resources/ReturnV2/TiqueV9/Attack/06.png' with importer (TextureImporter)
Imported 'GUID: 6973c510c55c5b03a1b9b4ff992992fd' -> (Import Result ID: '37c6ef0ba889270ec1b6b6a649a739e0') in 0.002 seconds [static and dynamic dependencies]. Details - ImportResultOutputID=0f283023c35c1dcf554fbbc9ac9d62ef DependenciesID=1cef79e5941ff877bfe2206e5a12f4d2 StaticDependenciesID=d565db69ac0763bfa5e163ef078388b6 
Asset Pipeline Refresh (id=e14dde9435f6e4cf8afb167618bae51f): Total: 0.024 seconds - Initiated by StopAssetImportingV2(NoUpdateAssetOptions)
Importing 'GUID: 8b4e14c6462e5b88ad8c5b8b5e488a3c - Path: Assets/Resources/ReturnV2/TiqueV9/Attack/07.png' with importer (TextureImporter)
Imported 'GUID: 8b4e14c6462e5b88ad8c5b8b5e488a3c' -> (Import Result ID: '8f4f6ec85840ba955fd682956cd2cec1') in 0.002 seconds [static and dynamic dependencies]. Details - ImportResultOutputID=90b5a6fa85cfbb4fb54497e8dcea7f25 DependenciesID=1176b10127ead067c125aaf5ace82479 StaticDependenciesID=19c33ae588aebaab9867bc6cff4f0ac8 
Asset Pipeline Refresh (id=28f4d35c7b0a54fe88a56376c5af64fe): Total: 0.024 seconds - Initiated by StopAssetImportingV2(NoUpdateAssetOptions)
Importing 'GUID: 2f958aede3165f67bb38caa3945530cb - Path: Assets/Resources/ReturnV2/TiqueV9/Attack/08.png' with importer (TextureImporter)
Imported 'GUID: 2f958aede3165f67bb38caa3945530cb' -> (Import Result ID: '17fc18ea45611274866ad56494fac826') in 0.002 seconds [static and dynamic dependencies]. Details - ImportResultOutputID=1ab87fea1fd6e46e3ce5c4b79465202a DependenciesID=d721fb5f48f1c0ec9f9f8a2f6fe8ab2a StaticDependenciesID=2ca71c913150d1c32e8e1dc8009e31ac 
Asset Pipeline Refresh (id=252e996795adc46a5b098e184a33d4ac): Total: 0.024 seconds - Initiated by StopAssetImportingV2(NoUpdateAssetOptions)
Importing 'GUID: 56589f4c754052918a6096b3540bd83b - Path: Assets/Resources/ReturnV2/TiqueV9/Attack/09.png' with importer (TextureImporter)
Imported 'GUID: 56589f4c754052918a6096b3540bd83b' -> (Import Result ID: 'cea4507e87cef3acfe95ec043ba0cc9e') in 0.002 seconds [static and dynamic dependencies]. Details - ImportResultOutputID=1e956f94619384c264853cab4cdddad9 DependenciesID=4e0ee897f1ba8f2997f49484bf0c2450 StaticDependenciesID=ab6cc809ea8733843e0b91c6c5b306f4 
Asset Pipeline Refresh (id=c7f9e010b8e9c48eabcee51de8953c71): Total: 0.024 seconds - Initiated by StopAssetImportingV2(NoUpdateAssetOptions)
Importing 'GUID: f349a478dec5505fb6a6cd24642b8085 - Path: Assets/Resources/ReturnV2/TiqueV9/Attack/10.png' with importer (TextureImporter)
Imported 'GUID: f349a478dec5505fb6a6cd24642b8085' -> (Import Result ID: '236683eb84e148d1322feb9c2b769702') in 0.002 seconds [static and dynamic dependencies]. Details - ImportResultOutputID=8939cf02ffae8a9e04456b4e730e2486 DependenciesID=9830cf08a0744c8a580da3941aaba1de StaticDependenciesID=fc061dce4fbd5977602435d37c38e0b7 
Asset Pipeline Refresh (id=ee213dfabbcd642d781e5ba0084687a5): Total: 0.024 seconds - Initiated by StopAssetImportingV2(NoUpdateAssetOptions)
Importing 'GUID: f738ef3745845170abe4738b257379d9 - Path: Assets/Resources/ReturnV2/TiqueV9/Attack/11.png' with importer (TextureImporter)
Imported 'GUID: f738ef3745845170abe4738b257379d9' -> (Import Result ID: 'c5800c0c1096203762e456ecdd1ebdc3') in 0.002 seconds [static and dynamic dependencies]. Details - ImportResultOutputID=3eb8b6fc285d5478a1d26abaf97c0e93 DependenciesID=f4aa4e7437df03af5000b97187d6bc02 StaticDependenciesID=8c2327811238931a3c1819a9917df769 
Asset Pipeline Refresh (id=6598b5d2ba646430091b524dda9dd0b9): Total: 0.023 seconds - Initiated by StopAssetImportingV2(NoUpdateAssetOptions)
Importing 'GUID: 1e855210e9c65f6bab8fd3e6479de766 - Path: Assets/Resources/ReturnV2/TiqueV9/Dash/00.png' with importer (TextureImporter)
Imported 'GUID: 1e855210e9c65f6bab8fd3e6479de766' -> (Import Result ID: '28391bc4750971976d0fc30aa641cf8c') in 0.002 seconds [static and dynamic dependencies]. Details - ImportResultOutputID=f4caad7331334878f9fc411766ff6be3 DependenciesID=8c8ad9e3783c895d892b7cbd7a6e19e8 StaticDependenciesID=5ddedbc31d13a09560e628ba563063b1 
Asset Pipeline Refresh (id=1012b818b23174092b7f9e0ef37a1d25): Total: 0.024 seconds - Initiated by StopAssetImportingV2(NoUpdateAssetOptions)
Importing 'GUID: 8b079660b1e356049f3a31eef93a654a - Path: Assets/Resources/ReturnV2/TiqueV9/Dash/01.png' with importer (TextureImporter)
Imported 'GUID: 8b079660b1e356049f3a31eef93a654a' -> (Import Result ID: '28ae877fad3c294ca8ab9d0f6ef6ee1f') in 0.002 seconds [static and dynamic dependencies]. Details - ImportResultOutputID=a0d83c7d3f4289ccc32766357bbd59ed DependenciesID=4d1b6c01db7e402922644cbdea3f157e StaticDependenciesID=4a20b5029d04773a8acd20e39bbdfb90 
Asset Pipeline Refresh (id=8e977398d4efd4c0b83c20fb857b40a6): Total: 0.024 seconds - Initiated by StopAssetImportingV2(NoUpdateAssetOptions)
Importing 'GUID: d40a1995acf45061948d4ac94161dc00 - Path: Assets/Resources/ReturnV2/TiqueV9/Dash/02.png' with importer (TextureImporter)
Imported 'GUID: d40a1995acf45061948d4ac94161dc00' -> (Import Result ID: '9490b71a64a035727efcb8e6ef1e0e21') in 0.002 seconds [static and dynamic dependencies]. Details - ImportResultOutputID=181cb1a1e87fcfe680a46e496d5949ef DependenciesID=c38b0ade78e41ca3c834fa3144de86de StaticDependenciesID=c62ea09132a7ee7220544c8072de1e1c 
Asset Pipeline Refresh (id=16be17bd51c8c402ab898d8899baf2c9): Total: 0.025 seconds - Initiated by StopAssetImportingV2(NoUpdateAssetOptions)
Importing 'GUID: c5d76932f6ea58c595df2f0cb2ba5b87 - Path: Assets/Resources/ReturnV2/TiqueV9/Dash/03.png' with importer (TextureImporter)
Imported 'GUID: c5d76932f6ea58c595df2f0cb2ba5b87' -> (Import Result ID: '1fef09566b4fe141e06be1d8b3a2e34c') in 0.003 seconds [static and dynamic dependencies]. Details - ImportResultOutputID=1eaf4c944df720e61027389ba1158485 DependenciesID=51841bd99d6c630a20c4a8876ce57afa StaticDependenciesID=add2f870914a6407de2cdd731bd57fbb 
Asset Pipeline Refresh (id=4f5d5181a8d374c4c8fc4205b5a12a3f): Total: 0.024 seconds - Initiated by StopAssetImportingV2(NoUpdateAssetOptions)
Importing 'GUID: 87aa1a152e245cc2860f2a784a4f516b - Path: Assets/Resources/ReturnV2/TiqueV9/Dash/04.png' with importer (TextureImporter)
Imported 'GUID: 87aa1a152e245cc2860f2a784a4f516b' -> (Import Result ID: 'f7e598543c1e8254a309651daf3e89c7') in 0.002 seconds [static and dynamic dependencies]. Details - ImportResultOutputID=8effe295bda88d58ac6a757062ae01e9 DependenciesID=3fa73acc1538f2c1bf35400edc30ddd5 StaticDependenciesID=9af3e3ab41747dec0c337825dd251988 
Asset Pipeline Refresh (id=a8f391aa49fda415aa8337063b0bd91d): Total: 0.024 seconds - Initiated by StopAssetImportingV2(NoUpdateAssetOptions)
Importing 'GUID: ee7e4efbd3725672818decaf1272f493 - Path: Assets/Resources/ReturnV2/TiqueV9/Dash/05.png' with importer (TextureImporter)
Imported 'GUID: ee7e4efbd3725672818decaf1272f493' -> (Import Result ID: 'b5b0075252e49da50f4a17b9783d1480') in 0.002 seconds [static and dynamic dependencies]. Details - ImportResultOutputID=45310c02eb6201871e17cfbb3db6c427 DependenciesID=b7873b2514f70638fd95c9b6f9e44ca6 StaticDependenciesID=608be573a332c3febb2d7fbb35504589 
Asset Pipeline Refresh (id=4b18400c77a1b405a8fd383a48809791): Total: 0.024 seconds - Initiated by StopAssetImportingV2(NoUpdateAssetOptions)
Importing 'GUID: 409dac7e1ceb5d038362a9173734c8b1 - Path: Assets/Resources/ReturnV2/TiqueV9/Dash/06.png' with importer (TextureImporter)
Imported 'GUID: 409dac7e1ceb5d038362a9173734c8b1' -> (Import Result ID: 'f8f960cb558f0779d47da6e2e81dc745') in 0.002 seconds [static and dynamic dependencies]. Details - ImportResultOutputID=292460cba35a3c85c8aff615dc65815b DependenciesID=fbacba4e3b9a97251978c8ba021a561f StaticDependenciesID=e14e3e87f115a2d2cf74b79b8f2826ad 
Asset Pipeline Refresh (id=4dfd3e6d42c804ddeb6f185e549e77bc): Total: 0.023 seconds - Initiated by StopAssetImportingV2(NoUpdateAssetOptions)
Importing 'GUID: f1c14d735741524cb4b4f8b3c95cd3a4 - Path: Assets/Resources/ReturnV2/TiqueV9/Dash/07.png' with importer (TextureImporter)
Imported 'GUID: f1c14d735741524cb4b4f8b3c95cd3a4' -> (Import Result ID: 'f7582d2792172b711c1c3a88faf3aa40') in 0.002 seconds [static and dynamic dependencies]. Details - ImportResultOutputID=9325292e4bfc42467987eb5a61136ae0 DependenciesID=d78a082cc6c9875ac72a61d3de2c5d5f StaticDependenciesID=54f686237fa185c853d1857c3dda3598 
Asset Pipeline Refresh (id=d87935553811b410d993d3d10240b51a): Total: 0.026 seconds - Initiated by StopAssetImportingV2(NoUpdateAssetOptions)
Importing 'GUID: daae870609fd5b1ebf3ef5323a400807 - Path: Assets/Resources/ReturnV2/TiqueV9/Dash/08.png' with importer (TextureImporter)
Imported 'GUID: daae870609fd5b1ebf3ef5323a400807' -> (Import Result ID: '26b38a1386e0d3638063ee75b54e9070') in 0.002 seconds [static and dynamic dependencies]. Details - ImportResultOutputID=3b63d3f471ab8820b446e118ea9d7145 DependenciesID=5c4b3aa7324beb31c67097b70ec7a6c1 StaticDependenciesID=bfd2a113c6565677dd4ed28baf2017fd 
Asset Pipeline Refresh (id=1c084c03601c244b5aba8ca25f8a444f): Total: 0.024 seconds - Initiated by StopAssetImportingV2(NoUpdateAssetOptions)
Importing 'GUID: 62a8d7536d64546bbbcba20d7b1ace6a - Path: Assets/Resources/ReturnV2/TiqueV9/Dash/09.png' with importer (TextureImporter)
Imported 'GUID: 62a8d7536d64546bbbcba20d7b1ace6a' -> (Import Result ID: '2966177beb32e3948c2e954dbffa8061') in 0.002 seconds [static and dynamic dependencies]. Details - ImportResultOutputID=57542536e0e149ab5888184201cd53b3 DependenciesID=91ff878d33215d436d5a69e136b0169c StaticDependenciesID=fbae39ac9d509f92cd716ca16c7f99fc 
Asset Pipeline Refresh (id=b4c23ede83e2143d7971910e09443d86): Total: 0.024 seconds - Initiated by StopAssetImportingV2(NoUpdateAssetOptions)
Importing 'GUID: fcb09fcf82495b8ab714235cb29059a4 - Path: Assets/Resources/ReturnV2/TiqueV9/Dash/10.png' with importer (TextureImporter)
Imported 'GUID: fcb09fcf82495b8ab714235cb29059a4' -> (Import Result ID: '8e32c6f769c530ee031a5b16022b661d') in 0.002 seconds [static and dynamic dependencies]. Details - ImportResultOutputID=7ecb88047d78aa915aa6ba4f04b051a7 DependenciesID=8d47c18d5b7b57d430710069c0bcc6f9 StaticDependenciesID=53b510542bf09925068315dee2b3e787 
Asset Pipeline Refresh (id=0af96a7aab65a4ecb911ee9af24e1416): Total: 0.023 seconds - Initiated by StopAssetImportingV2(NoUpdateAssetOptions)
Importing 'GUID: 579cf752a9245dd9b109b37d805fa713 - Path: Assets/Resources/ReturnV2/TiqueV9/Dash/11.png' with importer (TextureImporter)
Imported 'GUID: 579cf752a9245dd9b109b37d805fa713' -> (Import Result ID: '2344b343dbee2b533f24dffa578c366e') in 0.002 seconds [static and dynamic dependencies]. Details - ImportResultOutputID=2f4d77592b61d8acbb1deef748c371ba DependenciesID=042da4d16da8aa8a148e16642154a7ba StaticDependenciesID=4f1e7850ba4f9f19bfba20b2120791e6 
Asset Pipeline Refresh (id=6ad81048bf173492da4d17deca8b1838): Total: 0.024 seconds - Initiated by StopAssetImportingV2(NoUpdateAssetOptions)
Importing 'GUID: b177c619f51e5735ba37c111ae361f8d - Path: Assets/Resources/ReturnV2/TiqueV9/DoubleJump/00.png' with importer (TextureImporter)
Imported 'GUID: b177c619f51e5735ba37c111ae361f8d' -> (Import Result ID: 'ab7227a732cfe043b67cd30621f29659') in 0.002 seconds [static and dynamic dependencies]. Details - ImportResultOutputID=54325d2fc92a5f4f68229b890448cbf7 DependenciesID=742fd9123bf4ed3fa6b8aba57ab7aea0 StaticDependenciesID=5265d9230ed30b82aa8a35880b75bcde 
Asset Pipeline Refresh (id=69450de48d1da4bc0aa53ddbac55f05a): Total: 0.024 seconds - Initiated by StopAssetImportingV2(NoUpdateAssetOptions)
Importing 'GUID: f788382192505953b766f2f61cab9204 - Path: Assets/Resources/ReturnV2/TiqueV9/DoubleJump/01.png' with importer (TextureImporter)
Imported 'GUID: f788382192505953b766f2f61cab9204' -> (Import Result ID: '19711ed514182f98241111fe8fead6fb') in 0.002 seconds [static and dynamic dependencies]. Details - ImportResultOutputID=9f9c5d7b7979618e329ffa867866a973 DependenciesID=280a61cba362c4dd194edc3e8b33c826 StaticDependenciesID=7063e3eee363850cb1f9ca73d1af519f 
Asset Pipeline Refresh (id=7727c3aed803a40fb8fa59b88f2dc73f): Total: 0.024 seconds - Initiated by StopAssetImportingV2(NoUpdateAssetOptions)
Importing 'GUID: 68ee22e75b7351fba62e2ab2e2115709 - Path: Assets/Resources/ReturnV2/TiqueV9/DoubleJump/02.png' with importer (TextureImporter)
Imported 'GUID: 68ee22e75b7351fba62e2ab2e2115709' -> (Import Result ID: '3597b02260897594ac80c4b9f3990e3b') in 0.002 seconds [static and dynamic dependencies]. Details - ImportResultOutputID=2375b00e97de6ae8028c7582f937c080 DependenciesID=89f09fe9fe4c3bd7dc11b11dc47663ef StaticDependenciesID=d11d67210a5a5498b8a8169c89dc3137 
Asset Pipeline Refresh (id=3f9c29489af654ea09a92db6dc7bbce2): Total: 0.024 seconds - Initiated by StopAssetImportingV2(NoUpdateAssetOptions)
Importing 'GUID: 3fffc3aa1f7c5ec9b08eb8007412380e - Path: Assets/Resources/ReturnV2/TiqueV9/DoubleJump/03.png' with importer (TextureImporter)
Imported 'GUID: 3fffc3aa1f7c5ec9b08eb8007412380e' -> (Import Result ID: '6d7cccbdac808f0eb2f5fa164c48e701') in 0.002 seconds [static and dynamic dependencies]. Details - ImportResultOutputID=cfa9b692a45627894df8b8183cd45420 DependenciesID=4aa17b9c02bee337a20d171e3bc64e5c StaticDependenciesID=510dfd958816adb0b4b689da8753ca0e 
Asset Pipeline Refresh (id=f52ca6e91dc954a269ba2f33630be5f2): Total: 0.024 seconds - Initiated by StopAssetImportingV2(NoUpdateAssetOptions)
Importing 'GUID: 54f75e4efe7657efb143ea72179f08c9 - Path: Assets/Resources/ReturnV2/TiqueV9/DoubleJump/04.png' with importer (TextureImporter)
Imported 'GUID: 54f75e4efe7657efb143ea72179f08c9' -> (Import Result ID: 'e53c123421c54ce57f6315f031f7a50c') in 0.002 seconds [static and dynamic dependencies]. Details - ImportResultOutputID=a8a978d7f4bbcdd345698799944e5e10 DependenciesID=0ea2ad9775f2ff2857946a2b64b91231 StaticDependenciesID=f3410d12895b2e90b6eb037a0fce65d3 
Asset Pipeline Refresh (id=384a3a97f266b40cca217793847c6aca): Total: 0.024 seconds - Initiated by StopAssetImportingV2(NoUpdateAssetOptions)
Importing 'GUID: f3cb75c702065b3a8e8b55e209b6b6cd - Path: Assets/Resources/ReturnV2/TiqueV9/DoubleJump/05.png' with importer (TextureImporter)
Imported 'GUID: f3cb75c702065b3a8e8b55e209b6b6cd' -> (Import Result ID: 'bb003ec2b3ed0989af2c22d3d8c1c038') in 0.002 seconds [static and dynamic dependencies]. Details - ImportResultOutputID=6b7043dd8ed9dbcab8a423e5cf0f506d DependenciesID=c08910cc6ffaa66f5df1ad2b018df555 StaticDependenciesID=1130e6a6b1ffd39914b5196a781fe3a5 
Asset Pipeline Refresh (id=6a4cb50729f1b4a6e8125c8183b03af8): Total: 0.024 seconds - Initiated by StopAssetImportingV2(NoUpdateAssetOptions)
Importing 'GUID: 96cb5bca41ac5563b56bc8d2c4b4e00e - Path: Assets/Resources/ReturnV2/TiqueV9/DoubleJump/06.png' with importer (TextureImporter)
Imported 'GUID: 96cb5bca41ac5563b56bc8d2c4b4e00e' -> (Import Result ID: '7a1d807657a385a3adb3bb19c7470d54') in 0.002 seconds [static and dynamic dependencies]. Details - ImportResultOutputID=b399b034195027cd7d9528063f1735f4 DependenciesID=c9cf122aae0f911a5728a4fe834bcd92 StaticDependenciesID=454386063e2016a989fe4d4e76517742 
Asset Pipeline Refresh (id=3fe0b61fc892c43d09301feaac1c9c46): Total: 0.025 seconds - Initiated by StopAssetImportingV2(NoUpdateAssetOptions)
Importing 'GUID: 1adadd47636d5dec9eea79cb74c23730 - Path: Assets/Resources/ReturnV2/TiqueV9/DoubleJump/07.png' with importer (TextureImporter)
Imported 'GUID: 1adadd47636d5dec9eea79cb74c23730' -> (Import Result ID: '2e74cc469cf77f33fbc9b5eb3390cdac') in 0.002 seconds [static and dynamic dependencies]. Details - ImportResultOutputID=6d2411434135657981938fe2a2cd892a DependenciesID=e15c0b54c0de96cebbd2412c9536b95f StaticDependenciesID=414ced6d44705d9aa6ace6140119add5 
Asset Pipeline Refresh (id=d94956d9e2b1d4d048586552a23ca398): Total: 0.025 seconds - Initiated by StopAssetImportingV2(NoUpdateAssetOptions)
Importing 'GUID: c9a5543f984c5957bfb5f2b941f407a0 - Path: Assets/Resources/ReturnV2/TiqueV9/DoubleJump/08.png' with importer (TextureImporter)
Imported 'GUID: c9a5543f984c5957bfb5f2b941f407a0' -> (Import Result ID: 'ed71a5c2d386c9093a579a0ba6bdab85') in 0.002 seconds [static and dynamic dependencies]. Details - ImportResultOutputID=0142b6877ad363835d751452909a014b DependenciesID=ed8269de6786380b6fd3d6ebd91bb799 StaticDependenciesID=eb0fd0f6be4c577ac5e3b4d64cac044e 
Asset Pipeline Refresh (id=5ad3de0526aee44f3a0fa67050ba1d8b): Total: 0.024 seconds - Initiated by StopAssetImportingV2(NoUpdateAssetOptions)
Importing 'GUID: de5604937fee5ae48f9fce9612da033a - Path: Assets/Resources/ReturnV2/TiqueV9/DoubleJump/09.png' with importer (TextureImporter)
Imported 'GUID: de5604937fee5ae48f9fce9612da033a' -> (Import Result ID: '248013a0d5a6ab845db056458fe3ea55') in 0.002 seconds [static and dynamic dependencies]. Details - ImportResultOutputID=97a24ab81e97c6574ccc8f6b1f3e60a3 DependenciesID=336b80af6656e7d3b6ec68cd605527d0 StaticDependenciesID=c9c54f78d846e272e110f2a41ddb8920 
Asset Pipeline Refresh (id=fce5d802dd40c438183c0e87398d53d5): Total: 0.024 seconds - Initiated by StopAssetImportingV2(NoUpdateAssetOptions)
Importing 'GUID: a462ae85cc5f5ab5b304421150084b5c - Path: Assets/Resources/ReturnV2/TiqueV9/DoubleJump/10.png' with importer (TextureImporter)
Imported 'GUID: a462ae85cc5f5ab5b304421150084b5c' -> (Import Result ID: 'ada38e316650bb01768272f1796e911f') in 0.002 seconds [static and dynamic dependencies]. Details - ImportResultOutputID=b72759ce56aae2649f70f212e875ea60 DependenciesID=453704588016931bfc10593b0ca0252d StaticDependenciesID=468bb9e3d95d1dc4c6ebae51dbab63e9 
Asset Pipeline Refresh (id=82fbc9b3c87b342bc87a3cf1d5981745): Total: 0.024 seconds - Initiated by StopAssetImportingV2(NoUpdateAssetOptions)
Importing 'GUID: d8377a2c1280527095a038275c1df01c - Path: Assets/Resources/ReturnV2/TiqueV9/DoubleJump/11.png' with importer (TextureImporter)
Imported 'GUID: d8377a2c1280527095a038275c1df01c' -> (Import Result ID: 'c2aab64978275fb4837da92f97dcb9f3') in 0.002 seconds [static and dynamic dependencies]. Details - ImportResultOutputID=873f4e46a76461374a153e989d563acb DependenciesID=e3620132b9bbfd84e954263f42d33cbe StaticDependenciesID=48b4ed600fa30b46f5b567a08c3ba825 
Asset Pipeline Refresh (id=bab501cfe2bed4a62bf905def7cea955): Total: 0.024 seconds - Initiated by StopAssetImportingV2(NoUpdateAssetOptions)
Importing 'GUID: 946ee682b8795acdb0d1d1097dbb949d - Path: Assets/Resources/ReturnV2/TiqueV9/DoubleJump/12.png' with importer (TextureImporter)
Imported 'GUID: 946ee682b8795acdb0d1d1097dbb949d' -> (Import Result ID: 'baa705ed34aed157072c1ce648c11f00') in 0.002 seconds [static and dynamic dependencies]. Details - ImportResultOutputID=bdccacdd5ddd226e9b108edc632ae17b DependenciesID=b7d80340a4c91848f83f2ad34f802e5f StaticDependenciesID=e3bf4c1cc1f3c362586c755089bd7fa4 
Asset Pipeline Refresh (id=e42074a8ee84d4235a2896c4e0169033): Total: 0.024 seconds - Initiated by StopAssetImportingV2(NoUpdateAssetOptions)
Importing 'GUID: b51768ffb3075195b52a4c91613f9fa2 - Path: Assets/Resources/ReturnV2/TiqueV9/Idle/00.png' with importer (TextureImporter)
Imported 'GUID: b51768ffb3075195b52a4c91613f9fa2' -> (Import Result ID: '3360567950f89523f66d6249102a3819') in 0.002 seconds [static and dynamic dependencies]. Details - ImportResultOutputID=7359fd69d6b0e5a36069960e785018ea DependenciesID=fac072c8b93cb86b6b5ccff236e5ce2b StaticDependenciesID=8d72a326a6a1215913bdeb511bfd3295 
Asset Pipeline Refresh (id=76730fb292dd14121b74f707c0bbc759): Total: 0.023 seconds - Initiated by StopAssetImportingV2(NoUpdateAssetOptions)
Importing 'GUID: d2fb57d118505d989f25ab9904df8ee5 - Path: Assets/Resources/ReturnV2/TiqueV9/Idle/01.png' with importer (TextureImporter)
Imported 'GUID: d2fb57d118505d989f25ab9904df8ee5' -> (Import Result ID: '5e9d1e358814ad613f8cd11c8453b4a3') in 0.002 seconds [static and dynamic dependencies]. Details - ImportResultOutputID=a9179a781d51a99b09cbb7850f5414ca DependenciesID=15dfeda3d812fdbe1e8424611038fe0e StaticDependenciesID=cc568664a28a794bf91addbddc3675af 
Asset Pipeline Refresh (id=01002f83b4c7b4b2aaa5b2d35ae071ec): Total: 0.024 seconds - Initiated by StopAssetImportingV2(NoUpdateAssetOptions)
Importing 'GUID: 5ced344fc7e45b629173c21b075e9f54 - Path: Assets/Resources/ReturnV2/TiqueV9/Idle/02.png' with importer (TextureImporter)
Imported 'GUID: 5ced344fc7e45b629173c21b075e9f54' -> (Import Result ID: '40a1787afaa7e1556d7f09de683ef6f3') in 0.002 seconds [static and dynamic dependencies]. Details - ImportResultOutputID=51ae4f14035327299e2d1b13da271411 DependenciesID=ea01972ecea2db0c0e2d43ede20142b4 StaticDependenciesID=7a86a66e873c49b3a3a13b38390b697d 
Asset Pipeline Refresh (id=51d86ee07aed74bfbaab72de69f71ecc): Total: 0.023 seconds - Initiated by StopAssetImportingV2(NoUpdateAssetOptions)
Importing 'GUID: 5a471c63ff8e59c19c837f5b8f8cf712 - Path: Assets/Resources/ReturnV2/TiqueV9/Idle/03.png' with importer (TextureImporter)
Imported 'GUID: 5a471c63ff8e59c19c837f5b8f8cf712' -> (Import Result ID: '4ad09e74b67b706bdc9d245fa21e8596') in 0.002 seconds [static and dynamic dependencies]. Details - ImportResultOutputID=be87155a2954a9df450c5c1bf2d28f95 DependenciesID=61f64568db6a037dc32834d881af8811 StaticDependenciesID=3dca0405213ebd4b2c51a7ed1e81bc66 
Asset Pipeline Refresh (id=a02550159db85469188495a3f09ed9de): Total: 0.024 seconds - Initiated by StopAssetImportingV2(NoUpdateAssetOptions)
Importing 'GUID: 5f344196856956698d8cdc61fa759fbe - Path: Assets/Resources/ReturnV2/TiqueV9/Idle/04.png' with importer (TextureImporter)
Imported 'GUID: 5f344196856956698d8cdc61fa759fbe' -> (Import Result ID: 'cac3745098be6f0553e95d41b7a8a5d0') in 0.002 seconds [static and dynamic dependencies]. Details - ImportResultOutputID=0b558d0477900472e46853b571df3c78 DependenciesID=e8d03e9a61a5ed6d0a0d0244f0ad2ca3 StaticDependenciesID=96c9d0d40925f5a4bc8b0132f93a25fa 
Asset Pipeline Refresh (id=3189bc6b0a459438bb90ef2f203dda91): Total: 0.023 seconds - Initiated by StopAssetImportingV2(NoUpdateAssetOptions)
Importing 'GUID: 1a7c4e33b3c45d5d9084632ce579b08b - Path: Assets/Resources/ReturnV2/TiqueV9/Idle/05.png' with importer (TextureImporter)
Imported 'GUID: 1a7c4e33b3c45d5d9084632ce579b08b' -> (Import Result ID: 'd7350ca9c7b27ecf0bf594e4ff650889') in 0.002 seconds [static and dynamic dependencies]. Details - ImportResultOutputID=3d1a567ce870698d62fba81f5d14df34 DependenciesID=cad95d779691de898223c830d4ac1eaf StaticDependenciesID=57baa26b3206555716c351df11e09cad 
Asset Pipeline Refresh (id=3c77c45a8d9db4cf58497df5fb356d39): Total: 0.024 seconds - Initiated by StopAssetImportingV2(NoUpdateAssetOptions)
Importing 'GUID: f037040665055d38999307df218f024e - Path: Assets/Resources/ReturnV2/TiqueV9/Idle/06.png' with importer (TextureImporter)
Imported 'GUID: f037040665055d38999307df218f024e' -> (Import Result ID: '932dd0111ad00e3c06702ac92c477fb5') in 0.002 seconds [static and dynamic dependencies]. Details - ImportResultOutputID=c310e9282e6a29d02b3adf1feef12d5d DependenciesID=1c4e37078a0ffb2257814db3b66de367 StaticDependenciesID=f8a5e5d2f4e111be6e1ff1fd09c82406 
Asset Pipeline Refresh (id=2ef2b7a8aaa6d40c7b89036e888367c9): Total: 0.023 seconds - Initiated by StopAssetImportingV2(NoUpdateAssetOptions)
Importing 'GUID: 93915bacf6ec5ae7bb2c685a263d36ad - Path: Assets/Resources/ReturnV2/TiqueV9/Idle/07.png' with importer (TextureImporter)
Imported 'GUID: 93915bacf6ec5ae7bb2c685a263d36ad' -> (Import Result ID: '95b2341ee62b4d9f16735c7ca79bfbe4') in 0.002 seconds [static and dynamic dependencies]. Details - ImportResultOutputID=c9f804187b699bf94d55ff52c3447dd1 DependenciesID=825480b0db0a21a29e5614a31e88f986 StaticDependenciesID=231a3fc4e56d018c65b1fb8774f51ce3 
Asset Pipeline Refresh (id=fb7ad02d877d746a3bcbe96a045ab136): Total: 0.023 seconds - Initiated by StopAssetImportingV2(NoUpdateAssetOptions)
Importing 'GUID: dd1ee53e07f65d949c372ea153b4a14c - Path: Assets/Resources/ReturnV2/TiqueV9/Jump/00.png' with importer (TextureImporter)
Imported 'GUID: dd1ee53e07f65d949c372ea153b4a14c' -> (Import Result ID: 'c620c185656ef835d5594b13ba98c43b') in 0.002 seconds [static and dynamic dependencies]. Details - ImportResultOutputID=fef57f0472e8f2dcc463b71796757cb8 DependenciesID=a6d27772c7a179a4d4105768fefe4887 StaticDependenciesID=b36991342e318be211e5845f845d1301 
Asset Pipeline Refresh (id=b2a46648a75cc428a9c60041ab8ed7b0): Total: 0.024 seconds - Initiated by StopAssetImportingV2(NoUpdateAssetOptions)
Importing 'GUID: 0ff698e43fa651ad98e9dc5521325d57 - Path: Assets/Resources/ReturnV2/TiqueV9/Jump/01.png' with importer (TextureImporter)
Imported 'GUID: 0ff698e43fa651ad98e9dc5521325d57' -> (Import Result ID: 'e240aa893454fb449a74bcec5cc5f8c7') in 0.003 seconds [static and dynamic dependencies]. Details - ImportResultOutputID=077a41001a98a8d12e3d744c43adb2ab DependenciesID=b85a1f8d8b60e9ee6147c3176e1be5a4 StaticDependenciesID=ba40efe3a8566bf4dc4e8f5dfa6fe76c 
Asset Pipeline Refresh (id=9301dceacf45d468c86f1dd562e11382): Total: 0.024 seconds - Initiated by StopAssetImportingV2(NoUpdateAssetOptions)
Importing 'GUID: a3f02b9887f2594bb2f73e67f19063d5 - Path: Assets/Resources/ReturnV2/TiqueV9/Jump/02.png' with importer (TextureImporter)
Imported 'GUID: a3f02b9887f2594bb2f73e67f19063d5' -> (Import Result ID: '1edfffae62cef1d720a846e55c447edc') in 0.002 seconds [static and dynamic dependencies]. Details - ImportResultOutputID=a4d3ed97d9eeec3f4ec2a0141d4301d3 DependenciesID=3f66bc5a458456bd8b7647d122ec00e6 StaticDependenciesID=1954b4cb9592f8902989a3fe59a6b3c6 
Asset Pipeline Refresh (id=11e3268b5d86f4df5b2a6ca994d0a7bb): Total: 0.024 seconds - Initiated by StopAssetImportingV2(NoUpdateAssetOptions)
Importing 'GUID: 67016120bde4597a93517ce53bff3410 - Path: Assets/Resources/ReturnV2/TiqueV9/Jump/03.png' with importer (TextureImporter)
Imported 'GUID: 67016120bde4597a93517ce53bff3410' -> (Import Result ID: '5d720a856142e2567ce4d5e995f4c4fb') in 0.002 seconds [static and dynamic dependencies]. Details - ImportResultOutputID=ebcae0e21224b879de3f8369be67d82c DependenciesID=0b96c9a4c2c5afb7a512e4ab12c8e52d StaticDependenciesID=08b8e3cfc64aa86add4f7a03310d6490 
Asset Pipeline Refresh (id=c486cd98543764296bd0250796fcacd5): Total: 0.024 seconds - Initiated by StopAssetImportingV2(NoUpdateAssetOptions)
Importing 'GUID: ce977ea7432b50b49bae0bd84291b0b9 - Path: Assets/Resources/ReturnV2/TiqueV9/Jump/04.png' with importer (TextureImporter)
Imported 'GUID: ce977ea7432b50b49bae0bd84291b0b9' -> (Import Result ID: 'e55f86c14ff9cc0d1462243d41622e7b') in 0.002 seconds [static and dynamic dependencies]. Details - ImportResultOutputID=ce8004eac2d5e75b6d6f138564d1a783 DependenciesID=0415be31a79a8b985b3688eb76f206f4 StaticDependenciesID=9001a4813e99075500dea23ce82b4482 
Asset Pipeline Refresh (id=725966cb3b5364a97b3fff1d450fe11c): Total: 0.023 seconds - Initiated by StopAssetImportingV2(NoUpdateAssetOptions)
Importing 'GUID: b637720fe849545eb5f68745d10f75b4 - Path: Assets/Resources/ReturnV2/TiqueV9/Jump/05.png' with importer (TextureImporter)
Imported 'GUID: b637720fe849545eb5f68745d10f75b4' -> (Import Result ID: '00c7222e10d037f8bcd6f578e8a8b4b0') in 0.002 seconds [static and dynamic dependencies]. Details - ImportResultOutputID=91fb7211ea9c527ae06fa060c0d372ff DependenciesID=561d42d51255d6079dac6fb7b8518f44 StaticDependenciesID=98c157c466ec8cb87c559f536cb52a4f 
Asset Pipeline Refresh (id=cc6d99f24b8a94370aee4cf1eb32cb3a): Total: 0.024 seconds - Initiated by StopAssetImportingV2(NoUpdateAssetOptions)
Importing 'GUID: 0c041405b203562da54edd81168f3e48 - Path: Assets/Resources/ReturnV2/TiqueV9/Jump/06.png' with importer (TextureImporter)
Imported 'GUID: 0c041405b203562da54edd81168f3e48' -> (Import Result ID: '0a3af19a32067904029715f86c3997f9') in 0.003 seconds [static and dynamic dependencies]. Details - ImportResultOutputID=444d9b6cab8a7244a282a3961a6bd0c8 DependenciesID=77f1a0adc09b5e4e5a59f7b776ab5505 StaticDependenciesID=4611e61a04a9b3ba7640c11d80286728 
Asset Pipeline Refresh (id=4335d232523fa40a9a364e14183a077e): Total: 0.024 seconds - Initiated by StopAssetImportingV2(NoUpdateAssetOptions)
Importing 'GUID: b47fdd2c68da5b1386e7e38f31528276 - Path: Assets/Resources/ReturnV2/TiqueV9/Jump/07.png' with importer (TextureImporter)
Imported 'GUID: b47fdd2c68da5b1386e7e38f31528276' -> (Import Result ID: 'dd756a03f9cfc01f3067690d799dd5a1') in 0.002 seconds [static and dynamic dependencies]. Details - ImportResultOutputID=d0b0214ad02c9b5852b7dc105ac17f8b DependenciesID=26d0fb8c0fb0955c224712a8f74794e5 StaticDependenciesID=079a62c712230ec250eebe465c21e85d 
Asset Pipeline Refresh (id=6d698d34d952d4efb8636c8edade47a1): Total: 0.024 seconds - Initiated by StopAssetImportingV2(NoUpdateAssetOptions)
Importing 'GUID: ed031622dc1b51a18c6f5fd938be7f19 - Path: Assets/Resources/ReturnV2/TiqueV9/Jump/08.png' with importer (TextureImporter)
Imported 'GUID: ed031622dc1b51a18c6f5fd938be7f19' -> (Import Result ID: 'aaf73015f3a0a009d6b567eae60eb0f6') in 0.002 seconds [static and dynamic dependencies]. Details - ImportResultOutputID=05c5250de6bd7c2295b0cdcedd7293c3 DependenciesID=8ee8cacb68553071d9621737259a8df3 StaticDependenciesID=d4c1d3885e85f5c5d52f2e4c72fdfe28 
Asset Pipeline Refresh (id=4d9a6017a069a4ab497214b4e6cf9735): Total: 0.024 seconds - Initiated by StopAssetImportingV2(NoUpdateAssetOptions)
Importing 'GUID: 964e07b3ff3056f8bc6a6e678e274c22 - Path: Assets/Resources/ReturnV2/TiqueV9/Jump/09.png' with importer (TextureImporter)
Imported 'GUID: 964e07b3ff3056f8bc6a6e678e274c22' -> (Import Result ID: '0d2b2aedab19cbc0b074fe7d322010a0') in 0.002 seconds [static and dynamic dependencies]. Details - ImportResultOutputID=5475335cc9daa8da3d2b2aa48cef9c99 DependenciesID=8940d2f44df8ef68db1806fba06d1f54 StaticDependenciesID=87281b8052cacb634b75142588fd9a43 
Asset Pipeline Refresh (id=beb3bbff16ee848ca86eb343390fb915): Total: 0.024 seconds - Initiated by StopAssetImportingV2(NoUpdateAssetOptions)
Importing 'GUID: 194fbf8eb060500688cc2ac37042f744 - Path: Assets/Resources/ReturnV2/TiqueV9/Jump/10.png' with importer (TextureImporter)
Imported 'GUID: 194fbf8eb060500688cc2ac37042f744' -> (Import Result ID: '91e9816c8022af1392c1f72fca6ef3dd') in 0.002 seconds [static and dynamic dependencies]. Details - ImportResultOutputID=0f1f3218bcdd28285eaa55dbd5dc73c8 DependenciesID=ccd2f065dc7fff53dde9f55c63d4633a StaticDependenciesID=54065ece63d377276051272ed8b3f892 
Asset Pipeline Refresh (id=13a290817368440f5a6a158dac843f0e): Total: 0.024 seconds - Initiated by StopAssetImportingV2(NoUpdateAssetOptions)
Importing 'GUID: 748a5e87463b5b07976fa325ca9fddb0 - Path: Assets/Resources/ReturnV2/TiqueV9/Jump/11.png' with importer (TextureImporter)
Imported 'GUID: 748a5e87463b5b07976fa325ca9fddb0' -> (Import Result ID: 'acd593c9f4e57caeb55afd1bf86afad7') in 0.002 seconds [static and dynamic dependencies]. Details - ImportResultOutputID=df583cd596f965e5a92b3f81ed4e5cb2 DependenciesID=edc440590816428c235ea23814ce2f69 StaticDependenciesID=ac3414a0aa5871ede8e54831141a61b4 
Asset Pipeline Refresh (id=a4833d19f7f63466f98d97d000de55f0): Total: 0.024 seconds - Initiated by StopAssetImportingV2(NoUpdateAssetOptions)
Importing 'GUID: 0c0ba5bdcf035c889c00fdbea2f9af5e - Path: Assets/Resources/ReturnV2/TiqueV9/Jump/12.png' with importer (TextureImporter)
Imported 'GUID: 0c0ba5bdcf035c889c00fdbea2f9af5e' -> (Import Result ID: 'c9f5a2327f266d07fe32be7b3c2204dc') in 0.002 seconds [static and dynamic dependencies]. Details - ImportResultOutputID=2225d7bf93fd12d83db4dec2dba6a179 DependenciesID=1298b4059b7c7bd1698da7a0ab549d56 StaticDependenciesID=5b3d437eaf7b9c8bc3cf831e00506826 
Asset Pipeline Refresh (id=c75b5a1f00eba43a093cf7daef45bc90): Total: 0.024 seconds - Initiated by StopAssetImportingV2(NoUpdateAssetOptions)
Importing 'GUID: 36a9493b911154e5aa568509d4ba762c - Path: Assets/Resources/ReturnV2/TiqueV9/Jump/13.png' with importer (TextureImporter)
Imported 'GUID: 36a9493b911154e5aa568509d4ba762c' -> (Import Result ID: 'f8fa3da2121a64930b98b45ec95f23d6') in 0.002 seconds [static and dynamic dependencies]. Details - ImportResultOutputID=bdf013400690c4e9cf234d2ced8be027 DependenciesID=af9597144ddf70e4bb04732babdcb0bd StaticDependenciesID=d7f929db4605c935f37feb6b80fc6946 
Asset Pipeline Refresh (id=d95a6c3d17dec4544a60d0c38e50095e): Total: 0.024 seconds - Initiated by StopAssetImportingV2(NoUpdateAssetOptions)
Importing 'GUID: 7ea8941273ef5b8981168cd3cc3d2893 - Path: Assets/Resources/ReturnV2/TiqueV9/Jump/14.png' with importer (TextureImporter)
Imported 'GUID: 7ea8941273ef5b8981168cd3cc3d2893' -> (Import Result ID: '69eb2ea48abf24ac64ef810155f0d3ce') in 0.002 seconds [static and dynamic dependencies]. Details - ImportResultOutputID=1cd5ef025c2e5bbd86038bdb1a7207b0 DependenciesID=125af8630f952b95014b99bcfac06203 StaticDependenciesID=c9b4d966deb724bdd8ebe49d7144eae8 
Asset Pipeline Refresh (id=2a0a6265dbfb941fa8f5ec67ecf446f1): Total: 0.025 seconds - Initiated by StopAssetImportingV2(NoUpdateAssetOptions)
Importing 'GUID: d6bc9250f0ce5bafbac4c388dc621c09 - Path: Assets/Resources/ReturnV2/TiqueV9/Walk/00.png' with importer (TextureImporter)
Imported 'GUID: d6bc9250f0ce5bafbac4c388dc621c09' -> (Import Result ID: '14d5761ebf7bb0045c4c8f6fde168876') in 0.002 seconds [static and dynamic dependencies]. Details - ImportResultOutputID=0c86dd168cd35685f562862eb85029a4 DependenciesID=aa138cacefa411cf28a6db055076a053 StaticDependenciesID=f4bce3b72801f270284722b4ce79ca1b 
Asset Pipeline Refresh (id=b1a2faa26da5441f2ade84e55157e767): Total: 0.024 seconds - Initiated by StopAssetImportingV2(NoUpdateAssetOptions)
Importing 'GUID: fbc6c3fc229b5366a231f582a82c1d1a - Path: Assets/Resources/ReturnV2/TiqueV9/Walk/01.png' with importer (TextureImporter)
Imported 'GUID: fbc6c3fc229b5366a231f582a82c1d1a' -> (Import Result ID: '8a4ad5c0751ee521db13923ef33c8417') in 0.003 seconds [static and dynamic dependencies]. Details - ImportResultOutputID=4d9ddd7a3267644e8d871f90024dc8a9 DependenciesID=dcdfb9cbd05df1b5e121b905312e1980 StaticDependenciesID=73225333f94e5b8a91b394d730f82775 
Asset Pipeline Refresh (id=10a3875570af04124bff184fdead178e): Total: 0.024 seconds - Initiated by StopAssetImportingV2(NoUpdateAssetOptions)
Importing 'GUID: 5a5fe3e2a2445ddca7ac98a41e085ce6 - Path: Assets/Resources/ReturnV2/TiqueV9/Walk/02.png' with importer (TextureImporter)
Imported 'GUID: 5a5fe3e2a2445ddca7ac98a41e085ce6' -> (Import Result ID: '01993ccea1c76e3a23a44d61901ae14a') in 0.002 seconds [static and dynamic dependencies]. Details - ImportResultOutputID=29885249ae49808799e06452ecc032db DependenciesID=f47a203bd5f2ba0c68deebb9804fa026 StaticDependenciesID=f52419676e19fed7dce15a3e45f52bcb 
Asset Pipeline Refresh (id=51a6f0544b836475da979019dbd1392a): Total: 0.023 seconds - Initiated by StopAssetImportingV2(NoUpdateAssetOptions)
Importing 'GUID: 484f3b0ee6d154a687b0b8716ffe1258 - Path: Assets/Resources/ReturnV2/TiqueV9/Walk/03.png' with importer (TextureImporter)
Imported 'GUID: 484f3b0ee6d154a687b0b8716ffe1258' -> (Import Result ID: '39f31eceb6ecf192e1526c9431ab2c76') in 0.002 seconds [static and dynamic dependencies]. Details - ImportResultOutputID=1ffc650cd1f7dfd3aa0bc9bea5b335f0 DependenciesID=b192bdcd804c60c875e319d7ae9bedcc StaticDependenciesID=f52cf34617296927e891edd96b76c45d 
Asset Pipeline Refresh (id=1c7864785f1d544548e5cbe2dd420a1c): Total: 0.024 seconds - Initiated by StopAssetImportingV2(NoUpdateAssetOptions)
Importing 'GUID: d74a165b76f35d53858da65240311a9c - Path: Assets/Resources/ReturnV2/TiqueV9/Walk/04.png' with importer (TextureImporter)
Imported 'GUID: d74a165b76f35d53858da65240311a9c' -> (Import Result ID: '5581585133d881094035b38a607b25dd') in 0.002 seconds [static and dynamic dependencies]. Details - ImportResultOutputID=cb2f329ad2a7728499592a59fce44f1f DependenciesID=0a1d0b54751584d680a40e46dd0a9688 StaticDependenciesID=eafd74c7b01ab8fa0aa82b61f7290e51 
Asset Pipeline Refresh (id=0649d79ca2c864d86b807d5d5e475df9): Total: 0.023 seconds - Initiated by StopAssetImportingV2(NoUpdateAssetOptions)
Importing 'GUID: eb395c6b1bde5814b29aa34ee39f3e54 - Path: Assets/Resources/ReturnV2/TiqueV9/Walk/05.png' with importer (TextureImporter)
Imported 'GUID: eb395c6b1bde5814b29aa34ee39f3e54' -> (Import Result ID: '9c35f139b644c5fa5c69bdab983bfe4c') in 0.002 seconds [static and dynamic dependencies]. Details - ImportResultOutputID=c36ad96f94bae7569d3e2983f96a5cda DependenciesID=49b8005511c195c5fd39f18d4d9c851f StaticDependenciesID=7cbab90e0f7c1a6f072f86895b80d663 
Asset Pipeline Refresh (id=f1ea2e9cec31a49eaa295e3e23d85f9f): Total: 0.023 seconds - Initiated by StopAssetImportingV2(NoUpdateAssetOptions)
Importing 'GUID: 250028605bfc547b8d1cdee5ebb96595 - Path: Assets/Resources/ReturnV2/TiqueV9/Walk/06.png' with importer (TextureImporter)
Imported 'GUID: 250028605bfc547b8d1cdee5ebb96595' -> (Import Result ID: '6fe4b06f1737f404f7d51cd7209514c8') in 0.002 seconds [static and dynamic dependencies]. Details - ImportResultOutputID=3b510d1a1eca038bf9f74b35be13a240 DependenciesID=aa8f2226ebcce2429285f917c1163733 StaticDependenciesID=85ad15e6dabff1fe8050e569b8e4a4bb 
Asset Pipeline Refresh (id=661a0f07cf32c4a438fe96a4f6e0721f): Total: 0.023 seconds - Initiated by StopAssetImportingV2(NoUpdateAssetOptions)
Importing 'GUID: 44cedc3a912b5391bd42f92a63539b2c - Path: Assets/Resources/ReturnV2/TiqueV9/Walk/07.png' with importer (TextureImporter)
Imported 'GUID: 44cedc3a912b5391bd42f92a63539b2c' -> (Import Result ID: 'c268df348063cff4a968988b1032f66c') in 0.002 seconds [static and dynamic dependencies]. Details - ImportResultOutputID=3dda95b0f08f424b4ab748c8a40ce8d2 DependenciesID=9a6a2993bd8b260697c35b81bfc4bc57 StaticDependenciesID=125c980050d6bc8b2aacfb1a0d7e154a 
Asset Pipeline Refresh (id=105864b4212b7462ea8a4f39bc72a281): Total: 0.024 seconds - Initiated by StopAssetImportingV2(NoUpdateAssetOptions)
Importing 'GUID: e1f1d0ccd0025114b9830f504a23b596 - Path: Assets/Resources/ReturnV2/TiqueV9/Walk/08.png' with importer (TextureImporter)
Imported 'GUID: e1f1d0ccd0025114b9830f504a23b596' -> (Import Result ID: '4ed3a54573a4b6120dd33984adb19f45') in 0.002 seconds [static and dynamic dependencies]. Details - ImportResultOutputID=5f85e3cd1590aa39d5c1a5a64ad22f98 DependenciesID=f9d69532f501c62ec9bfcfbd49e4179b StaticDependenciesID=69bd022baa2d8e48208edd8679a756af 
Asset Pipeline Refresh (id=ad3ac38ca17e74072bcd56466d169cf0): Total: 0.023 seconds - Initiated by StopAssetImportingV2(NoUpdateAssetOptions)
Importing 'GUID: d29f090f7b0a51e186ba94950efeec1f - Path: Assets/Resources/ReturnV2/TiqueV9/Walk/09.png' with importer (TextureImporter)
Imported 'GUID: d29f090f7b0a51e186ba94950efeec1f' -> (Import Result ID: '5a745a912bed3e584c041830529575df') in 0.002 seconds [static and dynamic dependencies]. Details - ImportResultOutputID=5e5cfc6a7026fe375a3fd756e7d84b8f DependenciesID=d9cf6405969e71728ed5b3b6af3bf699 StaticDependenciesID=d1f7c56a6c3af99da5d3c12033b75fcb 
Asset Pipeline Refresh (id=4f403ef4608b34ac097042664aa947e0): Total: 0.024 seconds - Initiated by StopAssetImportingV2(NoUpdateAssetOptions)
Importing 'GUID: 366f07db2cdd53ad8c4e48a19ef67505 - Path: Assets/Resources/ReturnV2/TiqueV9/Walk/10.png' with importer (TextureImporter)
Imported 'GUID: 366f07db2cdd53ad8c4e48a19ef67505' -> (Import Result ID: '6754c701488ec5a88fba61280b5dada6') in 0.002 seconds [static and dynamic dependencies]. Details - ImportResultOutputID=4b5203feec7882e2fd1fdc7183bb80ed DependenciesID=baecfc6b54a73ceebd4c6b6bc98490fb StaticDependenciesID=4292e2ff91f0fedf37fbebd5500f750b 
Asset Pipeline Refresh (id=a39c01272a9b34449af58399cc15e01a): Total: 0.024 seconds - Initiated by StopAssetImportingV2(NoUpdateAssetOptions)
Importing 'GUID: 953dfd21f74c56c9878e79a011b99013 - Path: Assets/Resources/ReturnV2/TiqueV9/Walk/11.png' with importer (TextureImporter)
Imported 'GUID: 953dfd21f74c56c9878e79a011b99013' -> (Import Result ID: 'b7267281caa2a889ba7c9a9b661a97fc') in 0.002 seconds [static and dynamic dependencies]. Details - ImportResultOutputID=e86e2374114de5498c01a4c888b15a7c DependenciesID=20a1de4e553d335991ca8ef1428e1fae StaticDependenciesID=479500cba35c04729dd25c5fcace0a3e 
Asset Pipeline Refresh (id=6a642652064474021a30b86e7da0ba3b): Total: 0.023 seconds - Initiated by StopAssetImportingV2(NoUpdateAssetOptions)
Importing 'GUID: e759ca0e5692522b95963f5a76ef3e4a - Path: Assets/Resources/ReturnV2/TiqueV9/Walk/12.png' with importer (TextureImporter)
Imported 'GUID: e759ca0e5692522b95963f5a76ef3e4a' -> (Import Result ID: 'd97f004ae39385fc7681bbc68b7a4109') in 0.002 seconds [static and dynamic dependencies]. Details - ImportResultOutputID=46871a80ff21f110e8d2b370b2901d08 DependenciesID=4b576437eb79ff1088f95bca44b81c79 StaticDependenciesID=3708b9210837fc2b63dab69521b25774 
Asset Pipeline Refresh (id=80132129bff6d4baf9c53752ec952550): Total: 0.024 seconds - Initiated by StopAssetImportingV2(NoUpdateAssetOptions)
Importing 'GUID: 74db63ffdee356bda0ea5103dfce53c8 - Path: Assets/Resources/ReturnV2/TiqueV9/Walk/13.png' with importer (TextureImporter)
Imported 'GUID: 74db63ffdee356bda0ea5103dfce53c8' -> (Import Result ID: '794bea4cd23bf4a9f94c07a555af0157') in 0.002 seconds [static and dynamic dependencies]. Details - ImportResultOutputID=b21a9b99b5cb0f77fc83261b3ca2d879 DependenciesID=d5dc45643d1f393e098c475460589ae2 StaticDependenciesID=09a9493dcf5501470191154904bf1888 
Asset Pipeline Refresh (id=595433a2fdb2b4977a6c1eddfd1afbc7): Total: 0.024 seconds - Initiated by StopAssetImportingV2(NoUpdateAssetOptions)
Importing 'GUID: 65b9f48d66665f46a0605752d75294c9 - Path: Assets/Resources/ReturnV2/TiqueV9/dash-ghost/00.png' with importer (TextureImporter)
Imported 'GUID: 65b9f48d66665f46a0605752d75294c9' -> (Import Result ID: '1f95e1ffbba34436113177afd0d0d66c') in 0.002 seconds [static and dynamic dependencies]. Details - ImportResultOutputID=04148a2de2931f3daf092c666e218b41 DependenciesID=a75dd549261d60bd99067272acd4f66b StaticDependenciesID=05e7b15e35c816d950fe329b8c4e8982 
Asset Pipeline Refresh (id=a7e625063d6c24b4c81f07553565e464): Total: 0.024 seconds - Initiated by StopAssetImportingV2(NoUpdateAssetOptions)
Importing 'GUID: a60cf61019bd5119838e951b80dce9bc - Path: Assets/Resources/ReturnV2/TiqueV9/dash-ghost/01.png' with importer (TextureImporter)
Imported 'GUID: a60cf61019bd5119838e951b80dce9bc' -> (Import Result ID: '9e9ff7414c7cd42c79a3f9a957286a8a') in 0.002 seconds [static and dynamic dependencies]. Details - ImportResultOutputID=92d073cc2724b2aa5cc8cb69de92109e DependenciesID=a66896e0b3f00ec74999aa0dfcc45d97 StaticDependenciesID=0713e27c0f0bf4a30d2ccd20049138f6 
Asset Pipeline Refresh (id=add5753720bd748aeaa77a8911fc1867): Total: 0.024 seconds - Initiated by StopAssetImportingV2(NoUpdateAssetOptions)
Importing 'GUID: 3f7630adc6e950ddad8fde72e2e8c522 - Path: Assets/Resources/ReturnV2/TiqueV9/dash-ghost/02.png' with importer (TextureImporter)
Imported 'GUID: 3f7630adc6e950ddad8fde72e2e8c522' -> (Import Result ID: '3c6b1f1958d3149ff615bf4287b4ca7b') in 0.003 seconds [static and dynamic dependencies]. Details - ImportResultOutputID=0e870264b185cc3679b558df73f806dc DependenciesID=c1e7e8e6ffb959777dcb5a4531f6ccf7 StaticDependenciesID=14c2001e556f416a7e697b2012c6ffdd 
Asset Pipeline Refresh (id=a387b3a82e9f644948262f2ea3fd0d66): Total: 0.024 seconds - Initiated by StopAssetImportingV2(NoUpdateAssetOptions)
Importing 'GUID: fcda3b3fb88b5dfca13ea6587e5a5a50 - Path: Assets/Resources/ReturnV2/TiqueV9/dash-ghost/03.png' with importer (TextureImporter)
Imported 'GUID: fcda3b3fb88b5dfca13ea6587e5a5a50' -> (Import Result ID: '531254dd910b840dde31e856a3ea45bd') in 0.003 seconds [static and dynamic dependencies]. Details - ImportResultOutputID=5c762334b5725b777ad8ef717e541fd0 DependenciesID=acf6ce889dff44edb477b5b781b23b22 StaticDependenciesID=a5549dcef6d7d21cc1280fa6000cc31f 
Asset Pipeline Refresh (id=3688f0a60756f49e8b41d402e8766d93): Total: 0.024 seconds - Initiated by StopAssetImportingV2(NoUpdateAssetOptions)
Importing 'GUID: 19ae43b487715f9db0b18231a441cf39 - Path: Assets/Resources/ReturnV2/TiqueV9/dash-ghost/04.png' with importer (TextureImporter)
Imported 'GUID: 19ae43b487715f9db0b18231a441cf39' -> (Import Result ID: '16be84f5ec06174541b654f8d57ded44') in 0.002 seconds [static and dynamic dependencies]. Details - ImportResultOutputID=47b27ed6c0cf239d9477182d0411e59e DependenciesID=b35a0001b903aeaf45038e7cfb9d28b0 StaticDependenciesID=91eceeacac6f2ca69616a8f6b9955fa4 
Asset Pipeline Refresh (id=bacb52395631b4743b739d3fa711170e): Total: 0.024 seconds - Initiated by StopAssetImportingV2(NoUpdateAssetOptions)
Importing 'GUID: 6d19efbe4fe057a5945022a051c67be4 - Path: Assets/Resources/ReturnV2/TiqueV9/dash-ghost/05.png' with importer (TextureImporter)
Imported 'GUID: 6d19efbe4fe057a5945022a051c67be4' -> (Import Result ID: 'b610c4d45b2a578977381b6d1af43ffe') in 0.002 seconds [static and dynamic dependencies]. Details - ImportResultOutputID=e7e679c82c66628185b5b427d9d40123 DependenciesID=021dea6f1797e5d48597604fac494bec StaticDependenciesID=6b8c3d5fb793d7d437fe47d2833f6530 
Asset Pipeline Refresh (id=9a848d951a56d48ba903d87930f4af31): Total: 0.024 seconds - Initiated by StopAssetImportingV2(NoUpdateAssetOptions)
Importing 'GUID: 6d26927258915d7da0411ad6f3dc8979 - Path: Assets/Resources/ReturnV2/TiqueV9/dash-ghost/06.png' with importer (TextureImporter)
Imported 'GUID: 6d26927258915d7da0411ad6f3dc8979' -> (Import Result ID: 'dbf9fe71ce25e09f040beaccc16561e0') in 0.002 seconds [static and dynamic dependencies]. Details - ImportResultOutputID=1dc87fedd7ba4fb34dc4afbb69a88038 DependenciesID=7eb81603157eaf5ac828ebc69ceb24fe StaticDependenciesID=c026c42e456c12c500d4a8311fe9b576 
Asset Pipeline Refresh (id=794b19c514f614512ae6ad70bde1b6b4): Total: 0.024 seconds - Initiated by StopAssetImportingV2(NoUpdateAssetOptions)
Importing 'GUID: 2c3143c5b73d5530b22842f2b621e332 - Path: Assets/Resources/ReturnV2/TiqueV9/dash-ghost/07.png' with importer (TextureImporter)
Imported 'GUID: 2c3143c5b73d5530b22842f2b621e332' -> (Import Result ID: '721136eaf457cb6d132c218858e24ccd') in 0.003 seconds [static and dynamic dependencies]. Details - ImportResultOutputID=2c25c04d7f448a48f79bdb57888b5d52 DependenciesID=6badb6b2231e06cb91cea57ebb90fe58 StaticDependenciesID=8367914cb350f5a2dd70e8cf15edacbb 
Asset Pipeline Refresh (id=bddac8781eb254ca4b287af5cb608943): Total: 0.024 seconds - Initiated by StopAssetImportingV2(NoUpdateAssetOptions)
Importing 'GUID: ef8d6b5410315b77a24783b5615250f7 - Path: Assets/Resources/ReturnV2/TiqueV9/dash-ghost/08.png' with importer (TextureImporter)
Imported 'GUID: ef8d6b5410315b77a24783b5615250f7' -> (Import Result ID: '3e8334e922d559f0f3fc265c196a9ff2') in 0.002 seconds [static and dynamic dependencies]. Details - ImportResultOutputID=ea77ff48c770ca16c240c7f012d6e437 DependenciesID=72aba5387451b8712af291fbd17e0efa StaticDependenciesID=6d5a7b5eed35a1adde9bf0d578a78a02 
Asset Pipeline Refresh (id=15006384250364260b6298001af18428): Total: 0.023 seconds - Initiated by StopAssetImportingV2(NoUpdateAssetOptions)
Importing 'GUID: edd01d9bb4195790b1b4adf15dada282 - Path: Assets/Resources/ReturnV2/TiqueV9/dash-ghost/09.png' with importer (TextureImporter)
Imported 'GUID: edd01d9bb4195790b1b4adf15dada282' -> (Import Result ID: '0b044a3b0f7a2ad755426a7ba684b95b') in 0.002 seconds [static and dynamic dependencies]. Details - ImportResultOutputID=9cfe876dbd96dabd22455dc9a69ed65e DependenciesID=3750017d4d5f6b4b2ce240cfab259bbf StaticDependenciesID=c3a072b9d3f4327af51f1edd7ec981ec 
Asset Pipeline Refresh (id=ad08aa90f769042b8be858e38762b6b6): Total: 0.024 seconds - Initiated by StopAssetImportingV2(NoUpdateAssetOptions)
Importing 'GUID: 2908f3b77e7451c5ad4cf3baaf503e68 - Path: Assets/Resources/ReturnV2/TiqueV9/dash-ghost/10.png' with importer (TextureImporter)
Imported 'GUID: 2908f3b77e7451c5ad4cf3baaf503e68' -> (Import Result ID: '8ab2a38f567647b303451401aa89152e') in 0.002 seconds [static and dynamic dependencies]. Details - ImportResultOutputID=d9487a78e5b13878abd9185d3fa4fe7c DependenciesID=512dbfde1c22f4e05a42534efc634306 StaticDependenciesID=f592f460dde4a2dbe75dd01477a8247a 
Asset Pipeline Refresh (id=5d8549c36e54e4acca1e463c003f5d2c): Total: 0.024 seconds - Initiated by StopAssetImportingV2(NoUpdateAssetOptions)
Importing 'GUID: 66fd0fe5d9fa5aefb566774e48849f77 - Path: Assets/Resources/ReturnV2/TiqueV9/dash-ghost/11.png' with importer (TextureImporter)
Imported 'GUID: 66fd0fe5d9fa5aefb566774e48849f77' -> (Import Result ID: '744a3ef12720316d6c636a7f4c554977') in 0.003 seconds [static and dynamic dependencies]. Details - ImportResultOutputID=65aed37b5a81058df4ab0c7fb7b0c5e6 DependenciesID=8bdb63ce8e35b61bea70583d62ba2eae StaticDependenciesID=11dd4259bc1f5d51b29862e3ea904a9d 
Asset Pipeline Refresh (id=e721c08f833664ff8b7b69dbec6cf89d): Total: 0.024 seconds - Initiated by StopAssetImportingV2(NoUpdateAssetOptions)
Importing 'GUID: 4821bdfb89c55d1f83b3911d0fe64d82 - Path: Assets/Resources/ReturnV2/TiqueV9/hurt-pose/00.png' with importer (TextureImporter)
Imported 'GUID: 4821bdfb89c55d1f83b3911d0fe64d82' -> (Import Result ID: 'e1172fefd5b0e3a00576c46a43284a21') in 0.002 seconds [static and dynamic dependencies]. Details - ImportResultOutputID=d989f156d9ddcf28557868f278844132 DependenciesID=4f77b0eb147d80fb5f6edd9ec23f419f StaticDependenciesID=58c916ed4bf1d0e13da6445260946897 
Asset Pipeline Refresh (id=e0882a98fad724a91b2c822e0170e6a7): Total: 0.023 seconds - Initiated by StopAssetImportingV2(NoUpdateAssetOptions)
Importing 'GUID: bd48a63098d25777bc90372c34afad9a - Path: Assets/Resources/ReturnV2/TiqueV9/hurt-pose/01.png' with importer (TextureImporter)
Imported 'GUID: bd48a63098d25777bc90372c34afad9a' -> (Import Result ID: '6fa856d90bec3c11a6537898d363b50b') in 0.002 seconds [static and dynamic dependencies]. Details - ImportResultOutputID=6c7598f0d11229253d621fcda35e7470 DependenciesID=6589bf1bc8e05783a3eea6638e982bb9 StaticDependenciesID=04103884c5f806d0c57960f8e3dd098d 
Asset Pipeline Refresh (id=ed316c4651f7c4028b8a01b6301b8381): Total: 0.024 seconds - Initiated by StopAssetImportingV2(NoUpdateAssetOptions)
Importing 'GUID: 4f68d98a6ac75f2188bf293aa268e40a - Path: Assets/Resources/ReturnV2/TiqueV9/hurt-pose/02.png' with importer (TextureImporter)
Imported 'GUID: 4f68d98a6ac75f2188bf293aa268e40a' -> (Import Result ID: 'd7251760f91189862a4c25a50a404586') in 0.002 seconds [static and dynamic dependencies]. Details - ImportResultOutputID=5233382ad68fc4122bd1d20f6ccdc87c DependenciesID=ffa9301493dd6748286c9b4de5569d7b StaticDependenciesID=7ce5815833c78a31f72f0ada7f41f37e 
Asset Pipeline Refresh (id=509f7656e186f49e095f37df20d96f38): Total: 0.023 seconds - Initiated by StopAssetImportingV2(NoUpdateAssetOptions)
Importing 'GUID: 970fc324128252e4985dc5bec651eb06 - Path: Assets/Resources/ReturnV2/TiqueV9/push-brace-down/00.png' with importer (TextureImporter)
Imported 'GUID: 970fc324128252e4985dc5bec651eb06' -> (Import Result ID: '192df523386c55021dc008f55ddc7a1d') in 0.002 seconds [static and dynamic dependencies]. Details - ImportResultOutputID=0254724bdfc0fe8bc96912bd166e6741 DependenciesID=9508376dd29a69c6ae5e195555860f0c StaticDependenciesID=7b5f2546b966430f5262ddd8ac81909c 
Asset Pipeline Refresh (id=96cb3436794304f95838771645bf8506): Total: 0.023 seconds - Initiated by StopAssetImportingV2(NoUpdateAssetOptions)
Importing 'GUID: 92a6de9f8c155cd1b2032368f275b2c9 - Path: Assets/Resources/ReturnV2/TiqueV9/push-brace-side/00.png' with importer (TextureImporter)
Imported 'GUID: 92a6de9f8c155cd1b2032368f275b2c9' -> (Import Result ID: 'b48f466a8b1ae7e9545af095317d93fc') in 0.002 seconds [static and dynamic dependencies]. Details - ImportResultOutputID=7244db8baa58c7faf12ab68d61b9f9c1 DependenciesID=f0a20dc11c3d277732592091820120c7 StaticDependenciesID=332b9f637a131ec71f38ae15185f00ec 
Asset Pipeline Refresh (id=21ad93af4bd8d4a1d939c4d62276fa17): Total: 0.024 seconds - Initiated by StopAssetImportingV2(NoUpdateAssetOptions)
Importing 'GUID: a7ba2122b1525d50a202ea9e27aefd76 - Path: Assets/Resources/ReturnV2/TiqueV9/push-brace-up/00.png' with importer (TextureImporter)
Imported 'GUID: a7ba2122b1525d50a202ea9e27aefd76' -> (Import Result ID: '71f51b483b7dd8b5808a610b0e1e7957') in 0.002 seconds [static and dynamic dependencies]. Details - ImportResultOutputID=287d96c6343d21180edff14e40610559 DependenciesID=f0f004647b731c413f7ea52d4b8e5788 StaticDependenciesID=a86c516acf05f07dc79ecc648d5b7ab8 
Asset Pipeline Refresh (id=888f72748f1df465793870690336bdc6): Total: 0.024 seconds - Initiated by StopAssetImportingV2(NoUpdateAssetOptions)
Importing 'GUID: 050a8e15bffe5301943c7b929d904109 - Path: Assets/Resources/ReturnV2/TiqueV9/push-down/00.png' with importer (TextureImporter)
Imported 'GUID: 050a8e15bffe5301943c7b929d904109' -> (Import Result ID: '5762b6f5bef0a3c4f4d95bb174a84c23') in 0.002 seconds [static and dynamic dependencies]. Details - ImportResultOutputID=4d890076217c04479fc8b5ebf5d9ce90 DependenciesID=ba5a087c0f6b104dfaa1303ffd564df5 StaticDependenciesID=cfaea312ac8dd2fee48db7c258bb395c 
Asset Pipeline Refresh (id=6bfb1e25ef8e64be2a209f163db50669): Total: 0.024 seconds - Initiated by StopAssetImportingV2(NoUpdateAssetOptions)
Importing 'GUID: 931f3172f9bb509784b99a4288677b8e - Path: Assets/Resources/ReturnV2/TiqueV9/push-down/01.png' with importer (TextureImporter)
Imported 'GUID: 931f3172f9bb509784b99a4288677b8e' -> (Import Result ID: 'd82e28579dc958996330b9bf691c9e58') in 0.002 seconds [static and dynamic dependencies]. Details - ImportResultOutputID=bc30bc252b9f4bc1e95c51c12b03b0f8 DependenciesID=03b6147ef65cab614e9e947046a86172 StaticDependenciesID=fddee80611a73ebb9d40c049ef087378 
Asset Pipeline Refresh (id=696791aecc69e435cbd0dfaa3f321f49): Total: 0.024 seconds - Initiated by StopAssetImportingV2(NoUpdateAssetOptions)
Importing 'GUID: 8dff30013ac0518f9ffebe4f66c7aa2a - Path: Assets/Resources/ReturnV2/TiqueV9/push-down/02.png' with importer (TextureImporter)
Imported 'GUID: 8dff30013ac0518f9ffebe4f66c7aa2a' -> (Import Result ID: '5472ec119ee27607878530752b6f9e4e') in 0.002 seconds [static and dynamic dependencies]. Details - ImportResultOutputID=37c3ddb02988fc0ad393a360e773c99c DependenciesID=1b08eadbf32dbe1491aea0b03f68b27e StaticDependenciesID=365c73de75a7b60bdef6a09fd65b32ce 
Asset Pipeline Refresh (id=2c7655307200f4ae2bc643bff2a61d9f): Total: 0.023 seconds - Initiated by StopAssetImportingV2(NoUpdateAssetOptions)
Importing 'GUID: 0563418a58e65033a8b958ce70be9046 - Path: Assets/Resources/ReturnV2/TiqueV9/push-down/03.png' with importer (TextureImporter)
Imported 'GUID: 0563418a58e65033a8b958ce70be9046' -> (Import Result ID: 'fe1851c19994ce3385ac41de91a7f220') in 0.002 seconds [static and dynamic dependencies]. Details - ImportResultOutputID=b47b88ad08a9f15201ba10fbffd3048a DependenciesID=2781eca10c90b8c3a9427e3723468bcb StaticDependenciesID=d4fe812d8843f68aef138fa961fbd4f6 
Asset Pipeline Refresh (id=b76e7b52acc8b4a359bc52148314c226): Total: 0.024 seconds - Initiated by StopAssetImportingV2(NoUpdateAssetOptions)
Importing 'GUID: 4ec0da3e911153cda4dd4ef1d0bca51b - Path: Assets/Resources/ReturnV2/TiqueV9/push-down/04.png' with importer (TextureImporter)
Imported 'GUID: 4ec0da3e911153cda4dd4ef1d0bca51b' -> (Import Result ID: '516e055f8debcfce7f920e0f8c644b9d') in 0.002 seconds [static and dynamic dependencies]. Details - ImportResultOutputID=6ac05f5cff24e9b122a425ffcd97bf4e DependenciesID=228ad494ee7ef16a45c37a25e719436a StaticDependenciesID=7bff086b899294924bbc81fc6d069dfd 
Asset Pipeline Refresh (id=4d11b0e1a8083460c9c78f6adf4c870c): Total: 0.024 seconds - Initiated by StopAssetImportingV2(NoUpdateAssetOptions)
Importing 'GUID: dff28429217b5195b439ae5c045cdb33 - Path: Assets/Resources/ReturnV2/TiqueV9/push-down/05.png' with importer (TextureImporter)
Imported 'GUID: dff28429217b5195b439ae5c045cdb33' -> (Import Result ID: 'b5dedce59655fa3ea13df71834935cfe') in 0.002 seconds [static and dynamic dependencies]. Details - ImportResultOutputID=f0a9db4ad92e47428a3d8b8376c99df0 DependenciesID=79e58baf5b10ea0253f8d01791902aa3 StaticDependenciesID=9ad432b8d9e5f127fd88907c80f13b67 
Asset Pipeline Refresh (id=a1eb86f4faa484e76936fb3e5e42abd4): Total: 0.024 seconds - Initiated by StopAssetImportingV2(NoUpdateAssetOptions)
Importing 'GUID: bddd4d611aa8535bbc7a833f650df35d - Path: Assets/Resources/ReturnV2/TiqueV9/push-down/06.png' with importer (TextureImporter)
Imported 'GUID: bddd4d611aa8535bbc7a833f650df35d' -> (Import Result ID: '511f6ebf7a91f1c487a803a551ddda4d') in 0.002 seconds [static and dynamic dependencies]. Details - ImportResultOutputID=26072a285a0c4898be102c163a243c18 DependenciesID=ff3657a189c326d93ba335fe92b3229d StaticDependenciesID=e4f2b447e1c785282e591d6a2c392983 
Asset Pipeline Refresh (id=41caf28e922104ca29e47b207ef955cb): Total: 0.023 seconds - Initiated by StopAssetImportingV2(NoUpdateAssetOptions)
Importing 'GUID: 25343cf691ac559e8384c7279a33bd40 - Path: Assets/Resources/ReturnV2/TiqueV9/push-down/07.png' with importer (TextureImporter)
Imported 'GUID: 25343cf691ac559e8384c7279a33bd40' -> (Import Result ID: '95b00716741d06c4c6934ea57ab6113c') in 0.002 seconds [static and dynamic dependencies]. Details - ImportResultOutputID=5131527c66d230a61b28bff5da50f94c DependenciesID=757c6549f28c621fbf504120a1e552ba StaticDependenciesID=71b5a5a18db31089949d01528a180d63 
Asset Pipeline Refresh (id=7877676089aa8439ea5c67b625541e8e): Total: 0.024 seconds - Initiated by StopAssetImportingV2(NoUpdateAssetOptions)
Importing 'GUID: 0b78cff1dd90541186271f00c6832673 - Path: Assets/Resources/ReturnV2/TiqueV9/push-down/08.png' with importer (TextureImporter)
Imported 'GUID: 0b78cff1dd90541186271f00c6832673' -> (Import Result ID: '3bd3d4aec9057520a7fb4e884b829c48') in 0.002 seconds [static and dynamic dependencies]. Details - ImportResultOutputID=c05be9cf2038dd9d23773157a238c2a7 DependenciesID=bb9557b0730777d5a1f21dc65be7d288 StaticDependenciesID=46fb47166c909eaa6f770a2b5cd3a5c1 
Asset Pipeline Refresh (id=31851c1e377f144459814c5a7cdf0566): Total: 0.024 seconds - Initiated by StopAssetImportingV2(NoUpdateAssetOptions)
Importing 'GUID: 82248377576e5a3a8b90aa67ae272c6c - Path: Assets/Resources/ReturnV2/TiqueV9/push-down/09.png' with importer (TextureImporter)
Imported 'GUID: 82248377576e5a3a8b90aa67ae272c6c' -> (Import Result ID: '009641960de3ada89470bbe5aee84e83') in 0.002 seconds [static and dynamic dependencies]. Details - ImportResultOutputID=76431edf202429a9db7a4063d1b0c0e0 DependenciesID=8837d04256e469714d2acdf415157a67 StaticDependenciesID=ed8b84148a2de59696c91c620bdd578b 
Asset Pipeline Refresh (id=c87e9c36df4344ab3966b0912e663790): Total: 0.024 seconds - Initiated by StopAssetImportingV2(NoUpdateAssetOptions)
Importing 'GUID: b1660f0063715c7ebed0db9e26ba0cc5 - Path: Assets/Resources/ReturnV2/TiqueV9/push-down/10.png' with importer (TextureImporter)
Imported 'GUID: b1660f0063715c7ebed0db9e26ba0cc5' -> (Import Result ID: '37bd7c9c3ce741d6b254f379dc2b52ac') in 0.002 seconds [static and dynamic dependencies]. Details - ImportResultOutputID=7adadc7d59c5ae59395329ae45bbc097 DependenciesID=de74752fecbbc022d9f3e0442a479c5e StaticDependenciesID=43ab0eb86c86335960bcde041f5cb43f 
Asset Pipeline Refresh (id=54fe757225b8c4a5981a6c495b5af8be): Total: 0.024 seconds - Initiated by StopAssetImportingV2(NoUpdateAssetOptions)
Importing 'GUID: b7254fc09e285c6f8dc4d367b25fedd8 - Path: Assets/Resources/ReturnV2/TiqueV9/push-down/11.png' with importer (TextureImporter)
Imported 'GUID: b7254fc09e285c6f8dc4d367b25fedd8' -> (Import Result ID: '92c03893e4b6d45235d1c2242a559fc5') in 0.002 seconds [static and dynamic dependencies]. Details - ImportResultOutputID=58b950901e85456feedfee93a3a0f4bc DependenciesID=38f7057b3e02c504052b9e6de3c5196b StaticDependenciesID=cd4fd516cf316c447f3df207ea94b5f8 
Asset Pipeline Refresh (id=72221095df6334fe1a416e0ae4ccb418): Total: 0.024 seconds - Initiated by StopAssetImportingV2(NoUpdateAssetOptions)
Importing 'GUID: a905d262e9ff534a9381bb29a5c1b05d - Path: Assets/Resources/ReturnV2/TiqueV9/push-down/12.png' with importer (TextureImporter)
Imported 'GUID: a905d262e9ff534a9381bb29a5c1b05d' -> (Import Result ID: 'adf0626d8fd21cd1e58bc9c26b13508b') in 0.003 seconds [static and dynamic dependencies]. Details - ImportResultOutputID=98a76ef4d94f42c2c79fa43e7deba544 DependenciesID=7d154b147c433ca71f83c8a8679230c7 StaticDependenciesID=c7d7b81aa7b329f55fdfcaa7eca7790f 
Asset Pipeline Refresh (id=89f7b2bf9aa7648b0916b55d44493391): Total: 0.024 seconds - Initiated by StopAssetImportingV2(NoUpdateAssetOptions)
Importing 'GUID: bd01977f0aaf567a86b1771996a21926 - Path: Assets/Resources/ReturnV2/TiqueV9/push-down/13.png' with importer (TextureImporter)
Imported 'GUID: bd01977f0aaf567a86b1771996a21926' -> (Import Result ID: '7e9d450b6bc020e70450094b659ae2a4') in 0.003 seconds [static and dynamic dependencies]. Details - ImportResultOutputID=17544ea52b7197098dc5f3c44345ef2c DependenciesID=c2b513ec12d52f79f6cc6d23189adef7 StaticDependenciesID=f7718dd28f155a16ffdc2d70d654967a 
Asset Pipeline Refresh (id=00a92e54e21424434aa4d7b65244a794): Total: 0.025 seconds - Initiated by StopAssetImportingV2(NoUpdateAssetOptions)
Importing 'GUID: ebdcc067330f5279b9a1fb324c1f8a07 - Path: Assets/Resources/ReturnV2/TiqueV9/push-side/00.png' with importer (TextureImporter)
Imported 'GUID: ebdcc067330f5279b9a1fb324c1f8a07' -> (Import Result ID: 'eb77f061b6d4c6712ac20d1a195dfd1e') in 0.002 seconds [static and dynamic dependencies]. Details - ImportResultOutputID=fd83bb318e342c97c30263e5ab129d7a DependenciesID=82919794d3708cd5b8cce7334aeecd5c StaticDependenciesID=e755a64e7c75db87cd06861ddaa56e33 
Asset Pipeline Refresh (id=3f47119ae60fd4bb190ce008408049c0): Total: 0.024 seconds - Initiated by StopAssetImportingV2(NoUpdateAssetOptions)
Importing 'GUID: 4f194db60c2750969f3be765d886b5ac - Path: Assets/Resources/ReturnV2/TiqueV9/push-side/01.png' with importer (TextureImporter)
Imported 'GUID: 4f194db60c2750969f3be765d886b5ac' -> (Import Result ID: '298efdcab77b75f77411655ac4b6a866') in 0.002 seconds [static and dynamic dependencies]. Details - ImportResultOutputID=127093c118d68a77723ccfb3c7480cc5 DependenciesID=e23dde2e40093df382768af3870e1141 StaticDependenciesID=98ac0b50e0a1f2ce20fec7b79ece8031 
Asset Pipeline Refresh (id=0d81f1ec4e9ce4fffacb06cedc16a057): Total: 0.024 seconds - Initiated by StopAssetImportingV2(NoUpdateAssetOptions)
Importing 'GUID: 6d1100881caa5d959ecae92e727ca177 - Path: Assets/Resources/ReturnV2/TiqueV9/push-side/02.png' with importer (TextureImporter)
Imported 'GUID: 6d1100881caa5d959ecae92e727ca177' -> (Import Result ID: '1b88c993d1d4ed929afc1244bb027939') in 0.002 seconds [static and dynamic dependencies]. Details - ImportResultOutputID=1ba8fab2cf5d92030fb62f60ee15943a DependenciesID=9a1be9ca71030e72ecb704e6f422c859 StaticDependenciesID=4410683a9069f4f77d76f05599f41782 
Asset Pipeline Refresh (id=4b5922498f94b4984bd714b97dfbb7f4): Total: 0.024 seconds - Initiated by StopAssetImportingV2(NoUpdateAssetOptions)
Importing 'GUID: 4a97b3b94d4e52e687df2ef770f6a86f - Path: Assets/Resources/ReturnV2/TiqueV9/push-side/03.png' with importer (TextureImporter)
Imported 'GUID: 4a97b3b94d4e52e687df2ef770f6a86f' -> (Import Result ID: '5fa389f0461d057cc53e58f1954f4cb8') in 0.002 seconds [static and dynamic dependencies]. Details - ImportResultOutputID=84c0703fc8035050adb608a07112bf61 DependenciesID=7ee5e01b4c1a51a49fbf37e95d25205a StaticDependenciesID=6993fc3cee545c371a920759a5386b1f 
Asset Pipeline Refresh (id=e93610dca380f403693a09131072507e): Total: 0.024 seconds - Initiated by StopAssetImportingV2(NoUpdateAssetOptions)
Importing 'GUID: ba1798ab88f15c1d8d03f17f1b677e6a - Path: Assets/Resources/ReturnV2/TiqueV9/push-side/04.png' with importer (TextureImporter)
Imported 'GUID: ba1798ab88f15c1d8d03f17f1b677e6a' -> (Import Result ID: '79cf4b7561b6816b87df7dbed2bb4687') in 0.002 seconds [static and dynamic dependencies]. Details - ImportResultOutputID=91404fa4941355f94afe3f303a22ac33 DependenciesID=85a8d2e960862b658bcdb08a869adc9a StaticDependenciesID=b74fa57cdd17c5aebf02712b9f11dcc3 
Asset Pipeline Refresh (id=64448669f34464ca1976c5ec06607dae): Total: 0.023 seconds - Initiated by StopAssetImportingV2(NoUpdateAssetOptions)
Importing 'GUID: 726c486aab3b5200b658d796788b0fd3 - Path: Assets/Resources/ReturnV2/TiqueV9/push-side/05.png' with importer (TextureImporter)
Imported 'GUID: 726c486aab3b5200b658d796788b0fd3' -> (Import Result ID: 'f5b8c65821c877c28cbfd69400a0c256') in 0.002 seconds [static and dynamic dependencies]. Details - ImportResultOutputID=fb0e85f24680a1d9e1c6be3f3510b4b0 DependenciesID=4f5ed8c03fd267fa58796bf26d6f0989 StaticDependenciesID=4512e28b78c972f57e9bd097bba2efc2 
Asset Pipeline Refresh (id=46e5d5fa9ff054cfbb3c4622c45fd921): Total: 0.025 seconds - Initiated by StopAssetImportingV2(NoUpdateAssetOptions)
Importing 'GUID: e2811eb46149559fba10435e60366ecf - Path: Assets/Resources/ReturnV2/TiqueV9/push-side/06.png' with importer (TextureImporter)
Imported 'GUID: e2811eb46149559fba10435e60366ecf' -> (Import Result ID: 'e17440b587191659241f47e514a6b83d') in 0.003 seconds [static and dynamic dependencies]. Details - ImportResultOutputID=9e9948835d8572d1a6570be1e5b907aa DependenciesID=539c473652ce420a8c07e89f103eb8ec StaticDependenciesID=2210a0b465ae07f00c6d09b031934837 
Asset Pipeline Refresh (id=62588bd464feb487a8833fd0d16f3c8f): Total: 0.024 seconds - Initiated by StopAssetImportingV2(NoUpdateAssetOptions)
Importing 'GUID: 1f4b3244feb65d17802c8651c7b48591 - Path: Assets/Resources/ReturnV2/TiqueV9/push-side/07.png' with importer (TextureImporter)
Imported 'GUID: 1f4b3244feb65d17802c8651c7b48591' -> (Import Result ID: 'f3c0301016d2bf244a2a2a015e662fb5') in 0.002 seconds [static and dynamic dependencies]. Details - ImportResultOutputID=e00876863de435e9b3b9581a7d258894 DependenciesID=e37f03103578ab5d5bc0266543d3b8f7 StaticDependenciesID=a8e42de6949f2e08ee163df177ad4288 
Asset Pipeline Refresh (id=bac395ff544bf41629bc3195c2f3a5b7): Total: 0.024 seconds - Initiated by StopAssetImportingV2(NoUpdateAssetOptions)
Importing 'GUID: d817afc9502f515ea18fcc6b733bde6c - Path: Assets/Resources/ReturnV2/TiqueV9/push-side/08.png' with importer (TextureImporter)
Imported 'GUID: d817afc9502f515ea18fcc6b733bde6c' -> (Import Result ID: '955b6994eec12c4aed870bf85d31e30e') in 0.002 seconds [static and dynamic dependencies]. Details - ImportResultOutputID=c9945ffb2200142a2793e6c2326d2d34 DependenciesID=afe93284d6b65c749a4376ffe92f95f0 StaticDependenciesID=6f83b3def7b1868e6d65cf9b03478868 
Asset Pipeline Refresh (id=5674075d69bca4759ab13e08ef98ff00): Total: 0.024 seconds - Initiated by StopAssetImportingV2(NoUpdateAssetOptions)
Importing 'GUID: 6127cb05b77d5a4193c8e4c70d516f11 - Path: Assets/Resources/ReturnV2/TiqueV9/push-side/09.png' with importer (TextureImporter)
Imported 'GUID: 6127cb05b77d5a4193c8e4c70d516f11' -> (Import Result ID: '00f6323d96152305c444aa9492b25bf0') in 0.002 seconds [static and dynamic dependencies]. Details - ImportResultOutputID=87af33bcbec9ed120c785fe0ddc87b76 DependenciesID=739869f90ff27b005f754340596f36f1 StaticDependenciesID=74307919bececdb93fd41d33af744094 
Asset Pipeline Refresh (id=e15e18644a0ae493b952348751d9f980): Total: 0.024 seconds - Initiated by StopAssetImportingV2(NoUpdateAssetOptions)
Importing 'GUID: ac6864191fc6563e894687b1c6cc388a - Path: Assets/Resources/ReturnV2/TiqueV9/push-side/10.png' with importer (TextureImporter)
Imported 'GUID: ac6864191fc6563e894687b1c6cc388a' -> (Import Result ID: '979491c620022505de2b83d6466c33ba') in 0.003 seconds [static and dynamic dependencies]. Details - ImportResultOutputID=553c21a9ed48d8416b5857dd00f06d71 DependenciesID=7c7fe64e57879988cf1f44701172f10c StaticDependenciesID=8c850748cbfa104fc605b8f8d93591d7 
Asset Pipeline Refresh (id=176a6ad896af44e21aae3b86263b595e): Total: 0.024 seconds - Initiated by StopAssetImportingV2(NoUpdateAssetOptions)
Importing 'GUID: 98dd822115c25fdd8220ae9e5061ea65 - Path: Assets/Resources/ReturnV2/TiqueV9/push-side/11.png' with importer (TextureImporter)
Imported 'GUID: 98dd822115c25fdd8220ae9e5061ea65' -> (Import Result ID: '5caf54f9fc42e010e7dea15ab2ee5106') in 0.003 seconds [static and dynamic dependencies]. Details - ImportResultOutputID=de436d9d73237ea73fa559f334c61af8 DependenciesID=aa4c526ba4caf50604305d09f5a5852a StaticDependenciesID=1adc42228d5f64de1c83f54ca12c08cc 
Asset Pipeline Refresh (id=fde7f79342ce840d7827cc7d64663c58): Total: 0.024 seconds - Initiated by StopAssetImportingV2(NoUpdateAssetOptions)
Importing 'GUID: af31e61007455280ad03e0f87788e43f - Path: Assets/Resources/ReturnV2/TiqueV9/push-side/12.png' with importer (TextureImporter)
Imported 'GUID: af31e61007455280ad03e0f87788e43f' -> (Import Result ID: 'e95aa8eed16d70b81e5b3c8df2e7d62e') in 0.002 seconds [static and dynamic dependencies]. Details - ImportResultOutputID=a2d038e0d3f3cf96b2f32a1f4a5cf7ff DependenciesID=4d866fdbb2a4f4e5504b0d4c9229c3d7 StaticDependenciesID=49d3ad2d7d7b8988d838a0b9997245b7 
Asset Pipeline Refresh (id=963e5459f29b0474db82672eb0d07ace): Total: 0.023 seconds - Initiated by StopAssetImportingV2(NoUpdateAssetOptions)
Importing 'GUID: d171a9a9147c5e49a0a89b384baaad32 - Path: Assets/Resources/ReturnV2/TiqueV9/push-side/13.png' with importer (TextureImporter)
Imported 'GUID: d171a9a9147c5e49a0a89b384baaad32' -> (Import Result ID: 'dcc9545f17ef3aad84af7b1672d9b9ae') in 0.002 seconds [static and dynamic dependencies]. Details - ImportResultOutputID=017434d3fb40cccdf05178b7c5972e73 DependenciesID=2b330899f42825b660de126f63159f35 StaticDependenciesID=33dfea2a383d5fd7769561bc6d2978e2 
Asset Pipeline Refresh (id=f50768e7174434f5c838524a373ada20): Total: 0.024 seconds - Initiated by StopAssetImportingV2(NoUpdateAssetOptions)
Importing 'GUID: a80ca1e23f8453a880297b3bddb1f1e2 - Path: Assets/Resources/ReturnV2/TiqueV9/push-up/00.png' with importer (TextureImporter)
Imported 'GUID: a80ca1e23f8453a880297b3bddb1f1e2' -> (Import Result ID: '767376964f27ac65dad8bc5125f463e5') in 0.003 seconds [static and dynamic dependencies]. Details - ImportResultOutputID=c1f3b94cc14d8a8b6d54f10cf850e349 DependenciesID=8323c5aa4de6c0298182a96329c740fc StaticDependenciesID=98026f07adfc6a7cd8670fdcb6c96527 
Asset Pipeline Refresh (id=474adc2eb7f3a45d2bfda00568816cdd): Total: 0.025 seconds - Initiated by StopAssetImportingV2(NoUpdateAssetOptions)
Importing 'GUID: c84693fdce3a5ecca9d9023a31d955df - Path: Assets/Resources/ReturnV2/TiqueV9/push-up/01.png' with importer (TextureImporter)
Imported 'GUID: c84693fdce3a5ecca9d9023a31d955df' -> (Import Result ID: '4c4ed2af5149030f7f4d51dba07f2acc') in 0.002 seconds [static and dynamic dependencies]. Details - ImportResultOutputID=963a2ada38c93a02e90dbb27bb7595d9 DependenciesID=ff1256775098d82699e705c3baee85d6 StaticDependenciesID=6b5e01ecd9970cff719dbcb99df103bc 
Asset Pipeline Refresh (id=3b58df321ed2b40f4822a08535dd1da3): Total: 0.024 seconds - Initiated by StopAssetImportingV2(NoUpdateAssetOptions)
Importing 'GUID: 39b2a0a418ca5a55ae4ba0836f47996d - Path: Assets/Resources/ReturnV2/TiqueV9/push-up/02.png' with importer (TextureImporter)
Imported 'GUID: 39b2a0a418ca5a55ae4ba0836f47996d' -> (Import Result ID: 'b2d643b5cc6e9e55c90906278b1e0072') in 0.002 seconds [static and dynamic dependencies]. Details - ImportResultOutputID=a4109170129326a1b7a8d5ee1cd2b653 DependenciesID=be201148d430bacbd08c1a3e70d0e2b4 StaticDependenciesID=a51c07bf527cd255d440f920852800ea 
Asset Pipeline Refresh (id=4641f61ba2a2147c0a1578f9770486ed): Total: 0.024 seconds - Initiated by StopAssetImportingV2(NoUpdateAssetOptions)
Importing 'GUID: e423e30db3485af1ac5e24cd18c01750 - Path: Assets/Resources/ReturnV2/TiqueV9/push-up/03.png' with importer (TextureImporter)
Imported 'GUID: e423e30db3485af1ac5e24cd18c01750' -> (Import Result ID: '45c4058a2f11ff84aeec00f39bbd1d84') in 0.002 seconds [static and dynamic dependencies]. Details - ImportResultOutputID=20510089d2f06ac25e1bf4ae19dbff4f DependenciesID=d395abfd346d6a57e22fbc87232c9ac1 StaticDependenciesID=195cd2a684adaaa7878a151c38efdad0 
Asset Pipeline Refresh (id=997b76550cad74dbaa75843dd787d213): Total: 0.024 seconds - Initiated by StopAssetImportingV2(NoUpdateAssetOptions)
Importing 'GUID: 2f91a6407d855328b0d5799acb1722e1 - Path: Assets/Resources/ReturnV2/TiqueV9/push-up/04.png' with importer (TextureImporter)
Imported 'GUID: 2f91a6407d855328b0d5799acb1722e1' -> (Import Result ID: '67416ae3ef85bae792f163fba9844551') in 0.002 seconds [static and dynamic dependencies]. Details - ImportResultOutputID=3ac2a149afbe835e2b8f1a2303a65cec DependenciesID=7bfddc8f1027fcca5f17b4be50b9e537 StaticDependenciesID=e9c5918d03ff511b9bfaa8ac942ddba3 
Asset Pipeline Refresh (id=7e30b30206162499d93b7eb337203d70): Total: 0.024 seconds - Initiated by StopAssetImportingV2(NoUpdateAssetOptions)
Importing 'GUID: ff3bb58adec45480957f177e53ab94a9 - Path: Assets/Resources/ReturnV2/TiqueV9/push-up/05.png' with importer (TextureImporter)
Imported 'GUID: ff3bb58adec45480957f177e53ab94a9' -> (Import Result ID: '6e163fc01ddb7999294e3dce3b62f3c8') in 0.002 seconds [static and dynamic dependencies]. Details - ImportResultOutputID=592dae594999cdf580095140fd2039f2 DependenciesID=9b5bf72f39ea120a3dcd5679fd155294 StaticDependenciesID=f0014cdc4328c1bba30c3bac1b8d2b96 
Asset Pipeline Refresh (id=c82d4026fda484dbebf55d11159772eb): Total: 0.024 seconds - Initiated by StopAssetImportingV2(NoUpdateAssetOptions)
Importing 'GUID: 52e766ad72a0559ba92603dba1882794 - Path: Assets/Resources/ReturnV2/TiqueV9/push-up/06.png' with importer (TextureImporter)
Imported 'GUID: 52e766ad72a0559ba92603dba1882794' -> (Import Result ID: 'ed64ec83df4ab74554f26b04be3c2208') in 0.002 seconds [static and dynamic dependencies]. Details - ImportResultOutputID=3ba97b95179c9018029a6057351a4040 DependenciesID=39a8b01f1b9a6c802caeb19125a83d90 StaticDependenciesID=708f98f54d0a020cddb60fcda2e06471 
Asset Pipeline Refresh (id=2eff86eaa894d40969bd7a0d2a887fb0): Total: 0.024 seconds - Initiated by StopAssetImportingV2(NoUpdateAssetOptions)
Importing 'GUID: 69b063e6bc005d648ff8b2218a52c73f - Path: Assets/Resources/ReturnV2/TiqueV9/push-up/07.png' with importer (TextureImporter)
Imported 'GUID: 69b063e6bc005d648ff8b2218a52c73f' -> (Import Result ID: '783bf3ab737f68fe0155154c120ca6b9') in 0.002 seconds [static and dynamic dependencies]. Details - ImportResultOutputID=2235795b8ef9ff8321c86f0c9f4c9151 DependenciesID=851b7773e4a17d9fdfbf7ed5fdede469 StaticDependenciesID=43b047a622da706acfab394305710d78 
Asset Pipeline Refresh (id=d679320c9ff0f461d859bd4f28ad845b): Total: 0.024 seconds - Initiated by StopAssetImportingV2(NoUpdateAssetOptions)
Importing 'GUID: 9d68a52c203853de953ff86ddce4fcd1 - Path: Assets/Resources/ReturnV2/TiqueV9/push-up/08.png' with importer (TextureImporter)
Imported 'GUID: 9d68a52c203853de953ff86ddce4fcd1' -> (Import Result ID: 'eab010128eb5713d53917bd828c434b6') in 0.002 seconds [static and dynamic dependencies]. Details - ImportResultOutputID=9f69f43ace2ca30a05acad4720764e57 DependenciesID=b9e2bf71ad2be0c9907e97cf34ad9143 StaticDependenciesID=210f8f8cf90a5094f91209a4dfc89ae3 
Asset Pipeline Refresh (id=8b798299756f3430cb8a5dd5229c4d49): Total: 0.023 seconds - Initiated by StopAssetImportingV2(NoUpdateAssetOptions)
Importing 'GUID: 59b8ef2136a05bd2888f40ad1740dd0b - Path: Assets/Resources/ReturnV2/TiqueV9/push-up/09.png' with importer (TextureImporter)
Imported 'GUID: 59b8ef2136a05bd2888f40ad1740dd0b' -> (Import Result ID: 'ef8daa114631eaef03636ea6ad24f3c6') in 0.002 seconds [static and dynamic dependencies]. Details - ImportResultOutputID=47f25bfe24fa5c5012347a735c9da35c DependenciesID=0080a32e5961d397b1b9dd88edd67fc8 StaticDependenciesID=bb3185571aef6631f94bc0a74209961b 
Asset Pipeline Refresh (id=7eb5fc100577b4ae6937ecdc2758e7dc): Total: 0.023 seconds - Initiated by StopAssetImportingV2(NoUpdateAssetOptions)
Importing 'GUID: a1e10a404c585f8b913a5d016c91234b - Path: Assets/Resources/ReturnV2/TiqueV9/push-up/10.png' with importer (TextureImporter)
Imported 'GUID: a1e10a404c585f8b913a5d016c91234b' -> (Import Result ID: 'a81e651ec44155eb3bde4606548c0de3') in 0.002 seconds [static and dynamic dependencies]. Details - ImportResultOutputID=9c2b57383a2ca0d2222f5b0a882d553d DependenciesID=c38e04f0f142953ea9f54e9b9e65b34e StaticDependenciesID=34349583b9e885e4f2f7ac3badb015e6 
Asset Pipeline Refresh (id=5c45fbfd127844032b9c0bfa2e7609ae): Total: 0.024 seconds - Initiated by StopAssetImportingV2(NoUpdateAssetOptions)
Importing 'GUID: a557a406dc275d0bb46a19056abc1ebe - Path: Assets/Resources/ReturnV2/TiqueV9/push-up/11.png' with importer (TextureImporter)
Imported 'GUID: a557a406dc275d0bb46a19056abc1ebe' -> (Import Result ID: '5a8132972b390f864dd49bd764ad2015') in 0.002 seconds [static and dynamic dependencies]. Details - ImportResultOutputID=5067ed42718e2e276fe4a559d770f744 DependenciesID=e3f4b6d23f621dc8a06e4e399815bfbe StaticDependenciesID=ba3752e15def8795c9eccecb1d57f3ca 
Asset Pipeline Refresh (id=dcf3ac9edf9a34dc98d67a8bbf74f90a): Total: 0.024 seconds - Initiated by StopAssetImportingV2(NoUpdateAssetOptions)
Importing 'GUID: 26d694c713be502ba321bc49fd1c82bc - Path: Assets/Resources/ReturnV2/TiqueV9/push-up/12.png' with importer (TextureImporter)
Imported 'GUID: 26d694c713be502ba321bc49fd1c82bc' -> (Import Result ID: 'ab5528916793b448b12243550a633a72') in 0.002 seconds [static and dynamic dependencies]. Details - ImportResultOutputID=cf4121fb011e8639a72c6ecb674e4507 DependenciesID=814ddca1dd40ce97c1cb45dd4bf4d34a StaticDependenciesID=1951aab00b3e65883fc805641c2f5a7b 
Asset Pipeline Refresh (id=aae99139c074846ff901a09d18c1d5fc): Total: 0.024 seconds - Initiated by StopAssetImportingV2(NoUpdateAssetOptions)
Importing 'GUID: f7ec31fd650f59a6880f786f430a85ae - Path: Assets/Resources/ReturnV2/TiqueV9/push-up/13.png' with importer (TextureImporter)
Imported 'GUID: f7ec31fd650f59a6880f786f430a85ae' -> (Import Result ID: '2611335cd9f6df816cf2b0b7f9105f92') in 0.002 seconds [static and dynamic dependencies]. Details - ImportResultOutputID=4704a1cdfa784cfb02bdcdfb94648aec DependenciesID=019fa948c2f207bfaf115ea5657c5199 StaticDependenciesID=3f7f9308d371fdec457dcbdd1553e851 
Asset Pipeline Refresh (id=2ba2af641571c4703b2cbe74af385d26): Total: 0.025 seconds - Initiated by StopAssetImportingV2(NoUpdateAssetOptions)
Importing 'GUID: 0b887cb2853a5f5dbea7b6b772504d70 - Path: Assets/Resources/ReturnV2/UiV2/button/00.png' with importer (TextureImporter)
Imported 'GUID: 0b887cb2853a5f5dbea7b6b772504d70' -> (Import Result ID: 'b98103004618f608a8c08ad03ff358bf') in 0.002 seconds [static and dynamic dependencies]. Details - ImportResultOutputID=18cbe3535f88a5a418b11c57052549ba DependenciesID=d2d8f8abb24b12ca632e9d346622bd93 StaticDependenciesID=442d52b7ef3371ae074a6999db937fe5 
Asset Pipeline Refresh (id=f57e5627d2af74358ab2e16d1ac9ec6d): Total: 0.024 seconds - Initiated by StopAssetImportingV2(NoUpdateAssetOptions)
Importing 'GUID: 73a0ebf68b62554bb58783f69af78014 - Path: Assets/Resources/ReturnV2/UiV2/button-disabled/00.png' with importer (TextureImporter)
Imported 'GUID: 73a0ebf68b62554bb58783f69af78014' -> (Import Result ID: '61785c7623059f036a854bc88613fbb4') in 0.002 seconds [static and dynamic dependencies]. Details - ImportResultOutputID=490322af5288e3c15378f0bb60ce280c DependenciesID=0112ab6b5156754ef8b86130021679a3 StaticDependenciesID=aa9e31b360ff5a8f6b088aae0f7b124d 
Asset Pipeline Refresh (id=5085cfe79b5734ef3a35dce7f8ed367b): Total: 0.025 seconds - Initiated by StopAssetImportingV2(NoUpdateAssetOptions)
Importing 'GUID: 4be337de8b4b58519e65e954e8ba3357 - Path: Assets/Resources/ReturnV2/UiV2/button-pressed/00.png' with importer (TextureImporter)
Imported 'GUID: 4be337de8b4b58519e65e954e8ba3357' -> (Import Result ID: '2f420809d015edab8ff567a4043287dd') in 0.002 seconds [static and dynamic dependencies]. Details - ImportResultOutputID=014958bd7ac30b2559c47a74ced5e489 DependenciesID=959bc95fc33bd36890bff09187edc868 StaticDependenciesID=277b67e985779185907089d8f719b248 
Asset Pipeline Refresh (id=1de060ac504aa4e0b9e28fa07655ec69): Total: 0.023 seconds - Initiated by StopAssetImportingV2(NoUpdateAssetOptions)
Importing 'GUID: 0d26ff94290c54c3a961c0a961f8cf54 - Path: Assets/Resources/ReturnV2/UiV2/button-selected/00.png' with importer (TextureImporter)
Imported 'GUID: 0d26ff94290c54c3a961c0a961f8cf54' -> (Import Result ID: 'fc43cf9e10f20173ea7121ceeca908f6') in 0.003 seconds [static and dynamic dependencies]. Details - ImportResultOutputID=e6f7c483fae77a9e8781cf2d82ad227a DependenciesID=9072843989c35bd40c5a54ebf7e5c6ec StaticDependenciesID=ff8e3b015ac65c2a6a0494005b5ea6a9 
Asset Pipeline Refresh (id=e16cfe9698b4248eeaa8a30ebb09349c): Total: 0.025 seconds - Initiated by StopAssetImportingV2(NoUpdateAssetOptions)
Importing 'GUID: 5adf503de7b2563ba28334b9ee9949df - Path: Assets/Resources/ReturnV2/UiV2/panel/00.png' with importer (TextureImporter)
Imported 'GUID: 5adf503de7b2563ba28334b9ee9949df' -> (Import Result ID: '7407a0adfa59266bedb90dc89ead3552') in 0.003 seconds [static and dynamic dependencies]. Details - ImportResultOutputID=0c34d6cdc84a43ae838793a29dff023c DependenciesID=ac303b53d84b377b4de9c09bfc550f93 StaticDependenciesID=63cceeeee03e721cfdbc5ec62817d29e 
Asset Pipeline Refresh (id=cff052437b24b485194f14afce8cb893): Total: 0.025 seconds - Initiated by StopAssetImportingV2(NoUpdateAssetOptions)
Importing 'GUID: f201d3fede2a13e48a7e569ce0514084 - Path: Assets/Resources/ReturnV2/WardenAuthored/attack/00.png' with importer (TextureImporter)
Imported 'GUID: f201d3fede2a13e48a7e569ce0514084' -> (Import Result ID: 'f4fd11ac9cdcf4a8cd915ca1b17d8fe7') in 0.004 seconds [static and dynamic dependencies]. Details - ImportResultOutputID=a6d8e1da73745478d01871ed1cfb40bb DependenciesID=25658c26c7110034fef26d0a02d24f38 StaticDependenciesID=07657132f804ecd9796c14acbdc415a0 
Asset Pipeline Refresh (id=1a920a6a3454347d789ae7c90924a608): Total: 0.026 seconds - Initiated by StopAssetImportingV2(NoUpdateAssetOptions)
Importing 'GUID: 65be4b7b25286da489d9506231695f9a - Path: Assets/Resources/ReturnV2/WardenAuthored/attack/01.png' with importer (TextureImporter)
Imported 'GUID: 65be4b7b25286da489d9506231695f9a' -> (Import Result ID: 'c2d76e464d30a033018914af3fd70d56') in 0.004 seconds [static and dynamic dependencies]. Details - ImportResultOutputID=872eff6f9b8e5e49ade15f6503e0f07f DependenciesID=178eac4ccc6b72d71616a34ff6900167 StaticDependenciesID=02499f2dd40880d183c3e787aed97317 
Asset Pipeline Refresh (id=0facfb6d5f5d047528828e749e5bc3dc): Total: 0.025 seconds - Initiated by StopAssetImportingV2(NoUpdateAssetOptions)
Importing 'GUID: 12d691f6fb951ea40ae911e5a83dced3 - Path: Assets/Resources/ReturnV2/WardenAuthored/attack/02.png' with importer (TextureImporter)
Imported 'GUID: 12d691f6fb951ea40ae911e5a83dced3' -> (Import Result ID: 'dcb26e493dcf4a3baa2807e13baf2e4d') in 0.004 seconds [static and dynamic dependencies]. Details - ImportResultOutputID=fde098f2d41c759df52116139a8045b2 DependenciesID=39f6e8c90a39276dd98b6b731c556af9 StaticDependenciesID=9b1fa3b04c0bbceceffac7827fe3c9e4 
Asset Pipeline Refresh (id=1906725cb07bb40668864487ec8f8f35): Total: 0.026 seconds - Initiated by StopAssetImportingV2(NoUpdateAssetOptions)
Importing 'GUID: 96a67654cd5ed5c4ab059315abaddaaf - Path: Assets/Resources/ReturnV2/WardenAuthored/attack/03.png' with importer (TextureImporter)
Imported 'GUID: 96a67654cd5ed5c4ab059315abaddaaf' -> (Import Result ID: 'fd90b9212e27e2d3a1afc85b61d9db18') in 0.004 seconds [static and dynamic dependencies]. Details - ImportResultOutputID=9ac997394566003e7060cd51be456646 DependenciesID=69ea9b9100c8150186d61064b6c92ec4 StaticDependenciesID=abc6b66b34e4e75271a52e1e60bb67ca 
Asset Pipeline Refresh (id=7a2e79e15bbe04b71b96e939b89820d1): Total: 0.025 seconds - Initiated by StopAssetImportingV2(NoUpdateAssetOptions)
Importing 'GUID: c57f612d11e3042438893b3ac10b5959 - Path: Assets/Resources/ReturnV2/WardenAuthored/attack/04.png' with importer (TextureImporter)
Imported 'GUID: c57f612d11e3042438893b3ac10b5959' -> (Import Result ID: 'f51a5d7dee21f1ddabe6505d448a1786') in 0.004 seconds [static and dynamic dependencies]. Details - ImportResultOutputID=6de1c6c6c10e4dfffe3ebbad2425ffd2 DependenciesID=348b8aaaa09a2699b17e73a68d736f67 StaticDependenciesID=0db81c3e712ef43be6db3ddb4aaf37aa 
Asset Pipeline Refresh (id=0044b2cd371f54af6836b23011113b35): Total: 0.026 seconds - Initiated by StopAssetImportingV2(NoUpdateAssetOptions)
Importing 'GUID: 7bfdb7d9ed2d2004bb168104a47830e5 - Path: Assets/Resources/ReturnV2/WardenAuthored/attack/05.png' with importer (TextureImporter)
Imported 'GUID: 7bfdb7d9ed2d2004bb168104a47830e5' -> (Import Result ID: 'b6e4edc968699f7cd2b2853b93bceb7e') in 0.004 seconds [static and dynamic dependencies]. Details - ImportResultOutputID=5fb1e01d0b42ab0d0b4d83f9a5bb08dc DependenciesID=45842f7a612ee38490c96dca68f4aaf0 StaticDependenciesID=fcc9cf7418fd94ccb436e70a3e748cd0 
Asset Pipeline Refresh (id=66e32a6c7623f43e787be4374736a0aa): Total: 0.026 seconds - Initiated by StopAssetImportingV2(NoUpdateAssetOptions)
Importing 'GUID: 6396445bc287b0c4e9ff4d2ea3123331 - Path: Assets/Resources/ReturnV2/WardenAuthored/attack/06.png' with importer (TextureImporter)
Imported 'GUID: 6396445bc287b0c4e9ff4d2ea3123331' -> (Import Result ID: '7897bdfead1a3a3fda90e15ee655b6af') in 0.004 seconds [static and dynamic dependencies]. Details - ImportResultOutputID=d1715d824a0faad670cdd381c6223996 DependenciesID=fc48af509754964e164ef40225be0565 StaticDependenciesID=b88617a69e07cb3a5a98c26babc8f783 
Asset Pipeline Refresh (id=54b8a0785256a482f96bff287fb03891): Total: 0.025 seconds - Initiated by StopAssetImportingV2(NoUpdateAssetOptions)
Importing 'GUID: 0fd0337d6e98fe941abc7a2475510471 - Path: Assets/Resources/ReturnV2/WardenAuthored/attack/07.png' with importer (TextureImporter)
Imported 'GUID: 0fd0337d6e98fe941abc7a2475510471' -> (Import Result ID: 'a0e593bd97ad091e0195f240b6e65b4e') in 0.004 seconds [static and dynamic dependencies]. Details - ImportResultOutputID=fd5e389126f73da4ad15ec4b8d06b621 DependenciesID=94b081c78d666311900f983d156964bb StaticDependenciesID=c0beb6905b71f80c690eba6c4fdfb69a 
Asset Pipeline Refresh (id=92245a64cba4b4314ac4f58da5658ce0): Total: 0.026 seconds - Initiated by StopAssetImportingV2(NoUpdateAssetOptions)
Importing 'GUID: a38e3017d66e1a54aa8555a0a2cce302 - Path: Assets/Resources/ReturnV2/WardenAuthored/attack/08.png' with importer (TextureImporter)
Imported 'GUID: a38e3017d66e1a54aa8555a0a2cce302' -> (Import Result ID: '34c08e753191cd87dd265c22e9ffb82a') in 0.004 seconds [static and dynamic dependencies]. Details - ImportResultOutputID=9ec2a7483cb78dcf27d24418902dac5b DependenciesID=56f4021c86104a0410238821d73b2193 StaticDependenciesID=5218cf85e7b952135572fed2cdf2fc27 
Asset Pipeline Refresh (id=b2c11a399a93943a2b474693b1dd252b): Total: 0.026 seconds - Initiated by StopAssetImportingV2(NoUpdateAssetOptions)
Importing 'GUID: 551289504d8bf0d44a25c955793ebe07 - Path: Assets/Resources/ReturnV2/WardenAuthored/attack/09.png' with importer (TextureImporter)
Imported 'GUID: 551289504d8bf0d44a25c955793ebe07' -> (Import Result ID: 'bab0481d590cdd58cda2bcfefd39fdee') in 0.004 seconds [static and dynamic dependencies]. Details - ImportResultOutputID=e3699dda6cafc5eeb095f20c0ce79f21 DependenciesID=92e26b1f1b14a6972d3cc65d68b11fcc StaticDependenciesID=f534476da54bff5b5ff54f2dd4c5de7f 
Asset Pipeline Refresh (id=5f670b44b6b7644748552ca74e377bd3): Total: 0.025 seconds - Initiated by StopAssetImportingV2(NoUpdateAssetOptions)
Importing 'GUID: ae82ac2d86e91ad4d9993a97c6757021 - Path: Assets/Resources/ReturnV2/WardenAuthored/attack/10.png' with importer (TextureImporter)
Imported 'GUID: ae82ac2d86e91ad4d9993a97c6757021' -> (Import Result ID: 'e6ea212e46273731e7d85c84799d737e') in 0.004 seconds [static and dynamic dependencies]. Details - ImportResultOutputID=9ae7d6ac689cce2b3380fc7c06899943 DependenciesID=84ac81e7e1081c775188aaa7f5f581a0 StaticDependenciesID=3afd1e1f8b7c47c93ea820df2e713d11 
Asset Pipeline Refresh (id=cbc04189708dc497ca2f9a459def35f7): Total: 0.026 seconds - Initiated by StopAssetImportingV2(NoUpdateAssetOptions)
Importing 'GUID: e8b99b5bb0a07b0499a59c36464df0cf - Path: Assets/Resources/ReturnV2/WardenAuthored/attack/11.png' with importer (TextureImporter)
Imported 'GUID: e8b99b5bb0a07b0499a59c36464df0cf' -> (Import Result ID: 'e336fb1a5b301a00026c2780a46eeb0d') in 0.004 seconds [static and dynamic dependencies]. Details - ImportResultOutputID=1fca3a5bff2ca55caa41dbbae3793e3c DependenciesID=d1d74b400e8c048c90efda11152a5e14 StaticDependenciesID=f6de01db1096a6f424568fdf98807fba 
Asset Pipeline Refresh (id=a4d70b434cbb048559127219575a90ec): Total: 0.025 seconds - Initiated by StopAssetImportingV2(NoUpdateAssetOptions)
Importing 'GUID: 2f1e2692eb04a8749b0c4cac18fc6d80 - Path: Assets/Resources/ReturnV2/WardenAuthored/charge/00.png' with importer (TextureImporter)
Imported 'GUID: 2f1e2692eb04a8749b0c4cac18fc6d80' -> (Import Result ID: 'e363cb5854ae2cfbd24c38eb8efeebca') in 0.004 seconds [static and dynamic dependencies]. Details - ImportResultOutputID=348c82a2f0969d63121f74d1d0ec1021 DependenciesID=8831f137389f59949d0f949cf606b79d StaticDependenciesID=4834d2280e156ae30868e7b81e7c7f9e 
Asset Pipeline Refresh (id=7f506079cf0394ed384e9230039e86af): Total: 0.025 seconds - Initiated by StopAssetImportingV2(NoUpdateAssetOptions)
Importing 'GUID: acb7cf32dda8f764d9cbc5276d0d1a63 - Path: Assets/Resources/ReturnV2/WardenAuthored/charge/01.png' with importer (TextureImporter)
Imported 'GUID: acb7cf32dda8f764d9cbc5276d0d1a63' -> (Import Result ID: '5589aa78e4e2c1ff48c6a903d2de25a9') in 0.004 seconds [static and dynamic dependencies]. Details - ImportResultOutputID=66e5faca1bb4bdd509d9f2c27e4f100a DependenciesID=1c921fc64d0addda9cc5ba1223d2ab82 StaticDependenciesID=eb7d679207a8b7455a4ae0d0668ce8a2 
Asset Pipeline Refresh (id=61f5c597163d842f7b6c88b1ae3f1469): Total: 0.025 seconds - Initiated by StopAssetImportingV2(NoUpdateAssetOptions)
Importing 'GUID: 15695970188afe147af2632e7c093f53 - Path: Assets/Resources/ReturnV2/WardenAuthored/charge/02.png' with importer (TextureImporter)
Imported 'GUID: 15695970188afe147af2632e7c093f53' -> (Import Result ID: '3a58848975476c8761ff6ee65a6bcafd') in 0.004 seconds [static and dynamic dependencies]. Details - ImportResultOutputID=f3310d99a5c96607deb9648a1c9d3f92 DependenciesID=60f9a78eb0d3ed826d1c5ef36817c5af StaticDependenciesID=1f7407704a9a834696e180cba38aa67c 
Asset Pipeline Refresh (id=f49b85769ef094b3fb7f398c41af2c7c): Total: 0.026 seconds - Initiated by StopAssetImportingV2(NoUpdateAssetOptions)
Importing 'GUID: b71e5655afb2d5b4b87a7f893f41b96a - Path: Assets/Resources/ReturnV2/WardenAuthored/charge/03.png' with importer (TextureImporter)
Imported 'GUID: b71e5655afb2d5b4b87a7f893f41b96a' -> (Import Result ID: '3bfb6db2ce991c2e871bfd3340e43bb0') in 0.004 seconds [static and dynamic dependencies]. Details - ImportResultOutputID=6f9ecda552c41eaebe6f189c731932a3 DependenciesID=2afeffaad1d8bd5e0304e31e561c23cf StaticDependenciesID=06df7f9cf9ba875cf301c4c1b58f1ed2 
Asset Pipeline Refresh (id=d1875c557734941c2bb5c820fbe40d53): Total: 0.026 seconds - Initiated by StopAssetImportingV2(NoUpdateAssetOptions)
Importing 'GUID: 4391fea82df5623429cfcc29996243dc - Path: Assets/Resources/ReturnV2/WardenAuthored/charge/04.png' with importer (TextureImporter)
Imported 'GUID: 4391fea82df5623429cfcc29996243dc' -> (Import Result ID: 'f0909a4b8990f2a609a48f844f3ae090') in 0.004 seconds [static and dynamic dependencies]. Details - ImportResultOutputID=0675d0c2aab72a0c90321b15982d69a1 DependenciesID=e98010e928abec65a17b3e85b4d9e166 StaticDependenciesID=410e2e8d73b4f9faf94273723e5419b4 
Asset Pipeline Refresh (id=20e932ab5f2454b5fa425b48931a7ada): Total: 0.026 seconds - Initiated by StopAssetImportingV2(NoUpdateAssetOptions)
Importing 'GUID: 3531063ccd76db04484abdd82b837254 - Path: Assets/Resources/ReturnV2/WardenAuthored/charge/05.png' with importer (TextureImporter)
Imported 'GUID: 3531063ccd76db04484abdd82b837254' -> (Import Result ID: 'a60134986622b1eb310163bd88d5f1c7') in 0.004 seconds [static and dynamic dependencies]. Details - ImportResultOutputID=cbc22db3cb72cc7627842d2488d28e23 DependenciesID=c89a1511543f8f7846164630860165e7 StaticDependenciesID=7b98c18b0bc2bf420bfadd01ef60f4eb 
Asset Pipeline Refresh (id=f3fbac606541e4ddf971e84963a92904): Total: 0.026 seconds - Initiated by StopAssetImportingV2(NoUpdateAssetOptions)
Importing 'GUID: 5b227f3768ee36d49a022315e91ae523 - Path: Assets/Resources/ReturnV2/WardenAuthored/charge/06.png' with importer (TextureImporter)
Imported 'GUID: 5b227f3768ee36d49a022315e91ae523' -> (Import Result ID: 'acade3a2fe8f3e0751a18b47f2b0bd91') in 0.004 seconds [static and dynamic dependencies]. Details - ImportResultOutputID=4866471e00f86ac1cea3d93498dfe6f3 DependenciesID=2bc2f54d4947813279dd9fe86c69a8ec StaticDependenciesID=68eb66545b44499669567b93bf93af27 
Asset Pipeline Refresh (id=ef479edd8d23c4dabac552bff5b9349d): Total: 0.026 seconds - Initiated by StopAssetImportingV2(NoUpdateAssetOptions)
Importing 'GUID: f7edc3eea7764a244ae763b1f5277829 - Path: Assets/Resources/ReturnV2/WardenAuthored/charge/07.png' with importer (TextureImporter)
Imported 'GUID: f7edc3eea7764a244ae763b1f5277829' -> (Import Result ID: '91caf00bd13dda1b46f2bc60c26cacf0') in 0.004 seconds [static and dynamic dependencies]. Details - ImportResultOutputID=1d9a8a771866cef55e308bddd70a54ff DependenciesID=a0a81187709f71d68b46ce8d9d3e9029 StaticDependenciesID=32028c081ab35bc1f3999af9e918777b 
Asset Pipeline Refresh (id=bd4680f1c2bf941e9b21cbbb7084c840): Total: 0.025 seconds - Initiated by StopAssetImportingV2(NoUpdateAssetOptions)
Importing 'GUID: 375c995ba9d4a5948ae9116410090467 - Path: Assets/Resources/ReturnV2/WardenAuthored/charge/08.png' with importer (TextureImporter)
Imported 'GUID: 375c995ba9d4a5948ae9116410090467' -> (Import Result ID: 'd0fdaca5b16e09b5bb5337741af0da29') in 0.004 seconds [static and dynamic dependencies]. Details - ImportResultOutputID=933d9d65190aab4ae4f7b0597dc03b64 DependenciesID=174438f26b8745a6db34b872087463b6 StaticDependenciesID=d017e2af97720abf055a08775d7f53ea 
Asset Pipeline Refresh (id=e8e5735207d944e4989448d5e92f7fc4): Total: 0.025 seconds - Initiated by StopAssetImportingV2(NoUpdateAssetOptions)
Importing 'GUID: f93756523f2b65b439d4dcdcf2569c91 - Path: Assets/Resources/ReturnV2/WardenAuthored/charge/09.png' with importer (TextureImporter)
Imported 'GUID: f93756523f2b65b439d4dcdcf2569c91' -> (Import Result ID: '84c91f7c45c142502767c6413728d277') in 0.004 seconds [static and dynamic dependencies]. Details - ImportResultOutputID=afe0eb1dedb287ab5c0ee95e6c73dcba DependenciesID=b7696c6783ac91b1c7cced55824d34f5 StaticDependenciesID=f35a31eb828ba9ab6fc59a6ba1a6fb34 
Asset Pipeline Refresh (id=7863574d12d264bcb8a515b03667e6d9): Total: 0.026 seconds - Initiated by StopAssetImportingV2(NoUpdateAssetOptions)
Importing 'GUID: 5a154df734439fe4b8f801cd8162774c - Path: Assets/Resources/ReturnV2/WardenAuthored/charge/10.png' with importer (TextureImporter)
Imported 'GUID: 5a154df734439fe4b8f801cd8162774c' -> (Import Result ID: '8d1f0cb7d72c17d4163ee941ccd2b8f7') in 0.004 seconds [static and dynamic dependencies]. Details - ImportResultOutputID=b254bc550b581006b8da283e56ca181d DependenciesID=c569271bec6841b6073e76589060c82b StaticDependenciesID=c5c0fa6f1c1a31a00dc7f2d7061c748d 
Asset Pipeline Refresh (id=1723218085ce24aa1a7abc37c0801a05): Total: 0.025 seconds - Initiated by StopAssetImportingV2(NoUpdateAssetOptions)
Importing 'GUID: 7f244d04ffc3bd34aa5a4541d94f302a - Path: Assets/Resources/ReturnV2/WardenAuthored/charge/11.png' with importer (TextureImporter)
Imported 'GUID: 7f244d04ffc3bd34aa5a4541d94f302a' -> (Import Result ID: '160250a2b8cc920f0c089391124f4f22') in 0.004 seconds [static and dynamic dependencies]. Details - ImportResultOutputID=2de5bc8047cb5444c6ffb7ddc45b1b4b DependenciesID=af2e1a5430da8ab49bb1cd5f7d4ce758 StaticDependenciesID=38dad1d5fa3aeb21214d194a7d540094 
Asset Pipeline Refresh (id=5480219a05a204a328cc063d08124eb8): Total: 0.025 seconds - Initiated by StopAssetImportingV2(NoUpdateAssetOptions)
Importing 'GUID: 128dad0cd827c664f95317960fbd56d8 - Path: Assets/Resources/ReturnV2/WardenAuthored/idle/00.png' with importer (TextureImporter)
Imported 'GUID: 128dad0cd827c664f95317960fbd56d8' -> (Import Result ID: 'c0a00c1e9b9d72ce38f3b89685a21560') in 0.004 seconds [static and dynamic dependencies]. Details - ImportResultOutputID=dc133cb61e91fc9dc11e75a7ad41eb7f DependenciesID=85d677dc373aca36c9f4fee57cd676fa StaticDependenciesID=ed4be7c4cf817cf231d3709d4183c150 
Asset Pipeline Refresh (id=39a26c157096b42bb91cec80b9181122): Total: 0.026 seconds - Initiated by StopAssetImportingV2(NoUpdateAssetOptions)
Importing 'GUID: 9eba7b595e1f3bd46b69f6b7886c0362 - Path: Assets/Resources/ReturnV2/WardenAuthored/slam/00.png' with importer (TextureImporter)
Imported 'GUID: 9eba7b595e1f3bd46b69f6b7886c0362' -> (Import Result ID: 'dd96821cc5f75c3190796762756b54b4') in 0.004 seconds [static and dynamic dependencies]. Details - ImportResultOutputID=b63e351c5e28e59a22d6b0914eb453be DependenciesID=e71041dd6273931ab42951f827b840f1 StaticDependenciesID=fe7a42df137548a83c06087c00d4a2cf 
Asset Pipeline Refresh (id=514b1fed74ce945149c41df076963b82): Total: 0.025 seconds - Initiated by StopAssetImportingV2(NoUpdateAssetOptions)
Importing 'GUID: 8577f5f3c3a20d64296c0cbfdfa1c593 - Path: Assets/Resources/ReturnV2/WardenAuthored/slam/01.png' with importer (TextureImporter)
Imported 'GUID: 8577f5f3c3a20d64296c0cbfdfa1c593' -> (Import Result ID: '2eb6df06601d9e9000cc2fc3868f22cd') in 0.004 seconds [static and dynamic dependencies]. Details - ImportResultOutputID=e89b1d54d433c876e0cb55d1fd180784 DependenciesID=b23820b30f40aa3cb873912c2c55e658 StaticDependenciesID=902d59389b86e8fcce886b1f4d4567c4 
Asset Pipeline Refresh (id=0268f03f49466429282ccceb14164d46): Total: 0.027 seconds - Initiated by StopAssetImportingV2(NoUpdateAssetOptions)
Importing 'GUID: 96980c57ee6ceea46ac6367db26c28f3 - Path: Assets/Resources/ReturnV2/WardenAuthored/slam/02.png' with importer (TextureImporter)
Imported 'GUID: 96980c57ee6ceea46ac6367db26c28f3' -> (Import Result ID: 'e8ea70008efa38d86d9db64d44f5c427') in 0.004 seconds [static and dynamic dependencies]. Details - ImportResultOutputID=75df74d92d70e88556e05b3597c28b0a DependenciesID=37b74c09fd26e18a66b2ad1d22dc558a StaticDependenciesID=3a04def375c8b86ad6f0956efedf850e 
Asset Pipeline Refresh (id=1edaedc02a6d845148edc7210158ccfb): Total: 0.026 seconds - Initiated by StopAssetImportingV2(NoUpdateAssetOptions)
Importing 'GUID: efac5d09bdcd9bf4292713147f70e042 - Path: Assets/Resources/ReturnV2/WardenAuthored/slam/03.png' with importer (TextureImporter)
Imported 'GUID: efac5d09bdcd9bf4292713147f70e042' -> (Import Result ID: 'eec101adabf3f25237294ed981b017c5') in 0.004 seconds [static and dynamic dependencies]. Details - ImportResultOutputID=239f43f898aaa0c95e6ba08f8b8f73e8 DependenciesID=0e6e107b20ed4664cf4353086b1dd4c1 StaticDependenciesID=24972dd4b9f337257182203634becec9 
Asset Pipeline Refresh (id=2e375bf5bed0f4452803fd915dda96e5): Total: 0.026 seconds - Initiated by StopAssetImportingV2(NoUpdateAssetOptions)
Importing 'GUID: f9f33fa76215c9c4da49ad4d3eaad33c - Path: Assets/Resources/ReturnV2/WardenAuthored/slam/04.png' with importer (TextureImporter)
Imported 'GUID: f9f33fa76215c9c4da49ad4d3eaad33c' -> (Import Result ID: '85d121fee635c15b9d07226aefb19a38') in 0.004 seconds [static and dynamic dependencies]. Details - ImportResultOutputID=33642dc37a2b16a51ebf48d2172c4584 DependenciesID=55e9f2dadb9f5d3125d3f70cffbb764e StaticDependenciesID=ddd261a18082ce0bd6d057af18ea017c 
Asset Pipeline Refresh (id=5a3b40409570147838b0e4da5d3351a5): Total: 0.025 seconds - Initiated by StopAssetImportingV2(NoUpdateAssetOptions)
Importing 'GUID: fab0ae1be1a6c5b4292f5243cae7a56f - Path: Assets/Resources/ReturnV2/WardenAuthored/slam/05.png' with importer (TextureImporter)
Imported 'GUID: fab0ae1be1a6c5b4292f5243cae7a56f' -> (Import Result ID: 'e12ddbd43400c22c99783a1918713e1e') in 0.004 seconds [static and dynamic dependencies]. Details - ImportResultOutputID=b35662d58d05d73d65dc545736455bd4 DependenciesID=63cf2dbb885fc07b3813bd0e0f639411 StaticDependenciesID=a7406673d7c308dc383e4520ac7c1b59 
Asset Pipeline Refresh (id=d737065db21234e33bb2404262e65ee0): Total: 0.025 seconds - Initiated by StopAssetImportingV2(NoUpdateAssetOptions)
Importing 'GUID: 8b95e664a2e497c409c91492c9efe087 - Path: Assets/Resources/ReturnV2/WardenAuthored/slam/06.png' with importer (TextureImporter)
Imported 'GUID: 8b95e664a2e497c409c91492c9efe087' -> (Import Result ID: '0c31a32a92dd4dc0e1cf60d539061977') in 0.004 seconds [static and dynamic dependencies]. Details - ImportResultOutputID=e05f2f983d932249c0f00e93e29f8c1b DependenciesID=c80e91728eb8673fef418dc99cb803a0 StaticDependenciesID=d1b3a8aa72884ff2f541d7c8e868a834 
Asset Pipeline Refresh (id=2b131449a50334f85a54a3d50b79ddb6): Total: 0.026 seconds - Initiated by StopAssetImportingV2(NoUpdateAssetOptions)
Importing 'GUID: 03ffdbc5be1552d44a35563b020dcfe0 - Path: Assets/Resources/ReturnV2/WardenAuthored/slam/07.png' with importer (TextureImporter)
Imported 'GUID: 03ffdbc5be1552d44a35563b020dcfe0' -> (Import Result ID: '19104efd1178dc465ac75329fcd00b2c') in 0.004 seconds [static and dynamic dependencies]. Details - ImportResultOutputID=8bef7eb2f835d826c039fa188cefa995 DependenciesID=a5c5e2d718b38329e223544e641848fb StaticDependenciesID=684951e656af4c22aeab1600fb0240b0 
Asset Pipeline Refresh (id=be17a3bed154b4d0f80e1d01875906c7): Total: 0.026 seconds - Initiated by StopAssetImportingV2(NoUpdateAssetOptions)
Importing 'GUID: ad7366575cea89d4189dcac5cb38e015 - Path: Assets/Resources/ReturnV2/WardenAuthored/slam/08.png' with importer (TextureImporter)
Imported 'GUID: ad7366575cea89d4189dcac5cb38e015' -> (Import Result ID: '2705d9e50f542f4703d4da626c4297d1') in 0.004 seconds [static and dynamic dependencies]. Details - ImportResultOutputID=c685c7b863445e2e4041367618d5ff9b DependenciesID=b532f59284f6e10b5e2d2a75b413b541 StaticDependenciesID=31d4d6dff9730c2a6e2b73656b409713 
Asset Pipeline Refresh (id=baa41af0bc51b4caa8370799a0f6013f): Total: 0.025 seconds - Initiated by StopAssetImportingV2(NoUpdateAssetOptions)
Importing 'GUID: 80b276e5d8cc167478746cac1496a613 - Path: Assets/Resources/ReturnV2/WardenAuthored/slam/09.png' with importer (TextureImporter)
Imported 'GUID: 80b276e5d8cc167478746cac1496a613' -> (Import Result ID: 'a0df3c7943833e4a5408ccfe2fd71271') in 0.004 seconds [static and dynamic dependencies]. Details - ImportResultOutputID=833e9f15b243ac45f1dd89c95d4f602b DependenciesID=cb8b6a5860d8e6f549bf54e447b7067e StaticDependenciesID=c32162d878c68d2e65d8e88fad6c9fc0 
Asset Pipeline Refresh (id=3a0756762e9ab4bfcbfe661cbdd0d5b3): Total: 0.026 seconds - Initiated by StopAssetImportingV2(NoUpdateAssetOptions)
Importing 'GUID: 1a238adac4d085246a9cdec40cbd6448 - Path: Assets/Resources/ReturnV2/WardenAuthored/slam/10.png' with importer (TextureImporter)
Imported 'GUID: 1a238adac4d085246a9cdec40cbd6448' -> (Import Result ID: 'bc26c25a2fe849f131c05c64f2860761') in 0.004 seconds [static and dynamic dependencies]. Details - ImportResultOutputID=ddf29d51628142ca25840cf42f435806 DependenciesID=b40070e5a2360b40ac1894de869ad031 StaticDependenciesID=977af7127cbb2e7119e9fc123975f9ca 
Asset Pipeline Refresh (id=10f5ca1472de24a88b38c184107824fd): Total: 0.025 seconds - Initiated by StopAssetImportingV2(NoUpdateAssetOptions)
Importing 'GUID: 33f43002b1d287e41a854ff8c3ca673c - Path: Assets/Resources/ReturnV2/WardenAuthored/slam/11.png' with importer (TextureImporter)
Imported 'GUID: 33f43002b1d287e41a854ff8c3ca673c' -> (Import Result ID: 'ce1b8da0ab72137febf9a85865b1467f') in 0.004 seconds [static and dynamic dependencies]. Details - ImportResultOutputID=f481a5ebdb2e0b5bf31c164fdd85c4b6 DependenciesID=e72b3ead07b617b36c92db44c49d2620 StaticDependenciesID=1bbbe700d41b595dbd43027f67463a12 
Asset Pipeline Refresh (id=48e5c9aaf26514b53bc23cf2398412fc): Total: 0.025 seconds - Initiated by StopAssetImportingV2(NoUpdateAssetOptions)
Importing 'GUID: d37b6b0b810e2604fb047b6400a953c5 - Path: Assets/Resources/ReturnV2/WardenAuthored/slam/12.png' with importer (TextureImporter)
Imported 'GUID: d37b6b0b810e2604fb047b6400a953c5' -> (Import Result ID: 'bf9c3760a48e93925d8cceffccc3b710') in 0.004 seconds [static and dynamic dependencies]. Details - ImportResultOutputID=552b7d34f8e06ae1cc1451b113708c34 DependenciesID=3001e3f39ab43fe93665bcda9013ab44 StaticDependenciesID=0422a169f0f63117670bd28d8bcd0806 
Asset Pipeline Refresh (id=599d329879ec24ab1b573809d981a84e): Total: 0.026 seconds - Initiated by StopAssetImportingV2(NoUpdateAssetOptions)
Importing 'GUID: 59e5fe541333479458236eaaf5a3b73a - Path: Assets/Resources/ReturnV2/WardenAuthored/slam/13.png' with importer (TextureImporter)
Imported 'GUID: 59e5fe541333479458236eaaf5a3b73a' -> (Import Result ID: '9650cb192774a05a6ecd0a1e8b45034f') in 0.004 seconds [static and dynamic dependencies]. Details - ImportResultOutputID=1d066c9f5c2650fa4446ffd4cad33364 DependenciesID=97fbef4a78a1cbfdad2920238a1fbda5 StaticDependenciesID=1baba850a76b9f1f4bf6f2a8cc101784 
Asset Pipeline Refresh (id=439f3b2bc24db45e48e7122833bbc0ef): Total: 0.025 seconds - Initiated by StopAssetImportingV2(NoUpdateAssetOptions)
Importing 'GUID: 2e855b26031188142ac6a73e2c083490 - Path: Assets/Resources/ReturnV2/WardenAuthored/slam/14.png' with importer (TextureImporter)
Imported 'GUID: 2e855b26031188142ac6a73e2c083490' -> (Import Result ID: '93430ec7547f4bd83c66c587ba537d92') in 0.004 seconds [static and dynamic dependencies]. Details - ImportResultOutputID=96ab7c84bc6c9c0d9e1fec2ba91801f3 DependenciesID=78a61027d9903d74c4cfcfc99b0a7987 StaticDependenciesID=593c3c165217dfdb9b10f7e1448f99af 
Asset Pipeline Refresh (id=6f5c6bdb555104cd1abaecd6c3a31294): Total: 0.027 seconds - Initiated by StopAssetImportingV2(NoUpdateAssetOptions)
Importing 'GUID: 27afd871f516eef4d9ead10bfb1ead94 - Path: Assets/Resources/ReturnV2/WardenAuthored/stagger/00.png' with importer (TextureImporter)
Imported 'GUID: 27afd871f516eef4d9ead10bfb1ead94' -> (Import Result ID: 'fe896dff8618eadf9ec9bf2e87190c66') in 0.004 seconds [static and dynamic dependencies]. Details - ImportResultOutputID=5176f08dbe90c5151700594209ec30d4 DependenciesID=1fbfeb315e7497b3b6dcc9245e182b01 StaticDependenciesID=4931e336f3dfd5192f40dddbc5daeed1 
Asset Pipeline Refresh (id=75aa8b81a707f4fc5bf009987332da4d): Total: 0.026 seconds - Initiated by StopAssetImportingV2(NoUpdateAssetOptions)
Importing 'GUID: bdecd7b49ae4d1845978297d12722eb9 - Path: Assets/Resources/ReturnV2/WardenAuthored/stagger/01.png' with importer (TextureImporter)
Imported 'GUID: bdecd7b49ae4d1845978297d12722eb9' -> (Import Result ID: '25139ca25cf49592795c1fea7887dea3') in 0.004 seconds [static and dynamic dependencies]. Details - ImportResultOutputID=96f42196c068761d9f8add167ec57978 DependenciesID=4258b1b9600932b9c53ec86130529b85 StaticDependenciesID=9c7cbe9515431656b05a216b198e2e8d 
Asset Pipeline Refresh (id=c4e0ad7d957314d89961d6b6b4a7fbee): Total: 0.026 seconds - Initiated by StopAssetImportingV2(NoUpdateAssetOptions)
Importing 'GUID: 7b03702181334ab45a8433923c61cfe2 - Path: Assets/Resources/ReturnV2/WardenAuthored/stagger/02.png' with importer (TextureImporter)
Imported 'GUID: 7b03702181334ab45a8433923c61cfe2' -> (Import Result ID: 'b4e85c264c12d1e576126dcee38da9e4') in 0.004 seconds [static and dynamic dependencies]. Details - ImportResultOutputID=34b44552dc1b3d5219ef83f6a432ea11 DependenciesID=17ca256c27b57395a891856a2d205622 StaticDependenciesID=1ac5e3b9848433af63765b0fe3286d5e 
Asset Pipeline Refresh (id=c7b527833c0224f4ba24dadb697e45b0): Total: 0.026 seconds - Initiated by StopAssetImportingV2(NoUpdateAssetOptions)
Importing 'GUID: 2b08131f47585bf4db45d416a6119a16 - Path: Assets/Resources/ReturnV2/WardenAuthored/stagger/03.png' with importer (TextureImporter)
Imported 'GUID: 2b08131f47585bf4db45d416a6119a16' -> (Import Result ID: 'bbdadc2a34cb2fe84c3214a7bd16f4c9') in 0.004 seconds [static and dynamic dependencies]. Details - ImportResultOutputID=f30dc1d3f43d6d5b191dbef499b382e8 DependenciesID=6f45a88c171962476967b89177bf435a StaticDependenciesID=a8a7916ed3437e0cb01074fe2d43ea99 
Asset Pipeline Refresh (id=4d3282287eaec496cbdd409d35e2740e): Total: 0.026 seconds - Initiated by StopAssetImportingV2(NoUpdateAssetOptions)
Importing 'GUID: 08a2f418e50598d4083000207b8bd60e - Path: Assets/Resources/ReturnV2/WardenAuthored/stagger/04.png' with importer (TextureImporter)
Imported 'GUID: 08a2f418e50598d4083000207b8bd60e' -> (Import Result ID: '930e621fc4d90b3d194593af7f5ebb6c') in 0.004 seconds [static and dynamic dependencies]. Details - ImportResultOutputID=14d45357886df599dc65fdbb60f27601 DependenciesID=ea1abaf5afa2fa08226369885c64d126 StaticDependenciesID=445934395d2ad7040e2e30ea378c26aa 
Asset Pipeline Refresh (id=3d521680b9da041e98b87aedd3fc7eed): Total: 0.026 seconds - Initiated by StopAssetImportingV2(NoUpdateAssetOptions)
Importing 'GUID: fee6b6af34a072041ad91c501bda4cdc - Path: Assets/Resources/ReturnV2/WardenAuthored/stagger/05.png' with importer (TextureImporter)
Imported 'GUID: fee6b6af34a072041ad91c501bda4cdc' -> (Import Result ID: 'f36f80c8ffe5af0fc8d61465d023b3e1') in 0.004 seconds [static and dynamic dependencies]. Details - ImportResultOutputID=a1227f450d0cb3259db5032d6453c175 DependenciesID=303aa9f77e8af2571e7eb1a9c77c37ea StaticDependenciesID=bf27b37b458cd52a0c1fcde35732bd7c 
Asset Pipeline Refresh (id=c8572f171089847f1b9eb09faddf1989): Total: 0.026 seconds - Initiated by StopAssetImportingV2(NoUpdateAssetOptions)
Importing 'GUID: 81d550dd45afada4c8695a671ae88bc7 - Path: Assets/Resources/ReturnV2/WardenAuthored/stagger/06.png' with importer (TextureImporter)
Imported 'GUID: 81d550dd45afada4c8695a671ae88bc7' -> (Import Result ID: 'b05ba63a63ba8c248e054aec5a26081b') in 0.004 seconds [static and dynamic dependencies]. Details - ImportResultOutputID=abdf5e103ef01250627ff3c436c3ff7a DependenciesID=0d7dd399cac349bd30ec5a94348d00a3 StaticDependenciesID=f6cc0c12236066a350a525588ee93d7e 
Asset Pipeline Refresh (id=421cc8be85625498595697b2548aeeee): Total: 0.026 seconds - Initiated by StopAssetImportingV2(NoUpdateAssetOptions)
Importing 'GUID: 5815c4e27fb185d4c9b5bd49ba65a931 - Path: Assets/Resources/ReturnV2/WardenAuthored/stagger/07.png' with importer (TextureImporter)
Imported 'GUID: 5815c4e27fb185d4c9b5bd49ba65a931' -> (Import Result ID: '6920105d4ed3462c7e99f6908a116299') in 0.004 seconds [static and dynamic dependencies]. Details - ImportResultOutputID=52c749911e9bdaaa70cc1143fa5384a2 DependenciesID=e8dbe7b0e688e021eb58bf549dfbcbe8 StaticDependenciesID=42bdb4584ba4bdcd753fc52038c4f923 
Asset Pipeline Refresh (id=9648667f543404aa2bdba4aefa24e61d): Total: 0.026 seconds - Initiated by StopAssetImportingV2(NoUpdateAssetOptions)
Importing 'GUID: 3dce9660fe02a5c4482072ecbf5906c0 - Path: Assets/Resources/ReturnV2/WardenAuthored/stagger/08.png' with importer (TextureImporter)
Imported 'GUID: 3dce9660fe02a5c4482072ecbf5906c0' -> (Import Result ID: '715751d75be4cef1dab19c83354f4833') in 0.004 seconds [static and dynamic dependencies]. Details - ImportResultOutputID=649876adce3122bcac872875ac0797a2 DependenciesID=524c1f7366a505c6facb7da90d5dfe4e StaticDependenciesID=e560c222a5bae443f8af20c7fa7faf29 
Asset Pipeline Refresh (id=35cc3dec79d1248ee8b8da9dd05c2adf): Total: 0.025 seconds - Initiated by StopAssetImportingV2(NoUpdateAssetOptions)
Importing 'GUID: d57dcbb6deab9034ea23221fc8782c6a - Path: Assets/Resources/ReturnV2/WardenAuthored/stagger/09.png' with importer (TextureImporter)
Imported 'GUID: d57dcbb6deab9034ea23221fc8782c6a' -> (Import Result ID: '3faa389a02962e911a98f1c86ddf06f9') in 0.004 seconds [static and dynamic dependencies]. Details - ImportResultOutputID=336b73688f740ce1f64958fd29d2d02e DependenciesID=3872d5eeeb8cb78535d86332c48952c6 StaticDependenciesID=1a6c30cb219762692de6980131736fc0 
Asset Pipeline Refresh (id=b4c75c3b410174e149ffdc05ab22054f): Total: 0.027 seconds - Initiated by StopAssetImportingV2(NoUpdateAssetOptions)
Importing 'GUID: 5c530bc4ed5218449aca08bba05d9e9f - Path: Assets/Resources/ReturnV2/WardenAuthored/stagger/10.png' with importer (TextureImporter)
Imported 'GUID: 5c530bc4ed5218449aca08bba05d9e9f' -> (Import Result ID: 'ad7c7b651227a8dfa3cb5a5c83e924f8') in 0.004 seconds [static and dynamic dependencies]. Details - ImportResultOutputID=bc6a71582d255426613586255bd67dc2 DependenciesID=99f0e0e8554fafd3622965e0e6198193 StaticDependenciesID=8fa2cfb286087462bdd14d09eea642a3 
Asset Pipeline Refresh (id=397e2e6a081b840df9fa2f65b765abfc): Total: 0.026 seconds - Initiated by StopAssetImportingV2(NoUpdateAssetOptions)
Importing 'GUID: 812f1fd79c4f71b48b0a1c2d8ea98428 - Path: Assets/Resources/ReturnV2/WardenAuthored/stagger/11.png' with importer (TextureImporter)
Imported 'GUID: 812f1fd79c4f71b48b0a1c2d8ea98428' -> (Import Result ID: '335ad1b16a983103beaadb8e64eaac7a') in 0.004 seconds [static and dynamic dependencies]. Details - ImportResultOutputID=06a90602a5146eeb112e6dd6fd2e05b1 DependenciesID=1e29bf05b0ee809f8c36b55e5df2bf8f StaticDependenciesID=f0be96195fcf54ebc87c8bfe8d5a6655 
Asset Pipeline Refresh (id=0644ea444643d4ad2965f290aa0b62d7): Total: 0.026 seconds - Initiated by StopAssetImportingV2(NoUpdateAssetOptions)
Importing 'GUID: 2e90a78b269a5d9eb1ecffe5fd63b597 - Path: Assets/Resources/ReturnV2/WardenRig/attack/00.png' with importer (TextureImporter)
Imported 'GUID: 2e90a78b269a5d9eb1ecffe5fd63b597' -> (Import Result ID: 'd8f823efb73a6698c31572290d805aea') in 0.004 seconds [static and dynamic dependencies]. Details - ImportResultOutputID=880b32648da2ec8b4db6e59c567d23f5 DependenciesID=54263e325851df360343784bc351163f StaticDependenciesID=cb9808bdd974185739ce0acf3c840f3c 
Asset Pipeline Refresh (id=b4bfa83610f944ed9846469552ce8142): Total: 0.025 seconds - Initiated by StopAssetImportingV2(NoUpdateAssetOptions)
Importing 'GUID: 2e7359193ea056c59ebf64025daac7cc - Path: Assets/Resources/ReturnV2/WardenRig/attack/01.png' with importer (TextureImporter)
Imported 'GUID: 2e7359193ea056c59ebf64025daac7cc' -> (Import Result ID: '6e5fab09235994cc8b97a2dc02b13213') in 0.004 seconds [static and dynamic dependencies]. Details - ImportResultOutputID=3d31287ed21c6bfb39dc0c621779321e DependenciesID=c66902d7b8b8009b24b78bd000e5be12 StaticDependenciesID=69f4eef4fe0129d619345c5e18612947 
Asset Pipeline Refresh (id=a485dedf8d5554802bd7b9de2cc68f68): Total: 0.026 seconds - Initiated by StopAssetImportingV2(NoUpdateAssetOptions)
Importing 'GUID: e8a8b4a957d65f2a91d316eda30ae566 - Path: Assets/Resources/ReturnV2/WardenRig/attack/02.png' with importer (TextureImporter)
Imported 'GUID: e8a8b4a957d65f2a91d316eda30ae566' -> (Import Result ID: '64efe2847ce586a73b4ba296cf4613a0') in 0.004 seconds [static and dynamic dependencies]. Details - ImportResultOutputID=3b150c7855825eae43ea19d8d6490435 DependenciesID=d45ffc5d7c10d56ccca182327a600609 StaticDependenciesID=b3fa74a1c418ca7e23f6a297b63fd586 
Asset Pipeline Refresh (id=c8960d3eeff6c44b6a61791fed43b0c9): Total: 0.026 seconds - Initiated by StopAssetImportingV2(NoUpdateAssetOptions)
Importing 'GUID: 65ee189e792d5b638098c1a84091960f - Path: Assets/Resources/ReturnV2/WardenRig/attack/03.png' with importer (TextureImporter)
Imported 'GUID: 65ee189e792d5b638098c1a84091960f' -> (Import Result ID: 'c17fd478f4ee63dece57c5285905705a') in 0.004 seconds [static and dynamic dependencies]. Details - ImportResultOutputID=150d7bd36d481a51ef4fc71a2518ac4c DependenciesID=fdc8b84850ae3ab17e91fd3647897f1e StaticDependenciesID=81d6dfa25c8cf3becb678aaf99d06de6 
Asset Pipeline Refresh (id=b83af20a94378465b83e0108f367cf8c): Total: 0.026 seconds - Initiated by StopAssetImportingV2(NoUpdateAssetOptions)
Importing 'GUID: bcca111172e7529cbd15bbbcb5e5cf0e - Path: Assets/Resources/ReturnV2/WardenRig/attack/04.png' with importer (TextureImporter)
Imported 'GUID: bcca111172e7529cbd15bbbcb5e5cf0e' -> (Import Result ID: '4ab245f9e7f7aa397df057b6bf25db8a') in 0.004 seconds [static and dynamic dependencies]. Details - ImportResultOutputID=1d5297a2a26b269398fdd03889f5a212 DependenciesID=fc45bdadfc07714b6817633cb554fbfb StaticDependenciesID=7f6df4d8a642f9bfd2efbf43392cd936 
Asset Pipeline Refresh (id=f995db7a583f34712b51bc199eae4bd4): Total: 0.025 seconds - Initiated by StopAssetImportingV2(NoUpdateAssetOptions)
Importing 'GUID: 20d0b5c769bd58fe93fcf87add1c2ec8 - Path: Assets/Resources/ReturnV2/WardenRig/attack/05.png' with importer (TextureImporter)
Imported 'GUID: 20d0b5c769bd58fe93fcf87add1c2ec8' -> (Import Result ID: 'a427470733beffe36f4a1bbd7ded1435') in 0.004 seconds [static and dynamic dependencies]. Details - ImportResultOutputID=f3013c618d436ebf64f6a85f37db52b8 DependenciesID=3dacc72ee2fa081f1ff8bc887511abde StaticDependenciesID=6dd12c6ebf91bcad0dbb03589f9862dc 
Asset Pipeline Refresh (id=cf1833e1f9e3b45a49482a254324ee1e): Total: 0.026 seconds - Initiated by StopAssetImportingV2(NoUpdateAssetOptions)
Importing 'GUID: 4b00fc8cfcd25fae967f2782813815d3 - Path: Assets/Resources/ReturnV2/WardenRig/attack/06.png' with importer (TextureImporter)
Imported 'GUID: 4b00fc8cfcd25fae967f2782813815d3' -> (Import Result ID: 'c9f1699b0b8e8521d54b2a403c64f8c7') in 0.004 seconds [static and dynamic dependencies]. Details - ImportResultOutputID=ccc945957873f947413d84c9dddbe286 DependenciesID=c3aa4e3fdf3b5bb7816e40405e4d8d02 StaticDependenciesID=f9d5abf62d4b78de4a74c88b7ed7da98 
Asset Pipeline Refresh (id=48fbd375068f549f89c4c22a27c1a4cc): Total: 0.026 seconds - Initiated by StopAssetImportingV2(NoUpdateAssetOptions)
Importing 'GUID: fbaa7eca9af053ae96ba80fc58fe5bf0 - Path: Assets/Resources/ReturnV2/WardenRig/attack/07.png' with importer (TextureImporter)
Imported 'GUID: fbaa7eca9af053ae96ba80fc58fe5bf0' -> (Import Result ID: '64682066c18a09266205f77c0309412d') in 0.004 seconds [static and dynamic dependencies]. Details - ImportResultOutputID=d97a221bf28c7a7d1b5176adae603492 DependenciesID=07a9b54c2a5976977b9cf40e7ee0a4bf StaticDependenciesID=bccfd773b84e68c5917ace3bb0bc65b3 
Asset Pipeline Refresh (id=39e6e014853e540428d16eab2f73f124): Total: 0.026 seconds - Initiated by StopAssetImportingV2(NoUpdateAssetOptions)
Importing 'GUID: db9ff4f6986c5dabbf711a7269712ec9 - Path: Assets/Resources/ReturnV2/WardenRig/attack/08.png' with importer (TextureImporter)
Imported 'GUID: db9ff4f6986c5dabbf711a7269712ec9' -> (Import Result ID: '5f24791e0504c5e91f51fcb2461eb43d') in 0.004 seconds [static and dynamic dependencies]. Details - ImportResultOutputID=27189bb27cbce1ab5da05269360467fd DependenciesID=74969ba856765c2b2aba0a51e7f354e6 StaticDependenciesID=97a458d87866a333ea2cc7fdd00fe079 
Asset Pipeline Refresh (id=4ff11d11c67b547e79602e0242c60523): Total: 0.025 seconds - Initiated by StopAssetImportingV2(NoUpdateAssetOptions)
Importing 'GUID: 6e42320c953a5279b1537a500f4a54c6 - Path: Assets/Resources/ReturnV2/WardenRig/attack/09.png' with importer (TextureImporter)
Imported 'GUID: 6e42320c953a5279b1537a500f4a54c6' -> (Import Result ID: 'cf32e994a52749b9be1722939c25a0b2') in 0.004 seconds [static and dynamic dependencies]. Details - ImportResultOutputID=445f356f0027721809062f7a7c7b68f1 DependenciesID=e2b9d0e41e2972d6fb4feb40871ed739 StaticDependenciesID=99d2e794ce83b2a8016cd10df1f4edf0 
Asset Pipeline Refresh (id=74b00cf6c772b459aafe1929c3b0ed9b): Total: 0.026 seconds - Initiated by StopAssetImportingV2(NoUpdateAssetOptions)
Importing 'GUID: dfdaab614052572d83d5aac003bc0d44 - Path: Assets/Resources/ReturnV2/WardenRig/attack/10.png' with importer (TextureImporter)
Imported 'GUID: dfdaab614052572d83d5aac003bc0d44' -> (Import Result ID: 'e1fccfdd2e7b5a9ca99580526be08b10') in 0.004 seconds [static and dynamic dependencies]. Details - ImportResultOutputID=f5094e54804cd458fcb3d4bedbf2f1c2 DependenciesID=57a33953d5ee4f19d3b10f2eae933ddf StaticDependenciesID=890c79aff44ff268c24b4070f6343f54 
Asset Pipeline Refresh (id=f323821d3234e421dabd5ffa03b8b869): Total: 0.026 seconds - Initiated by StopAssetImportingV2(NoUpdateAssetOptions)
Importing 'GUID: b56a806da3f75ccfaca839ec40ae0136 - Path: Assets/Resources/ReturnV2/WardenRig/attack/11.png' with importer (TextureImporter)
Imported 'GUID: b56a806da3f75ccfaca839ec40ae0136' -> (Import Result ID: '9713ae02e4b3e8c87ea9dad5235d95ff') in 0.004 seconds [static and dynamic dependencies]. Details - ImportResultOutputID=e0bc0b6fa4da4ad5652281552cb970d5 DependenciesID=72102f80aac76da094d7183fe20df8ce StaticDependenciesID=67d124e8788cecc50d7a86cb9b70a712 
Asset Pipeline Refresh (id=96a1a7aee2dd84f798d35487c99d5a20): Total: 0.026 seconds - Initiated by StopAssetImportingV2(NoUpdateAssetOptions)
Importing 'GUID: 1731f5d982185a6e8e56384e67877f68 - Path: Assets/Resources/ReturnV2/WardenRig/boot/00.png' with importer (TextureImporter)
Imported 'GUID: 1731f5d982185a6e8e56384e67877f68' -> (Import Result ID: '94fc92dda3dc001ead0dd9617c726138') in 0.004 seconds [static and dynamic dependencies]. Details - ImportResultOutputID=a89cef72ccd2e9738ff530add3dd4f33 DependenciesID=723fd4914b937ad6d87cc77bc07e365b StaticDependenciesID=30160f6c8d07a32fbfe51dbf03a63ae3 
Asset Pipeline Refresh (id=b970f4ba6653549769715f5bebc3d659): Total: 0.025 seconds - Initiated by StopAssetImportingV2(NoUpdateAssetOptions)
Importing 'GUID: 225bf1b7f53c5289ae5e26901536995a - Path: Assets/Resources/ReturnV2/WardenRig/boot/01.png' with importer (TextureImporter)
Imported 'GUID: 225bf1b7f53c5289ae5e26901536995a' -> (Import Result ID: 'b9d8edf3819a9e31fe8d3e238fe49798') in 0.004 seconds [static and dynamic dependencies]. Details - ImportResultOutputID=504c62e85550a11de3151b577d177e88 DependenciesID=375ca784f5e7c7244d511a3a5cefe66d StaticDependenciesID=4fe7ff3556106a6bccfb6b540d2df12f 
Asset Pipeline Refresh (id=4f9f1e517328044008df55c02afe34d0): Total: 0.026 seconds - Initiated by StopAssetImportingV2(NoUpdateAssetOptions)
Importing 'GUID: 83566214efd15667b80f88098f3c2c9e - Path: Assets/Resources/ReturnV2/WardenRig/boot/02.png' with importer (TextureImporter)
Imported 'GUID: 83566214efd15667b80f88098f3c2c9e' -> (Import Result ID: 'ce2169811d1b16752523a5cf143e36c0') in 0.004 seconds [static and dynamic dependencies]. Details - ImportResultOutputID=823323b6843b12a807c403240f8668e9 DependenciesID=28cd1d4f7015a68d479a7fb811724ffa StaticDependenciesID=4e713436d0da31a07abcad23495b5788 
Asset Pipeline Refresh (id=7224a23ec2960421c99c2962af2e4d3b): Total: 0.026 seconds - Initiated by StopAssetImportingV2(NoUpdateAssetOptions)
Importing 'GUID: 2e2219fdc4595bd4a9a4e1719e5354a9 - Path: Assets/Resources/ReturnV2/WardenRig/boot/03.png' with importer (TextureImporter)
Imported 'GUID: 2e2219fdc4595bd4a9a4e1719e5354a9' -> (Import Result ID: '2c4c0f4633543105dc71d44cad033b41') in 0.004 seconds [static and dynamic dependencies]. Details - ImportResultOutputID=144d222560515ca1022fe1b1c3115cbc DependenciesID=91a3e90aad5605f35c7291668dd82f8b StaticDependenciesID=8492251fbdbf68bd107a4eb496e50d73 
Asset Pipeline Refresh (id=f38a34f0b5a4b4e1f8d3fd946b6b86fe): Total: 0.026 seconds - Initiated by StopAssetImportingV2(NoUpdateAssetOptions)
Importing 'GUID: 616054bd88875e32b1f7ada33266dd9e - Path: Assets/Resources/ReturnV2/WardenRig/charge/00.png' with importer (TextureImporter)
Imported 'GUID: 616054bd88875e32b1f7ada33266dd9e' -> (Import Result ID: '73480f8f40f5a886e2eec9f81c305a70') in 0.004 seconds [static and dynamic dependencies]. Details - ImportResultOutputID=e3e222c5bd26e3687e1cd818a58f4945 DependenciesID=c323483111ee968163c615a7c153ef42 StaticDependenciesID=dd502a3e95cfba7e098da7eef6f193ac 
Asset Pipeline Refresh (id=803e60551648e4daa88f15fdb6ff1a44): Total: 0.026 seconds - Initiated by StopAssetImportingV2(NoUpdateAssetOptions)
Importing 'GUID: de56b04270165c0a98fcc25286887914 - Path: Assets/Resources/ReturnV2/WardenRig/charge/01.png' with importer (TextureImporter)
Imported 'GUID: de56b04270165c0a98fcc25286887914' -> (Import Result ID: '924f0bbee7d4e124f840a9b7255d98da') in 0.004 seconds [static and dynamic dependencies]. Details - ImportResultOutputID=bd0f52af34b1ff6812dcf73adaa7f8d0 DependenciesID=c7ac9843447622fdecdd8381a8d67a38 StaticDependenciesID=8e3c9b53b7730c94cde87cb9b9d1a68b 
Asset Pipeline Refresh (id=62bdd24a78f644424b99e69548453609): Total: 0.026 seconds - Initiated by StopAssetImportingV2(NoUpdateAssetOptions)
Importing 'GUID: 483e4f83aca7504aaff3b1acd5a0e3a4 - Path: Assets/Resources/ReturnV2/WardenRig/charge/02.png' with importer (TextureImporter)
Imported 'GUID: 483e4f83aca7504aaff3b1acd5a0e3a4' -> (Import Result ID: 'f19248b0263a21c9c9c856ff1073eb59') in 0.004 seconds [static and dynamic dependencies]. Details - ImportResultOutputID=6f1231ccf033f71edb4ef139bec0bdd6 DependenciesID=aa3cb5a8dc9bbab16b861d903b4db71e StaticDependenciesID=e3d158e0d99edc85b1b011552cd94171 
Asset Pipeline Refresh (id=a87d2feb5317241579c1b3c908a566ac): Total: 0.025 seconds - Initiated by StopAssetImportingV2(NoUpdateAssetOptions)
Importing 'GUID: ccdf86bd699d5f4d944494e792fc8e7f - Path: Assets/Resources/ReturnV2/WardenRig/charge/03.png' with importer (TextureImporter)
Imported 'GUID: ccdf86bd699d5f4d944494e792fc8e7f' -> (Import Result ID: '700351d6f60f3f1fa7ee908a066a6176') in 0.004 seconds [static and dynamic dependencies]. Details - ImportResultOutputID=458523f48257a80f2956eb3b00d959eb DependenciesID=67552b581dc61690cbf4fee38f31642a StaticDependenciesID=8534e6aecda4cef4fa00ba80b09c7946 
Asset Pipeline Refresh (id=c9c67651493514b4b890264290c56661): Total: 0.026 seconds - Initiated by StopAssetImportingV2(NoUpdateAssetOptions)
Importing 'GUID: e5b86e67f3f05a1f918e644526c8426f - Path: Assets/Resources/ReturnV2/WardenRig/charge/04.png' with importer (TextureImporter)
Imported 'GUID: e5b86e67f3f05a1f918e644526c8426f' -> (Import Result ID: '0fa7cba38df026787781fe9cc7b80e88') in 0.004 seconds [static and dynamic dependencies]. Details - ImportResultOutputID=b28be66673604268cd36323857fed2ad DependenciesID=b333c22ceda28a52aed9dbce39756116 StaticDependenciesID=f8e3f2905b5817378c46a04e15dfc247 
Asset Pipeline Refresh (id=6155e2108708842ef8a11835a84e2df0): Total: 0.027 seconds - Initiated by StopAssetImportingV2(NoUpdateAssetOptions)
Importing 'GUID: d8cf70b432c4540ab070c1ed2617a41a - Path: Assets/Resources/ReturnV2/WardenRig/charge/05.png' with importer (TextureImporter)
Imported 'GUID: d8cf70b432c4540ab070c1ed2617a41a' -> (Import Result ID: '47936711a779772675a13b89740aa876') in 0.004 seconds [static and dynamic dependencies]. Details - ImportResultOutputID=f8f5e1657fa4aa5b8571c64fe1b2e534 DependenciesID=55e08f8a4952b34966cffe005f0936ce StaticDependenciesID=3f585b0a2025b48c82d986b6e90b0cc0 
Asset Pipeline Refresh (id=ced850aa5db6044cfb8bfa415bb82da7): Total: 0.025 seconds - Initiated by StopAssetImportingV2(NoUpdateAssetOptions)
Importing 'GUID: ece94b057972550a9bd8dc7b1e131c11 - Path: Assets/Resources/ReturnV2/WardenRig/charge/06.png' with importer (TextureImporter)
Imported 'GUID: ece94b057972550a9bd8dc7b1e131c11' -> (Import Result ID: '5fdde18adcd263cea5b95348ce3ddc32') in 0.004 seconds [static and dynamic dependencies]. Details - ImportResultOutputID=ff49d461bb8145b8d817ea16e9d5c841 DependenciesID=264ed39ba5ff3b5f667cd591e801b679 StaticDependenciesID=30e613ed56179ac0d10d210859af6d44 
Asset Pipeline Refresh (id=04e777ac0274c4f40ac0663075a2d157): Total: 0.025 seconds - Initiated by StopAssetImportingV2(NoUpdateAssetOptions)
Importing 'GUID: 578303d59c8c568bb48f1a59c415c946 - Path: Assets/Resources/ReturnV2/WardenRig/charge/07.png' with importer (TextureImporter)
Imported 'GUID: 578303d59c8c568bb48f1a59c415c946' -> (Import Result ID: '8afd9c88d1a59e13efffb8fa7f7654b2') in 0.004 seconds [static and dynamic dependencies]. Details - ImportResultOutputID=269890edf745ee9dd2eeba0fa1af0534 DependenciesID=9b59e819caa46d775c3bfaaaa13f2390 StaticDependenciesID=bf4ec6f66db870ef1b5257ad00a2e71c 
Asset Pipeline Refresh (id=611cb59e87b17435db8d79b9f0e6d65f): Total: 0.026 seconds - Initiated by StopAssetImportingV2(NoUpdateAssetOptions)
Importing 'GUID: 231ba9474c215a118f62ef752061d489 - Path: Assets/Resources/ReturnV2/WardenRig/charge/08.png' with importer (TextureImporter)
Imported 'GUID: 231ba9474c215a118f62ef752061d489' -> (Import Result ID: 'fa86565bb0f4dc5e6b20655defb91f6d') in 0.004 seconds [static and dynamic dependencies]. Details - ImportResultOutputID=048e00a7da6f871e4debbd7ca11e00cd DependenciesID=2ace8f3fb978cc173ccb56c6b2d8c57c StaticDependenciesID=5b3afcf9b12421f0588815bb7954eee0 
Asset Pipeline Refresh (id=9e203aae983d54950b2f092168d4f8c1): Total: 0.027 seconds - Initiated by StopAssetImportingV2(NoUpdateAssetOptions)
Importing 'GUID: da65b229e83c570ab930d615ac273c94 - Path: Assets/Resources/ReturnV2/WardenRig/charge/09.png' with importer (TextureImporter)
Imported 'GUID: da65b229e83c570ab930d615ac273c94' -> (Import Result ID: '0d2457539f2bfe7253e2edd17d7e5eaf') in 0.004 seconds [static and dynamic dependencies]. Details - ImportResultOutputID=4130f18412150a5e3bceb68173ee19c1 DependenciesID=42a2bc1a745a8bf0a1093de17f4302fa StaticDependenciesID=a6dc1cc61965dbe9b81d625ded958923 
Asset Pipeline Refresh (id=f54cd609d1ae241ddbfa7f3301fb295e): Total: 0.026 seconds - Initiated by StopAssetImportingV2(NoUpdateAssetOptions)
Importing 'GUID: 5be2ef69573b526d977149475d08e5e5 - Path: Assets/Resources/ReturnV2/WardenRig/charge/10.png' with importer (TextureImporter)
Imported 'GUID: 5be2ef69573b526d977149475d08e5e5' -> (Import Result ID: '9977f678565e6ed35b761dff4a89630c') in 0.004 seconds [static and dynamic dependencies]. Details - ImportResultOutputID=2af5066e05894a5c8fddd9f36305f269 DependenciesID=d79597a344deec99477ad087b23dceae StaticDependenciesID=f3b162f267a257b563d0f536e5984a35 
Asset Pipeline Refresh (id=700b403c10a3c40ceaaabd6a9ee83fe8): Total: 0.025 seconds - Initiated by StopAssetImportingV2(NoUpdateAssetOptions)
Importing 'GUID: 91a9395f3c7b590b83bb74f99da3d630 - Path: Assets/Resources/ReturnV2/WardenRig/charge/11.png' with importer (TextureImporter)
Imported 'GUID: 91a9395f3c7b590b83bb74f99da3d630' -> (Import Result ID: '5b2b60d69ac01cd5efbeb07d15e7ab69') in 0.004 seconds [static and dynamic dependencies]. Details - ImportResultOutputID=a79e2245f71b2e4aadc16083c802ebe3 DependenciesID=299c4dea3f3eb5e12dc2bd97a0205ed1 StaticDependenciesID=2c94ec8c10b8e0d67144aed818310cae 
Asset Pipeline Refresh (id=649013b1ea7014d45807ad6df2852057): Total: 0.026 seconds - Initiated by StopAssetImportingV2(NoUpdateAssetOptions)
Importing 'GUID: cc038639965059e48412453ee1dfcd6c - Path: Assets/Resources/ReturnV2/WardenRig/idle/00.png' with importer (TextureImporter)
Imported 'GUID: cc038639965059e48412453ee1dfcd6c' -> (Import Result ID: 'd5cfce772e1a2d7d0e8f843463fe2b4b') in 0.004 seconds [static and dynamic dependencies]. Details - ImportResultOutputID=9be47d9655f346730edccb90136e9a45 DependenciesID=33df022e238cc36d72296137356641e7 StaticDependenciesID=a48b5bec9f21415f0631e8edbcb6cdad 
Asset Pipeline Refresh (id=9122787af68744bf0ad8767ccb99d8e4): Total: 0.025 seconds - Initiated by StopAssetImportingV2(NoUpdateAssetOptions)
Importing 'GUID: 2478bd714894545295efa4395d27ec88 - Path: Assets/Resources/ReturnV2/WardenRig/shutdown/00.png' with importer (TextureImporter)
Imported 'GUID: 2478bd714894545295efa4395d27ec88' -> (Import Result ID: '8cc12a0053ba1fab2cb8563e72255b66') in 0.004 seconds [static and dynamic dependencies]. Details - ImportResultOutputID=2d6cd2986b2bc10c077fd02bc73397f0 DependenciesID=62cfb81ba38b59a51110499f4fcd8f4c StaticDependenciesID=c30c63a92cb81f36eb097da22ab88e99 
Asset Pipeline Refresh (id=cda8fce818bc44edf90b625677403843): Total: 0.026 seconds - Initiated by StopAssetImportingV2(NoUpdateAssetOptions)
Importing 'GUID: 5413fe83ff285d40bfd827678bb96f64 - Path: Assets/Resources/ReturnV2/WardenRig/shutdown/01.png' with importer (TextureImporter)
Imported 'GUID: 5413fe83ff285d40bfd827678bb96f64' -> (Import Result ID: '871a9bd7bb99bc87c9e73dd2c1a2594c') in 0.004 seconds [static and dynamic dependencies]. Details - ImportResultOutputID=e3b54f5db75893cbcaac35ffc8a3be12 DependenciesID=511d491353075bf4bc951b1e73ee99bd StaticDependenciesID=25e5c68930384a3450b47526c205471d 
Asset Pipeline Refresh (id=9d35d5dd776b14870b74a9bf655f7f90): Total: 0.025 seconds - Initiated by StopAssetImportingV2(NoUpdateAssetOptions)
Importing 'GUID: d0519951dd06532eb43155a9bdbc1737 - Path: Assets/Resources/ReturnV2/WardenRig/shutdown/02.png' with importer (TextureImporter)
Imported 'GUID: d0519951dd06532eb43155a9bdbc1737' -> (Import Result ID: '7686bb65cd52c4a25326d4528fb142a9') in 0.004 seconds [static and dynamic dependencies]. Details - ImportResultOutputID=fccd022ee572135be1c899aaa60b40e6 DependenciesID=819a309363cc1d60cebe2a3efffe64f7 StaticDependenciesID=826698f76317383a798a8ef2ee7f722b 
Asset Pipeline Refresh (id=17694b4c525eb4ac49e70af91e21653b): Total: 0.026 seconds - Initiated by StopAssetImportingV2(NoUpdateAssetOptions)
Importing 'GUID: 4fc1ead6fb555bcf99420408535b1c1f - Path: Assets/Resources/ReturnV2/WardenRig/shutdown/03.png' with importer (TextureImporter)
Imported 'GUID: 4fc1ead6fb555bcf99420408535b1c1f' -> (Import Result ID: 'a18dbdddb1264e9a96634ef4eb127d3a') in 0.004 seconds [static and dynamic dependencies]. Details - ImportResultOutputID=0dd84afc1ed0ea153b8e8a64d08a6dd3 DependenciesID=344e9fb2a459f85e39fc7b2a735f0112 StaticDependenciesID=f7fd2af30e170a5d0622dd914544e072 
Asset Pipeline Refresh (id=ea956df4ac8874059992e8119d1c1998): Total: 0.025 seconds - Initiated by StopAssetImportingV2(NoUpdateAssetOptions)
Importing 'GUID: 395d8bf9c98c5db0974c7e4ce0fdf94c - Path: Assets/Resources/ReturnV2/WardenRig/slam/00.png' with importer (TextureImporter)
Imported 'GUID: 395d8bf9c98c5db0974c7e4ce0fdf94c' -> (Import Result ID: '1f880276e90ac6a71807786ae4297ab8') in 0.004 seconds [static and dynamic dependencies]. Details - ImportResultOutputID=e59fe102bfd78b20260fed5094d91736 DependenciesID=c639b275bcf958e9d4f7d015b658d33d StaticDependenciesID=01b15cff31f5c70db8d337b4dfe85190 
Asset Pipeline Refresh (id=277ce9966c30b470a916ec3379857615): Total: 0.025 seconds - Initiated by StopAssetImportingV2(NoUpdateAssetOptions)
Importing 'GUID: 99206575fd3053dfb7a5a1aac5619886 - Path: Assets/Resources/ReturnV2/WardenRig/slam/01.png' with importer (TextureImporter)
Imported 'GUID: 99206575fd3053dfb7a5a1aac5619886' -> (Import Result ID: 'c19d891fc6eead2545e6dd6cb09f86f4') in 0.004 seconds [static and dynamic dependencies]. Details - ImportResultOutputID=d465b27a893ee4f87d10f6caa159b8c0 DependenciesID=38622f03d4e75510c89cf45432dd5fe2 StaticDependenciesID=096724212f97875d9f515668a72ac4e2 
Asset Pipeline Refresh (id=041522b56db684fa28812e847012057c): Total: 0.026 seconds - Initiated by StopAssetImportingV2(NoUpdateAssetOptions)
Importing 'GUID: a2e4531bbd1b57cea3eae779d7348c20 - Path: Assets/Resources/ReturnV2/WardenRig/slam/02.png' with importer (TextureImporter)
Imported 'GUID: a2e4531bbd1b57cea3eae779d7348c20' -> (Import Result ID: '3d832e524845df709a7141ac23a53026') in 0.004 seconds [static and dynamic dependencies]. Details - ImportResultOutputID=36cafad7dc3d915bb51528de3b8b64f9 DependenciesID=b5ddb2a9bb0143f35ca29de9e7737224 StaticDependenciesID=26838b5604d5550b3dd0d7f53d385863 
Asset Pipeline Refresh (id=02ef622d910d44b51b518c7333464c63): Total: 0.025 seconds - Initiated by StopAssetImportingV2(NoUpdateAssetOptions)
Importing 'GUID: fe4f125080605bc190f5c78fce4b6653 - Path: Assets/Resources/ReturnV2/WardenRig/slam/03.png' with importer (TextureImporter)
Imported 'GUID: fe4f125080605bc190f5c78fce4b6653' -> (Import Result ID: 'e682ca1be1ff14f79b78ece41ccaf76b') in 0.004 seconds [static and dynamic dependencies]. Details - ImportResultOutputID=74bfc42ca98584f9f54ea4764c001a5a DependenciesID=020eb690ce9d0f4c776742a49514568d StaticDependenciesID=640f1f011b166e723223d6fe1da0aceb 
Asset Pipeline Refresh (id=cc2f5ac521e6246f7af0ae56696fc97a): Total: 0.025 seconds - Initiated by StopAssetImportingV2(NoUpdateAssetOptions)
Importing 'GUID: b00c33bfcdc55c9ba987a9fed47d66a3 - Path: Assets/Resources/ReturnV2/WardenRig/slam/04.png' with importer (TextureImporter)
Imported 'GUID: b00c33bfcdc55c9ba987a9fed47d66a3' -> (Import Result ID: 'a6f374cbf2ee27af8ba4582391c8a5e1') in 0.004 seconds [static and dynamic dependencies]. Details - ImportResultOutputID=3768b6921dbd679effccf6c3ee385f8d DependenciesID=c8b412abc90c1b77c194ff1001a94952 StaticDependenciesID=c6c9ed5c15eee4d49b14a53c2d4d2942 
Asset Pipeline Refresh (id=0fc7dfb1768bf4335b98cfb6abe814ab): Total: 0.025 seconds - Initiated by StopAssetImportingV2(NoUpdateAssetOptions)
Importing 'GUID: d6394068ba3a5dd2a9ab563dde67470a - Path: Assets/Resources/ReturnV2/WardenRig/slam/05.png' with importer (TextureImporter)
Imported 'GUID: d6394068ba3a5dd2a9ab563dde67470a' -> (Import Result ID: 'ba18122041a55a105256b9e41db6a05f') in 0.004 seconds [static and dynamic dependencies]. Details - ImportResultOutputID=1493ef201c6d2bbe4c403835f864f3c0 DependenciesID=b6590d52a61688b42d84d9b82f0a13c4 StaticDependenciesID=f3d751e1331a28339d623af91d602fe0 
Asset Pipeline Refresh (id=cb6ad32b9c72744749bfe74f4c9aedc3): Total: 0.025 seconds - Initiated by StopAssetImportingV2(NoUpdateAssetOptions)
Importing 'GUID: 9e31a5c2e032549f87181b1f0f1c5c0b - Path: Assets/Resources/ReturnV2/WardenRig/slam/06.png' with importer (TextureImporter)
Imported 'GUID: 9e31a5c2e032549f87181b1f0f1c5c0b' -> (Import Result ID: '3898aaa58f7b8e80f1300c4220063760') in 0.004 seconds [static and dynamic dependencies]. Details - ImportResultOutputID=4644f0724999eff4d5d2f3b7c6c2fed6 DependenciesID=1397b79426dd889107a5215ae535001b StaticDependenciesID=fc275d6ae483ab099a84d350022ffc49 
Asset Pipeline Refresh (id=dfed504ab872f4ec8b2c7fa71f7fdf4b): Total: 0.025 seconds - Initiated by StopAssetImportingV2(NoUpdateAssetOptions)
Importing 'GUID: 4ef4acb0795f5d3ba3e4ab45352f9d30 - Path: Assets/Resources/ReturnV2/WardenRig/slam/07.png' with importer (TextureImporter)
Imported 'GUID: 4ef4acb0795f5d3ba3e4ab45352f9d30' -> (Import Result ID: 'a7e1e5c6e92b49216e338fe82cdec6b3') in 0.004 seconds [static and dynamic dependencies]. Details - ImportResultOutputID=308b9e929e5d146d7b780a4c9aa464a3 DependenciesID=03817eb1d4151635e7fbbf4641fba213 StaticDependenciesID=18891700d7b8cd63e21927fabbb733a7 
Asset Pipeline Refresh (id=e6af50deb930f411f9a68000e7a127eb): Total: 0.025 seconds - Initiated by StopAssetImportingV2(NoUpdateAssetOptions)
Importing 'GUID: 182794f25e645f018fa0eb8df5dbeaf2 - Path: Assets/Resources/ReturnV2/WardenRig/slam/08.png' with importer (TextureImporter)
Imported 'GUID: 182794f25e645f018fa0eb8df5dbeaf2' -> (Import Result ID: '020cdef7a8f1096a2f40d350979b2ec1') in 0.004 seconds [static and dynamic dependencies]. Details - ImportResultOutputID=c914c9dae1b4318454dfdcff9c3ebcca DependenciesID=5be8670479980f2aedb6cb918aede54a StaticDependenciesID=478e9c1cd4a8fe3ce05c963f3cd36a77 
Asset Pipeline Refresh (id=b485e6f24f1ef4d0c8cf32b4627e05fc): Total: 0.026 seconds - Initiated by StopAssetImportingV2(NoUpdateAssetOptions)
Importing 'GUID: ad8fdcf4e990555db6c6399fffd6c6ae - Path: Assets/Resources/ReturnV2/WardenRig/slam/09.png' with importer (TextureImporter)
Imported 'GUID: ad8fdcf4e990555db6c6399fffd6c6ae' -> (Import Result ID: 'e02c0ed67581651aacafbb5ed13b0d5c') in 0.004 seconds [static and dynamic dependencies]. Details - ImportResultOutputID=049f3e6831dfee2b3518cfee16967324 DependenciesID=e6351d81261dfe1d0dcf823237f5d235 StaticDependenciesID=2e63734d9d4279b2a36e9757b9fe50f4 
Asset Pipeline Refresh (id=3c4ef5f67aca6459982853d9f153499e): Total: 0.026 seconds - Initiated by StopAssetImportingV2(NoUpdateAssetOptions)
Importing 'GUID: 6a4e7a29e3c758f59d72fa805dcc8170 - Path: Assets/Resources/ReturnV2/WardenRig/slam/10.png' with importer (TextureImporter)
Imported 'GUID: 6a4e7a29e3c758f59d72fa805dcc8170' -> (Import Result ID: '29fab21f96fbf0c6dadbe5352a6b8c4e') in 0.004 seconds [static and dynamic dependencies]. Details - ImportResultOutputID=f2896176360bb3e76cacfba1118d3a0b DependenciesID=4644f9d59ea9a60e33a5cd5d2f12707f StaticDependenciesID=3fcb38cf058736801b753acf2304fa97 
Asset Pipeline Refresh (id=a4e8ec08e59044b8496122758ee0a1f4): Total: 0.026 seconds - Initiated by StopAssetImportingV2(NoUpdateAssetOptions)
Importing 'GUID: 1ae5e0a4203d59a3af82a1dbd9011817 - Path: Assets/Resources/ReturnV2/WardenRig/slam/11.png' with importer (TextureImporter)
Imported 'GUID: 1ae5e0a4203d59a3af82a1dbd9011817' -> (Import Result ID: '7385cb21b95e8960e6cf14e9a236d820') in 0.004 seconds [static and dynamic dependencies]. Details - ImportResultOutputID=21c481e7af8f8860d6929bf0ec710020 DependenciesID=1cd41d5d4e189ee4bcb30f5fdfc75b68 StaticDependenciesID=d3de56f0db82829d7ef6631ba586c7a4 
Asset Pipeline Refresh (id=a22b21009537d4134b408b11b4e68fc4): Total: 0.026 seconds - Initiated by StopAssetImportingV2(NoUpdateAssetOptions)
Importing 'GUID: db139f17f0485d588167a20b00ffa199 - Path: Assets/Resources/ReturnV2/WardenRig/slam/12.png' with importer (TextureImporter)
Imported 'GUID: db139f17f0485d588167a20b00ffa199' -> (Import Result ID: '21a7f1322d43af6418943404a33db738') in 0.004 seconds [static and dynamic dependencies]. Details - ImportResultOutputID=73a6644a3e201c5aa5b696f0cb359dae DependenciesID=45910ea15e5665a3d9387a5baf316953 StaticDependenciesID=506043f5e79107c78db65f1a4b16cd03 
Asset Pipeline Refresh (id=00d000f3f4d6c46ee90fe651f3d982e7): Total: 0.027 seconds - Initiated by StopAssetImportingV2(NoUpdateAssetOptions)
Importing 'GUID: 8730db1f49ef5754ada1cfd5c114a9ea - Path: Assets/Resources/ReturnV2/WardenRig/slam/13.png' with importer (TextureImporter)
Imported 'GUID: 8730db1f49ef5754ada1cfd5c114a9ea' -> (Import Result ID: 'bf2659c84a669c9123eb0e7ef75b0980') in 0.004 seconds [static and dynamic dependencies]. Details - ImportResultOutputID=89fc618d735bc97a10572b447af4b13b DependenciesID=093163794080002c43bf3dcd683cce0d StaticDependenciesID=f4239ea9e61a5ae9e0c348dd91f92f36 
Asset Pipeline Refresh (id=ac8a32eef243a49129b3d7afd1a39db4): Total: 0.025 seconds - Initiated by StopAssetImportingV2(NoUpdateAssetOptions)
Importing 'GUID: e76de1d2b67453dfa62623a5ca65cee5 - Path: Assets/Resources/ReturnV2/WardenRig/slam/14.png' with importer (TextureImporter)
Imported 'GUID: e76de1d2b67453dfa62623a5ca65cee5' -> (Import Result ID: '37bd4e3f07860cd73bf4f43c4e8a0089') in 0.004 seconds [static and dynamic dependencies]. Details - ImportResultOutputID=f8e8f108fe40dad65c8910c2c3b2dec6 DependenciesID=f4c018fa6b11cb75e4454ba877eadfae StaticDependenciesID=f1034b5aa5666f132f376c9cb36abef9 
Asset Pipeline Refresh (id=81acde95f96b246e39513085cc8b5670): Total: 0.026 seconds - Initiated by StopAssetImportingV2(NoUpdateAssetOptions)
Importing 'GUID: b99f0e5afd035155a4622e28a0c6130e - Path: Assets/Resources/ReturnV2/WardenRig/stagger/00.png' with importer (TextureImporter)
Imported 'GUID: b99f0e5afd035155a4622e28a0c6130e' -> (Import Result ID: '3600b047f7236818f247932c0d6843a4') in 0.004 seconds [static and dynamic dependencies]. Details - ImportResultOutputID=7b8b1c3732a42c95391912eaa5ca5222 DependenciesID=419fbbf66f09348eb248a62b860454fe StaticDependenciesID=296afeb06df44f2cb2db9f79c320477f 
Asset Pipeline Refresh (id=2715fcc02a34145b4b89b5e2130bf48e): Total: 0.026 seconds - Initiated by StopAssetImportingV2(NoUpdateAssetOptions)
Importing 'GUID: a117801dfbb75d9e86011e223822a697 - Path: Assets/Resources/ReturnV2/WardenRig/stagger/01.png' with importer (TextureImporter)
Imported 'GUID: a117801dfbb75d9e86011e223822a697' -> (Import Result ID: '402bb3aa6f0cf6b153e3db9cb7e37086') in 0.004 seconds [static and dynamic dependencies]. Details - ImportResultOutputID=6d499a8eb54e97b2f448783b5ef6c606 DependenciesID=0ef9b08bf208e4cd5c697556417a0d5a StaticDependenciesID=b54ce7798e23a76d9432342724db0893 
Asset Pipeline Refresh (id=45a7b93320e2543978527f5d522ed486): Total: 0.026 seconds - Initiated by StopAssetImportingV2(NoUpdateAssetOptions)
Importing 'GUID: a4ecd3b1318155bab3abc3ef768070f6 - Path: Assets/Resources/ReturnV2/WardenRig/stagger/02.png' with importer (TextureImporter)
Imported 'GUID: a4ecd3b1318155bab3abc3ef768070f6' -> (Import Result ID: 'a45f109fc435566e497fae5fd9764587') in 0.004 seconds [static and dynamic dependencies]. Details - ImportResultOutputID=29d06800d330ecbc1385972798a6b132 DependenciesID=dc509e112232a6dd801fbfb7cb656056 StaticDependenciesID=b8eacbffb72d414870a378053c204f61 
Asset Pipeline Refresh (id=4efd1d4f398fe46eebc501b20d0e6dc4): Total: 0.026 seconds - Initiated by StopAssetImportingV2(NoUpdateAssetOptions)
Importing 'GUID: 3ee6666516a751db9e1c8ba3adec9732 - Path: Assets/Resources/ReturnV2/WardenRig/stagger/03.png' with importer (TextureImporter)
Imported 'GUID: 3ee6666516a751db9e1c8ba3adec9732' -> (Import Result ID: 'c04c2b7b20265236f43c91b09156cfa0') in 0.004 seconds [static and dynamic dependencies]. Details - ImportResultOutputID=c32eee9208719f429eb6f69509aa6255 DependenciesID=f949430abf383ed6a23a688415c162b6 StaticDependenciesID=56e52c711b66918754432d1d0d14a492 
Asset Pipeline Refresh (id=600605a8ba5c248bab695067de357f5b): Total: 0.025 seconds - Initiated by StopAssetImportingV2(NoUpdateAssetOptions)
Importing 'GUID: 7a5c1c3e2ff35a5a8b8b83c1633980b3 - Path: Assets/Resources/ReturnV2/WardenRig/stagger/04.png' with importer (TextureImporter)
Imported 'GUID: 7a5c1c3e2ff35a5a8b8b83c1633980b3' -> (Import Result ID: 'ca231045c4c7a9bc07bf2538765ac51d') in 0.004 seconds [static and dynamic dependencies]. Details - ImportResultOutputID=27a8a11bb4eaffbed2361a539ce81eb7 DependenciesID=a8632a06148fa930d86949016de62e30 StaticDependenciesID=78edc9c0e87d88136dfe197d4cffcb76 
Asset Pipeline Refresh (id=6295158abe82143aca50a6168abb5afc): Total: 0.026 seconds - Initiated by StopAssetImportingV2(NoUpdateAssetOptions)
Importing 'GUID: 39a6e06b39a55e54b8b25bfe5797b071 - Path: Assets/Resources/ReturnV2/WardenRig/stagger/05.png' with importer (TextureImporter)
Imported 'GUID: 39a6e06b39a55e54b8b25bfe5797b071' -> (Import Result ID: '08de3abd5d914223df94f1992bee558a') in 0.004 seconds [static and dynamic dependencies]. Details - ImportResultOutputID=e9829749138e8b1bb84bc8e93529556c DependenciesID=b48b5fb2b81577342e9cc2677bc57c2b StaticDependenciesID=a9f836b49292d368f3de19d7809b3016 
Asset Pipeline Refresh (id=0906f8800964b4c47b204f9eb3cef206): Total: 0.026 seconds - Initiated by StopAssetImportingV2(NoUpdateAssetOptions)
Importing 'GUID: 3038bfbe51c35368aeb09dd4d992da37 - Path: Assets/Resources/ReturnV2/WardenRig/stagger/06.png' with importer (TextureImporter)
Imported 'GUID: 3038bfbe51c35368aeb09dd4d992da37' -> (Import Result ID: '73eb3584405c41be1958ed58b72dc4a1') in 0.004 seconds [static and dynamic dependencies]. Details - ImportResultOutputID=4d63cfa82d3fba0078b42d5d372b74fb DependenciesID=16cb1b7745f7d45f0481b9d38c205847 StaticDependenciesID=f696d4b9bc6980825d825cc2443d82fe 
Asset Pipeline Refresh (id=a61e5e00191914d3a92dec2705549d75): Total: 0.026 seconds - Initiated by StopAssetImportingV2(NoUpdateAssetOptions)
Importing 'GUID: 65b650d6ba7159bf957b295b185cc15c - Path: Assets/Resources/ReturnV2/WardenRig/stagger/07.png' with importer (TextureImporter)
Imported 'GUID: 65b650d6ba7159bf957b295b185cc15c' -> (Import Result ID: 'a9c7a6d7a4963aa2471b642a0bff4d00') in 0.004 seconds [static and dynamic dependencies]. Details - ImportResultOutputID=5f134ce0b34aa3363e2789a5014ca1a8 DependenciesID=2ad13d8f2aeb5b12326ab71c43d0a942 StaticDependenciesID=96aa419ffb807fa3609710d9393799ef 
Asset Pipeline Refresh (id=e973b2600572946958177cb36be8332d): Total: 0.026 seconds - Initiated by StopAssetImportingV2(NoUpdateAssetOptions)
Importing 'GUID: 3074d8b24c7b53b2b6bf62001379cfea - Path: Assets/Resources/ReturnV2/WardenRig/stagger/08.png' with importer (TextureImporter)
Imported 'GUID: 3074d8b24c7b53b2b6bf62001379cfea' -> (Import Result ID: 'e2b6419b9b69c10f8aaa30defae776ae') in 0.004 seconds [static and dynamic dependencies]. Details - ImportResultOutputID=317385e438f7528fa1bf16873085f3c2 DependenciesID=55fe8522f5913a46a1b63961fdb2c724 StaticDependenciesID=3d168044f1780d4031e208947afa0416 
Asset Pipeline Refresh (id=38685645c033849dcbc279d99f0572f0): Total: 0.026 seconds - Initiated by StopAssetImportingV2(NoUpdateAssetOptions)
Importing 'GUID: 2a262edd0aeb5bba884c5e60da498b17 - Path: Assets/Resources/ReturnV2/WardenRig/stagger/09.png' with importer (TextureImporter)
Imported 'GUID: 2a262edd0aeb5bba884c5e60da498b17' -> (Import Result ID: 'c539b1b0819c54413c3dfbf94c887a4c') in 0.004 seconds [static and dynamic dependencies]. Details - ImportResultOutputID=94020ae654b1eb57831d8639f09b84d3 DependenciesID=51f8dc32d8ab31b7aff3d8f8338f5ef5 StaticDependenciesID=7309b5fd85316701514399b001eef8c9 
Asset Pipeline Refresh (id=ed5477ce7d65a44fca4ddae49515f46d): Total: 0.026 seconds - Initiated by StopAssetImportingV2(NoUpdateAssetOptions)
Importing 'GUID: 3547cbee7ab15e1e99394b89f940632d - Path: Assets/Resources/ReturnV2/WardenRig/stagger/10.png' with importer (TextureImporter)
Imported 'GUID: 3547cbee7ab15e1e99394b89f940632d' -> (Import Result ID: 'e777f3a2c536fde9e9bae546aea079e0') in 0.004 seconds [static and dynamic dependencies]. Details - ImportResultOutputID=ebafdc1bec2b09a8a78787fd0c454b8f DependenciesID=a208a6ab505fdea37992056d496c7233 StaticDependenciesID=56a6fca1e304b9450af7f1dbe8452dfe 
Asset Pipeline Refresh (id=6216bebe8d4eb4081883b3ff44839364): Total: 0.026 seconds - Initiated by StopAssetImportingV2(NoUpdateAssetOptions)
Importing 'GUID: e450323c93615987b63c3762b69ab80e - Path: Assets/Resources/ReturnV2/WardenRig/stagger/11.png' with importer (TextureImporter)
Imported 'GUID: e450323c93615987b63c3762b69ab80e' -> (Import Result ID: 'd1754d15992e4d6aec20aa288c173dbd') in 0.004 seconds [static and dynamic dependencies]. Details - ImportResultOutputID=04fc601248902bfbf6999612c7de9742 DependenciesID=268f3e26b1e071c8af4cab9b4bce3d37 StaticDependenciesID=7800d33aa1766215d57c37d346dd775e 
Asset Pipeline Refresh (id=1c78572348c784786a23595743671802): Total: 0.025 seconds - Initiated by StopAssetImportingV2(NoUpdateAssetOptions)
Importing 'GUID: a62aa6f923085f50b84035fc07646073 - Path: Assets/Resources/ReturnV2/WardenV7/boot/00.png' with importer (TextureImporter)
Imported 'GUID: a62aa6f923085f50b84035fc07646073' -> (Import Result ID: 'ac7a4696a62766f3f098bf49dfa239da') in 0.006 seconds [static and dynamic dependencies]. Details - ImportResultOutputID=0f08b430398961d196cbaeb45ebd2fbe DependenciesID=46d19656624f2266de603ea9eaabe264 StaticDependenciesID=28420da3d454bb3204f458089ee03f70 
Asset Pipeline Refresh (id=f4ad9d66d8afe471086a074c62c1f639): Total: 0.027 seconds - Initiated by StopAssetImportingV2(NoUpdateAssetOptions)
Importing 'GUID: 33ac16b3e4b356698d0862deb5ff9d31 - Path: Assets/Resources/ReturnV2/WardenV7/boot/01.png' with importer (TextureImporter)
Imported 'GUID: 33ac16b3e4b356698d0862deb5ff9d31' -> (Import Result ID: 'b69a9924812064abd055e30835b22986') in 0.004 seconds [static and dynamic dependencies]. Details - ImportResultOutputID=1b26db19b0c88775270d9b99b4ac55a5 DependenciesID=3214d171dc5f8a0a3de59a905fd979c9 StaticDependenciesID=573ebc2969314705b19315451aec16f2 
Asset Pipeline Refresh (id=6e9bac6229e4f4ca4a738302edb7b198): Total: 0.025 seconds - Initiated by StopAssetImportingV2(NoUpdateAssetOptions)
Importing 'GUID: 2f7cb99301e053288215ebae929a33fb - Path: Assets/Resources/ReturnV2/WardenV7/boot/02.png' with importer (TextureImporter)
Imported 'GUID: 2f7cb99301e053288215ebae929a33fb' -> (Import Result ID: 'a55426bf773b17957628020f4192f6f9') in 0.004 seconds [static and dynamic dependencies]. Details - ImportResultOutputID=7c7df950d623b16af8dea77fb99814c4 DependenciesID=0a6393d1c91eda7700bfd33a00366ebe StaticDependenciesID=2cf59ccdf7644fec2d7b31f881a62f46 
Asset Pipeline Refresh (id=590348a87ce7f4cb6a0ffa6024a36ad3): Total: 0.025 seconds - Initiated by StopAssetImportingV2(NoUpdateAssetOptions)
Importing 'GUID: de490fbf85125f71b1a949249db76c78 - Path: Assets/Resources/ReturnV2/WardenV7/boot/03.png' with importer (TextureImporter)
Imported 'GUID: de490fbf85125f71b1a949249db76c78' -> (Import Result ID: 'c58318d84ffa6e0b7c35018272be9c3b') in 0.004 seconds [static and dynamic dependencies]. Details - ImportResultOutputID=d6452fce4109e9ef8a168b7a4c63d1f0 DependenciesID=65690e3b6096bd869d58c4b2adea031d StaticDependenciesID=e6da8c76e50e1e20efbdbf14d4e7b26c 
Asset Pipeline Refresh (id=006bd07ae954246ff85996a43f464acb): Total: 0.026 seconds - Initiated by StopAssetImportingV2(NoUpdateAssetOptions)
Importing 'GUID: ca413d66f8255bc6b82bbbf73557386a - Path: Assets/Resources/ReturnV2/WardenV7/boot/04.png' with importer (TextureImporter)
Imported 'GUID: ca413d66f8255bc6b82bbbf73557386a' -> (Import Result ID: '8b7420277fbc0a15bc6b5fb2526e8da2') in 0.004 seconds [static and dynamic dependencies]. Details - ImportResultOutputID=32f6c95caddbbc6974225012e9a6f9f5 DependenciesID=18df818bb9a78ffcac2da034f5c38ad9 StaticDependenciesID=e15b58c1242ff81d02b7a3b8102850f2 
Asset Pipeline Refresh (id=6d42673fd8db242648344f0c3866a379): Total: 0.026 seconds - Initiated by StopAssetImportingV2(NoUpdateAssetOptions)
Importing 'GUID: eea6e510fbdf5f2a9fac6138a118eb9d - Path: Assets/Resources/ReturnV2/WardenV7/boot/05.png' with importer (TextureImporter)
Imported 'GUID: eea6e510fbdf5f2a9fac6138a118eb9d' -> (Import Result ID: '2f18c67c947366f2c7c3af1acfcac104') in 0.004 seconds [static and dynamic dependencies]. Details - ImportResultOutputID=89aba317692946e0750a39a654b96e40 DependenciesID=076327a7265aeb90a400f5800763c38e StaticDependenciesID=e7568c2e11545e25ff34c5ec0fb8d073 
Asset Pipeline Refresh (id=6ce8a6cfc5f7a4d93afe2639a73d9deb): Total: 0.026 seconds - Initiated by StopAssetImportingV2(NoUpdateAssetOptions)
Importing 'GUID: c299233bfa2c593eb46d6e721d7e1f58 - Path: Assets/Resources/ReturnV2/WardenV7/boot/06.png' with importer (TextureImporter)
Imported 'GUID: c299233bfa2c593eb46d6e721d7e1f58' -> (Import Result ID: '97c409e85062b7a27991413b9b544b04') in 0.004 seconds [static and dynamic dependencies]. Details - ImportResultOutputID=fe3a1069d1ae471c80a2b4c9b1580690 DependenciesID=81df743a9516465e84ba03b2a7a15b0d StaticDependenciesID=de9600b5f4d1ad5f847eb3b99501bfa5 
Asset Pipeline Refresh (id=609c88052756642a7a2e2f3a6355c64f): Total: 0.026 seconds - Initiated by StopAssetImportingV2(NoUpdateAssetOptions)
Importing 'GUID: ec096582240e50eeb2c7170ca1659e83 - Path: Assets/Resources/ReturnV2/WardenV7/boot/07.png' with importer (TextureImporter)
Imported 'GUID: ec096582240e50eeb2c7170ca1659e83' -> (Import Result ID: '1af83f55f3273b0971a6e27cdc21694a') in 0.004 seconds [static and dynamic dependencies]. Details - ImportResultOutputID=8504dab02eed809290ba1e3cdd0489f6 DependenciesID=296b330c0fa0d5e053d0862fc314a9b2 StaticDependenciesID=7d41394cd5a757c2480ceabd543e4f98 
Asset Pipeline Refresh (id=5a0eecccab5cc46dc98616df029afe71): Total: 0.026 seconds - Initiated by StopAssetImportingV2(NoUpdateAssetOptions)
Importing 'GUID: c61209979b6b59198e34f20719cd2ac1 - Path: Assets/Resources/ReturnV2/WardenV7/charge-aim/00.png' with importer (TextureImporter)
Imported 'GUID: c61209979b6b59198e34f20719cd2ac1' -> (Import Result ID: 'bdeff74f77929a86b014ffa9d1c055b1') in 0.004 seconds [static and dynamic dependencies]. Details - ImportResultOutputID=8c831e5083b01be57d41f6e030a1c3ba DependenciesID=bfa3ae77cdc859ef37287506f2244554 StaticDependenciesID=3fc05d772b8ab8082452fb4a332768c2 
Asset Pipeline Refresh (id=26715624fa3914ecda8973ad1b6d7b66): Total: 0.026 seconds - Initiated by StopAssetImportingV2(NoUpdateAssetOptions)
Importing 'GUID: 7778920507035d41be62b98d9b530acf - Path: Assets/Resources/ReturnV2/WardenV7/charge-aim/01.png' with importer (TextureImporter)
Imported 'GUID: 7778920507035d41be62b98d9b530acf' -> (Import Result ID: '79e54e06930f10afa9bfc2a32a541715') in 0.005 seconds [static and dynamic dependencies]. Details - ImportResultOutputID=d66b707005d6d649b802df84ad4e2dcb DependenciesID=db98f901257e7e6e91ca2c60ba22e3fb StaticDependenciesID=f3a57b307f1a9f372972b2431c16ac51 
Asset Pipeline Refresh (id=d8fd7e8df9e3947d0be5c0ae7cb23f63): Total: 0.031 seconds - Initiated by StopAssetImportingV2(NoUpdateAssetOptions)
Importing 'GUID: a605be7065075243a2300495d304367a - Path: Assets/Resources/ReturnV2/WardenV7/charge-aim/02.png' with importer (TextureImporter)
Imported 'GUID: a605be7065075243a2300495d304367a' -> (Import Result ID: 'fd6041442ee21d617a52c905965e1c55') in 0.004 seconds [static and dynamic dependencies]. Details - ImportResultOutputID=3df9fde1e9ec4db3ee5101ed8ae01685 DependenciesID=f44c19a6f3b5455ce753c7da441e551c StaticDependenciesID=127db2d03246778a7d3a75c3b8daf7bd 
Asset Pipeline Refresh (id=64bbde06716ed4594925406899bd6202): Total: 0.025 seconds - Initiated by StopAssetImportingV2(NoUpdateAssetOptions)
Importing 'GUID: eda7a21965d45af493fef6a1be25df34 - Path: Assets/Resources/ReturnV2/WardenV7/charge-crash/00.png' with importer (TextureImporter)
Imported 'GUID: eda7a21965d45af493fef6a1be25df34' -> (Import Result ID: 'aedd4ca0b51cbf5900c0a02eb53c8285') in 0.004 seconds [static and dynamic dependencies]. Details - ImportResultOutputID=2090c2e3fd7317fb6276e55ff0ba3884 DependenciesID=6f270271d4268fa779500bf1b337d9e2 StaticDependenciesID=53ab850a6593a9a83df146dd4131dc9d 
Asset Pipeline Refresh (id=e15386588ebf14d4d9e6fef3518780d7): Total: 0.026 seconds - Initiated by StopAssetImportingV2(NoUpdateAssetOptions)
Importing 'GUID: 82c6401705ac5eb1898a2d35d273e53a - Path: Assets/Resources/ReturnV2/WardenV7/charge-crash/01.png' with importer (TextureImporter)
Imported 'GUID: 82c6401705ac5eb1898a2d35d273e53a' -> (Import Result ID: '263fa68f8f417034639b7ca0c0ee9f8f') in 0.004 seconds [static and dynamic dependencies]. Details - ImportResultOutputID=556f7b9f7371f299840b11b5e5853be9 DependenciesID=3aa9bd3c83886fa9c131d07df00da29b StaticDependenciesID=6b69494bd3b8cefe309f5d30d1f5be71 
Asset Pipeline Refresh (id=ceb67296292404b09a8ce46dbf2c15d5): Total: 0.026 seconds - Initiated by StopAssetImportingV2(NoUpdateAssetOptions)
Importing 'GUID: 42bf400c42545876a526233179e40a30 - Path: Assets/Resources/ReturnV2/WardenV7/charge-crash/02.png' with importer (TextureImporter)
Imported 'GUID: 42bf400c42545876a526233179e40a30' -> (Import Result ID: 'c360105ff4e7495537b648223e964154') in 0.004 seconds [static and dynamic dependencies]. Details - ImportResultOutputID=f42fa110ed9143b6ad8f6b011b007196 DependenciesID=0319d621853dffa5a0315f3c306eead3 StaticDependenciesID=fb6e92ee0cd46bedf361bfbcc4358189 
Asset Pipeline Refresh (id=3ca83288d076c4872b556ca864a673ce): Total: 0.027 seconds - Initiated by StopAssetImportingV2(NoUpdateAssetOptions)
Importing 'GUID: 48a73c8fdd46596ba57a2498f470edbd - Path: Assets/Resources/ReturnV2/WardenV7/charge-crash/03.png' with importer (TextureImporter)
Imported 'GUID: 48a73c8fdd46596ba57a2498f470edbd' -> (Import Result ID: 'ee3f202d173c416503f2fde4c83f2bcf') in 0.004 seconds [static and dynamic dependencies]. Details - ImportResultOutputID=adf2d02062c0f59aef558bcb5ac48e8d DependenciesID=1f66e89767ae1f8e4e9879eddef2fabd StaticDependenciesID=d45db65b156cde439c079b705116ef47 
Asset Pipeline Refresh (id=0b2bac4238d044ed58f5cc23b3942cc2): Total: 0.025 seconds - Initiated by StopAssetImportingV2(NoUpdateAssetOptions)
Importing 'GUID: f1d30e47e081537980aeeb42d0baf45a - Path: Assets/Resources/ReturnV2/WardenV7/charge-crash/04.png' with importer (TextureImporter)
Imported 'GUID: f1d30e47e081537980aeeb42d0baf45a' -> (Import Result ID: '5f446ad605208c8f4978cce4ddc30202') in 0.004 seconds [static and dynamic dependencies]. Details - ImportResultOutputID=f753a9bf5a53a6677b0faa87ad885875 DependenciesID=f569f32ecfaf36bcfa422f19029af08d StaticDependenciesID=903f8b03bbff22eeb5bdb592e81f1b6e 
Asset Pipeline Refresh (id=c46a5faccd7c54913a4bdc0ff9fa0b28): Total: 0.026 seconds - Initiated by StopAssetImportingV2(NoUpdateAssetOptions)
Importing 'GUID: 0f43d8aa72475264b4e1ccdcf051a5e4 - Path: Assets/Resources/ReturnV2/WardenV7/charge-crash/05.png' with importer (TextureImporter)
Imported 'GUID: 0f43d8aa72475264b4e1ccdcf051a5e4' -> (Import Result ID: '3737af363cfaf66ce6d3d2d12db9e6d0') in 0.004 seconds [static and dynamic dependencies]. Details - ImportResultOutputID=b4cac1c4b8db11e436226ccaf66b63bb DependenciesID=eeda114c67d86bd10e80f8e1f68e40a8 StaticDependenciesID=f6e212e5a762f87edbf01e558454b856 
Asset Pipeline Refresh (id=d31a86c4b3817487691e047c56ba74ef): Total: 0.026 seconds - Initiated by StopAssetImportingV2(NoUpdateAssetOptions)
Importing 'GUID: 5166d5b8db05597c89ed68981d289a56 - Path: Assets/Resources/ReturnV2/WardenV7/charge-crash/06.png' with importer (TextureImporter)
Imported 'GUID: 5166d5b8db05597c89ed68981d289a56' -> (Import Result ID: '91c537dc9f9daa3270b971f14a6d734c') in 0.004 seconds [static and dynamic dependencies]. Details - ImportResultOutputID=b6e9f4118a421c491c91c162c35e3e77 DependenciesID=1f0fc684591eb4c6f56bfe519dbe5678 StaticDependenciesID=0049eeb6f5f27bdbbac7e6055d164374 
Asset Pipeline Refresh (id=883a8779f7c0649bda7c6f073800fbe8): Total: 0.026 seconds - Initiated by StopAssetImportingV2(NoUpdateAssetOptions)
Importing 'GUID: 4e0fa1feb2d8580f9066b095d6ecf6df - Path: Assets/Resources/ReturnV2/WardenV7/charge-roll/00.png' with importer (TextureImporter)
Imported 'GUID: 4e0fa1feb2d8580f9066b095d6ecf6df' -> (Import Result ID: '58ac0d036578fe421adc332993b7254d') in 0.004 seconds [static and dynamic dependencies]. Details - ImportResultOutputID=ed4376d821ed3e920da391c927153395 DependenciesID=30173981b5c7f98ab8528fdb4ba402e4 StaticDependenciesID=d29bcf169ba4fe2d379f50ff98d08972 
Asset Pipeline Refresh (id=09eec6d056da94673b0ceb6bd89e4d81): Total: 0.026 seconds - Initiated by StopAssetImportingV2(NoUpdateAssetOptions)
Importing 'GUID: 5a1528513d11555b89b775760281eb2b - Path: Assets/Resources/ReturnV2/WardenV7/charge-roll/01.png' with importer (TextureImporter)
Imported 'GUID: 5a1528513d11555b89b775760281eb2b' -> (Import Result ID: 'e3fb5ed54456e98c3baf7d26ec071400') in 0.004 seconds [static and dynamic dependencies]. Details - ImportResultOutputID=5f2cb0df785a148e1ea764e716cc2aba DependenciesID=71693defb21252fc9826050ab439174a StaticDependenciesID=2cde98915cf969da73bd82b98b04464e 
Asset Pipeline Refresh (id=f8b6780c22e2d474f93e3bb43840d130): Total: 0.026 seconds - Initiated by StopAssetImportingV2(NoUpdateAssetOptions)
Importing 'GUID: c979ecc2cbda543ea8fa94f6262caf60 - Path: Assets/Resources/ReturnV2/WardenV7/charge-roll/02.png' with importer (TextureImporter)
Imported 'GUID: c979ecc2cbda543ea8fa94f6262caf60' -> (Import Result ID: '2d54f1eecf28def8bc15fd160e0b5a01') in 0.004 seconds [static and dynamic dependencies]. Details - ImportResultOutputID=5356a8e7dbef47e21f2c727442516b71 DependenciesID=09e90a203dd81a4bb6df55bbbffdc34b StaticDependenciesID=fca11dd49b9175156e6dd6b74ad7ea62 
Asset Pipeline Refresh (id=e94ba5e5a60254269a243ee659cbfc68): Total: 0.026 seconds - Initiated by StopAssetImportingV2(NoUpdateAssetOptions)
Importing 'GUID: 1981ab4e026f5964a38a4ab786096c7a - Path: Assets/Resources/ReturnV2/WardenV7/core-flash/00.png' with importer (TextureImporter)
Imported 'GUID: 1981ab4e026f5964a38a4ab786096c7a' -> (Import Result ID: '843499f60840367c456f7c27be200547') in 0.003 seconds [static and dynamic dependencies]. Details - ImportResultOutputID=9c6df203e5d5af5445a12411bd558b8d DependenciesID=efc97d6fd707c538af29d104b4b2d4a8 StaticDependenciesID=1714736e0b86652b51709f9cad48bff0 
Asset Pipeline Refresh (id=35c70a6ca4a4d4afbb824a7fc7d60a81): Total: 0.025 seconds - Initiated by StopAssetImportingV2(NoUpdateAssetOptions)
Importing 'GUID: 3a814ed04e195f9b88f481b580cc5255 - Path: Assets/Resources/ReturnV2/WardenV7/core-flash/01.png' with importer (TextureImporter)
Imported 'GUID: 3a814ed04e195f9b88f481b580cc5255' -> (Import Result ID: 'a6ef46e1b8dd6f7a03cc5d21a01503fa') in 0.004 seconds [static and dynamic dependencies]. Details - ImportResultOutputID=a9e77a71f9a68517d977cfbfa78da3a1 DependenciesID=4188460c2116ada017b16797831ba604 StaticDependenciesID=728184dc1dd143bb704cdf7d7e66126e 
Asset Pipeline Refresh (id=f2141b3f61c3d43a4990f6ab6a427f4c): Total: 0.025 seconds - Initiated by StopAssetImportingV2(NoUpdateAssetOptions)
Importing 'GUID: 9a9ea97d5bda52b18f25d66fb523ee74 - Path: Assets/Resources/ReturnV2/WardenV7/defeat/00.png' with importer (TextureImporter)
Imported 'GUID: 9a9ea97d5bda52b18f25d66fb523ee74' -> (Import Result ID: '53341701434a204bfdee9bbc1c59899b') in 0.004 seconds [static and dynamic dependencies]. Details - ImportResultOutputID=a4ca92f4920cdcae06f18cff8186891f DependenciesID=f25bd8f94a35dd8e152de7c5b7f1b505 StaticDependenciesID=ae194f5b205cec02ea1b69d1fdccc102 
Asset Pipeline Refresh (id=8fe9d4cfe1ef84056a7ffbb996fe0e2b): Total: 0.025 seconds - Initiated by StopAssetImportingV2(NoUpdateAssetOptions)
Importing 'GUID: a3c671ce30a6520982886b41d6a900d5 - Path: Assets/Resources/ReturnV2/WardenV7/defeat/01.png' with importer (TextureImporter)
Imported 'GUID: a3c671ce30a6520982886b41d6a900d5' -> (Import Result ID: '60d8a6359333480355c89fba5de3e5e8') in 0.004 seconds [static and dynamic dependencies]. Details - ImportResultOutputID=6e92b61616c16c7cbaa165b7c73c2bf7 DependenciesID=9ace533f49d6ff94ec2899dde5d6f337 StaticDependenciesID=5cbce9e7687e3c4e407f9cd08b52017c 
Asset Pipeline Refresh (id=3a187f106cc244729b08c178c2a4e5e2): Total: 0.025 seconds - Initiated by StopAssetImportingV2(NoUpdateAssetOptions)
Importing 'GUID: 5c4f82678ab35664a2e86d993f433d5b - Path: Assets/Resources/ReturnV2/WardenV7/defeat/02.png' with importer (TextureImporter)
Imported 'GUID: 5c4f82678ab35664a2e86d993f433d5b' -> (Import Result ID: '7b89461c995a368f3c889f371a0d6d6f') in 0.004 seconds [static and dynamic dependencies]. Details - ImportResultOutputID=bae2de5cad1d5afba6fe4566108157ff DependenciesID=aa5776278fdde98f7bf50da0bd169957 StaticDependenciesID=d6d4010dd2687ef47a29a67eefc22ae7 
Asset Pipeline Refresh (id=2cf72832e87054386ba1757fe14fe3b0): Total: 0.026 seconds - Initiated by StopAssetImportingV2(NoUpdateAssetOptions)
Importing 'GUID: 193d0977499b5477b9c61527c14faaf2 - Path: Assets/Resources/ReturnV2/WardenV7/defeat/03.png' with importer (TextureImporter)
Imported 'GUID: 193d0977499b5477b9c61527c14faaf2' -> (Import Result ID: '8a5f23efa383035cd75a7159c47d1447') in 0.004 seconds [static and dynamic dependencies]. Details - ImportResultOutputID=b1d7a47326c7bf06815ea237fd82a2cb DependenciesID=df7b05937a67978b4de5a5a0a8687330 StaticDependenciesID=569515e68e41bf30b43ff8f0ce9c0a27 
Asset Pipeline Refresh (id=2d7e9521c2bcf4324a7f26ea62bc2d27): Total: 0.025 seconds - Initiated by StopAssetImportingV2(NoUpdateAssetOptions)
Importing 'GUID: f050c53ec5b15dce824d1a27538ccc13 - Path: Assets/Resources/ReturnV2/WardenV7/defeat/04.png' with importer (TextureImporter)
Imported 'GUID: f050c53ec5b15dce824d1a27538ccc13' -> (Import Result ID: 'a47a087508c458a812fb81a8616db2fa') in 0.004 seconds [static and dynamic dependencies]. Details - ImportResultOutputID=90877a0b4fe478c3ffde4f76036f5f67 DependenciesID=29e4e20699c3e3d466e3b752c4253fb1 StaticDependenciesID=b41e9e8424e502fdc899d34928c86d1d 
Asset Pipeline Refresh (id=11411871ad62549cfa0487117a398372): Total: 0.026 seconds - Initiated by StopAssetImportingV2(NoUpdateAssetOptions)
Importing 'GUID: 64c83f2d005d53d08448f313a7306c18 - Path: Assets/Resources/ReturnV2/WardenV7/defeat/05.png' with importer (TextureImporter)
Imported 'GUID: 64c83f2d005d53d08448f313a7306c18' -> (Import Result ID: 'b5fe0bc6d9d9e834a25c5a63d4882d47') in 0.004 seconds [static and dynamic dependencies]. Details - ImportResultOutputID=c42090dd432b99cab5f00ffaadd92189 DependenciesID=94aef054d29ca154605bcf61f3068a5a StaticDependenciesID=339cbfc87f6fb803970b1ea62284dd9c 
Asset Pipeline Refresh (id=5b22eb03cae8044859d1a0153323bea9): Total: 0.025 seconds - Initiated by StopAssetImportingV2(NoUpdateAssetOptions)
Importing 'GUID: 4472994b88c451578c584737f7473e7e - Path: Assets/Resources/ReturnV2/WardenV7/idle/00.png' with importer (TextureImporter)
Imported 'GUID: 4472994b88c451578c584737f7473e7e' -> (Import Result ID: 'd7b5376bb760368507c94890c75a77fe') in 0.004 seconds [static and dynamic dependencies]. Details - ImportResultOutputID=a5ae3690ed959b64b3482a2f1929c84a DependenciesID=6f68f7176919210da5398c7d80d408fc StaticDependenciesID=c7173f2d3b98429547475c1f45ba0564 
Asset Pipeline Refresh (id=7d29581b1caae4aad8645ca477bb8462): Total: 0.026 seconds - Initiated by StopAssetImportingV2(NoUpdateAssetOptions)
Importing 'GUID: af42dd35968052dd8e463dd8fe823013 - Path: Assets/Resources/ReturnV2/WardenV7/idle/01.png' with importer (TextureImporter)
Imported 'GUID: af42dd35968052dd8e463dd8fe823013' -> (Import Result ID: '8ec8716fc782fc8a816e51255c43ea5f') in 0.004 seconds [static and dynamic dependencies]. Details - ImportResultOutputID=2aeb5b2fb9c1cfd5d632c61467c9aae8 DependenciesID=d68a58cad28deaee9baef1ffba2ac0f6 StaticDependenciesID=94188acaba23521af7e41727d8038eda 
Asset Pipeline Refresh (id=f5b432bf01c6e4dba9518b971a446ad3): Total: 0.026 seconds - Initiated by StopAssetImportingV2(NoUpdateAssetOptions)
Importing 'GUID: 7a4f58236b5c5470ad8daf9c26019fce - Path: Assets/Resources/ReturnV2/WardenV7/idle/02.png' with importer (TextureImporter)
Imported 'GUID: 7a4f58236b5c5470ad8daf9c26019fce' -> (Import Result ID: '5f91fb996baadba87ed1ed2a87a957a1') in 0.004 seconds [static and dynamic dependencies]. Details - ImportResultOutputID=bc769194964c65504b2046f9dfe60eab DependenciesID=59a34b962dd5e5dc1359d786b7b8be8f StaticDependenciesID=65b09fb1e8e3dbcf7304aa0083cc46f5 
Asset Pipeline Refresh (id=243658cd280384886af405d38e50ff21): Total: 0.026 seconds - Initiated by StopAssetImportingV2(NoUpdateAssetOptions)
Importing 'GUID: 6ff1bbc0ae825590b0f77fadccd5acd6 - Path: Assets/Resources/ReturnV2/WardenV7/idle/03.png' with importer (TextureImporter)
Imported 'GUID: 6ff1bbc0ae825590b0f77fadccd5acd6' -> (Import Result ID: '06e5c795e9a183e9ead86d2838ab2a75') in 0.004 seconds [static and dynamic dependencies]. Details - ImportResultOutputID=56d204575ee2e7ede72e15738e9c49c6 DependenciesID=a29738ca6e71156540b214fcf5fed769 StaticDependenciesID=0df3b7db133c612f1930a2d912140ca7 
Asset Pipeline Refresh (id=f665c6bd7423644ebab3ee9a5af98e0c): Total: 0.025 seconds - Initiated by StopAssetImportingV2(NoUpdateAssetOptions)
Importing 'GUID: 4c9f4ca78cee5e759a4aba4b0f84d2f6 - Path: Assets/Resources/ReturnV2/WardenV7/idle/04.png' with importer (TextureImporter)
Imported 'GUID: 4c9f4ca78cee5e759a4aba4b0f84d2f6' -> (Import Result ID: '77c50820ef0fa8c86ec9c90a9bae8a9d') in 0.004 seconds [static and dynamic dependencies]. Details - ImportResultOutputID=8fec8e47290e36ebcfd624367e20d8ca DependenciesID=ec0850e9a3698694751a7ebd0bf2be4f StaticDependenciesID=1b50c67b1fd829031ea220c538189160 
Asset Pipeline Refresh (id=a5816092e06594181aaab941a3833664): Total: 0.026 seconds - Initiated by StopAssetImportingV2(NoUpdateAssetOptions)
Importing 'GUID: 7e76aad2b8f95166b8667e3a0c4801a2 - Path: Assets/Resources/ReturnV2/WardenV7/idle/05.png' with importer (TextureImporter)
Imported 'GUID: 7e76aad2b8f95166b8667e3a0c4801a2' -> (Import Result ID: '740fa5aacffcdea65ccb37d314586385') in 0.004 seconds [static and dynamic dependencies]. Details - ImportResultOutputID=b5eefa971d328512e9f57b6922ac3072 DependenciesID=3cec53d0bf30cf496e587dac9d54068b StaticDependenciesID=29b69722fc07f20ec09a8e2a158e45ae 
Asset Pipeline Refresh (id=e2a417d09bad64cb9b0880fea6138124): Total: 0.026 seconds - Initiated by StopAssetImportingV2(NoUpdateAssetOptions)
Importing 'GUID: a74ffd2a156c55359022d974f10804ed - Path: Assets/Resources/ReturnV2/WardenV7/idle/06.png' with importer (TextureImporter)
Imported 'GUID: a74ffd2a156c55359022d974f10804ed' -> (Import Result ID: '87f7e3f93dd4d8fb1d4b6654f0b9b66f') in 0.004 seconds [static and dynamic dependencies]. Details - ImportResultOutputID=39c70e569251f2a3bd55ed326d3e9af3 DependenciesID=ce63dc0b9f9ca1c176e1d0a462cd322a StaticDependenciesID=1f140310b7028b39c0e44d100deb4deb 
Asset Pipeline Refresh (id=1b2572af3fb224ea5bd3f34fe965bcde): Total: 0.026 seconds - Initiated by StopAssetImportingV2(NoUpdateAssetOptions)
Importing 'GUID: 7c27f9adb5e350f3b1918f421ff8559d - Path: Assets/Resources/ReturnV2/WardenV7/idle/07.png' with importer (TextureImporter)
Imported 'GUID: 7c27f9adb5e350f3b1918f421ff8559d' -> (Import Result ID: '863e988540ecf9ab90547043ca4e7394') in 0.004 seconds [static and dynamic dependencies]. Details - ImportResultOutputID=9cdc220fbdd1af9e578473d1acdd4722 DependenciesID=5b4536210e3fd75e1c64718829353268 StaticDependenciesID=8b2182411fef205bca5bde4ec2e54632 
Asset Pipeline Refresh (id=73ec69eb100a24dbdba8de05997e9545): Total: 0.026 seconds - Initiated by StopAssetImportingV2(NoUpdateAssetOptions)
Importing 'GUID: 799b46286bd35099b16f33f45de32841 - Path: Assets/Resources/ReturnV2/WardenV7/slam-fall/00.png' with importer (TextureImporter)
Imported 'GUID: 799b46286bd35099b16f33f45de32841' -> (Import Result ID: 'fb347a54dd4d2a3ebe28328bfba94cb1') in 0.004 seconds [static and dynamic dependencies]. Details - ImportResultOutputID=8df548dece213eb8e1c3617355419350 DependenciesID=f2ffc38ce854d01c6431cb50ebfb8ff7 StaticDependenciesID=68fcad51678c2c8dd21dd9e836c62e0f 
Asset Pipeline Refresh (id=79560fda0eb8f4b4ea0bb48741a02c36): Total: 0.026 seconds - Initiated by StopAssetImportingV2(NoUpdateAssetOptions)
Importing 'GUID: d931f16b118c5a8d8ab7b061d56eb8b9 - Path: Assets/Resources/ReturnV2/WardenV7/slam-fall/01.png' with importer (TextureImporter)
Imported 'GUID: d931f16b118c5a8d8ab7b061d56eb8b9' -> (Import Result ID: '93efbe966fc06fe96b6e95a75b30abdd') in 0.004 seconds [static and dynamic dependencies]. Details - ImportResultOutputID=d732a0a54b3f8964cd1fe01a1e6e746f DependenciesID=c921d10e330ec455a4e69bce4ca7fa96 StaticDependenciesID=604d00cfa6faaa840d996775c91d940d 
Asset Pipeline Refresh (id=92cb16481a2354ce9aa93dac13bf2500): Total: 0.026 seconds - Initiated by StopAssetImportingV2(NoUpdateAssetOptions)
Importing 'GUID: 6929ddb18e0b5705bb9d82a19507e0de - Path: Assets/Resources/ReturnV2/WardenV7/slam-land/00.png' with importer (TextureImporter)
Imported 'GUID: 6929ddb18e0b5705bb9d82a19507e0de' -> (Import Result ID: '594b5f0dbee1a644eeb0c9efdcec11e8') in 0.004 seconds [static and dynamic dependencies]. Details - ImportResultOutputID=e2a52e93618d6e387fed44fc5a73feff DependenciesID=0fe86bc06ed594ab9b6bce53b2fb32dc StaticDependenciesID=4c3069d317c436c905e1a65ed700eabf 
Asset Pipeline Refresh (id=f1d04e05906a640bcbb7ca78fafc7ea9): Total: 0.026 seconds - Initiated by StopAssetImportingV2(NoUpdateAssetOptions)
Importing 'GUID: d7e43239b997517d965c5819334ffba0 - Path: Assets/Resources/ReturnV2/WardenV7/slam-land/01.png' with importer (TextureImporter)
Imported 'GUID: d7e43239b997517d965c5819334ffba0' -> (Import Result ID: '2ed9801a0d73786ee5d93d7058a5f5fd') in 0.004 seconds [static and dynamic dependencies]. Details - ImportResultOutputID=752e81f8e1d2a201c47e4a30fee0ef65 DependenciesID=d975190a14cabce70cf9fe63ce783ed3 StaticDependenciesID=fb88d5ac5c249b9d4c17f0b3231a0ee7 
Asset Pipeline Refresh (id=8ee50548871fd404ca62f8e4da6b0625): Total: 0.026 seconds - Initiated by StopAssetImportingV2(NoUpdateAssetOptions)
Importing 'GUID: 8719367814ed590d9bd9a340532a090d - Path: Assets/Resources/ReturnV2/WardenV7/slam-land/02.png' with importer (TextureImporter)
Imported 'GUID: 8719367814ed590d9bd9a340532a090d' -> (Import Result ID: 'bd553b18f75db60268937697a2bb661e') in 0.004 seconds [static and dynamic dependencies]. Details - ImportResultOutputID=9d388ea267d47325190ee3222ea311ae DependenciesID=69e4b7c7100a9d60ff97d95c4731ed8e StaticDependenciesID=efafb6d533d03d19e05d044c75624da3 
Asset Pipeline Refresh (id=24021114db02a431ebd99cdd0ab6d173): Total: 0.026 seconds - Initiated by StopAssetImportingV2(NoUpdateAssetOptions)
Importing 'GUID: 8597db4012625453b71faa87056cfe4e - Path: Assets/Resources/ReturnV2/WardenV7/slam-rise/00.png' with importer (TextureImporter)
Imported 'GUID: 8597db4012625453b71faa87056cfe4e' -> (Import Result ID: '3cfbd08519d1a99c0d971159e0010631') in 0.004 seconds [static and dynamic dependencies]. Details - ImportResultOutputID=171038a0cc90ee6671c4c6e3358b04dc DependenciesID=2d2e18b4867ce5c7b27f47fed0c24cd5 StaticDependenciesID=7773b54263df00107d8fb74f16383cae 
Asset Pipeline Refresh (id=7267e7666f20a4cba9af3bc9109970e9): Total: 0.026 seconds - Initiated by StopAssetImportingV2(NoUpdateAssetOptions)
Importing 'GUID: bd9abbcea2a75b028df4cb326c8a18ac - Path: Assets/Resources/ReturnV2/WardenV7/slam-rise/01.png' with importer (TextureImporter)
Imported 'GUID: bd9abbcea2a75b028df4cb326c8a18ac' -> (Import Result ID: '82e200c9fee0571eea71c9a4a217a2a0') in 0.004 seconds [static and dynamic dependencies]. Details - ImportResultOutputID=9acf5707b91872ef769b7a5b517b529a DependenciesID=f37de3b896b58c59c6e40b661da0e29e StaticDependenciesID=762b04d98f6412edc0e440d5f693712c 
Asset Pipeline Refresh (id=81e513757a6224a5d98627db2567ae10): Total: 0.025 seconds - Initiated by StopAssetImportingV2(NoUpdateAssetOptions)
Importing 'GUID: 237304ba5bc254c1a6ae24da3a515f27 - Path: Assets/Resources/ReturnV2/WardenV7/slam-rise/02.png' with importer (TextureImporter)
Imported 'GUID: 237304ba5bc254c1a6ae24da3a515f27' -> (Import Result ID: '8bc89fb4c18ad5d32206f555c344f604') in 0.004 seconds [static and dynamic dependencies]. Details - ImportResultOutputID=114930f7f9de1f27996c413d9fe2c6a7 DependenciesID=cab193d24d549dc58acf4fc2f7e60ba4 StaticDependenciesID=f6aaaa7919bff136e2e84c8a612e97bc 
Asset Pipeline Refresh (id=2b144e4e45ff74dd5abf8b0e17c25c04): Total: 0.026 seconds - Initiated by StopAssetImportingV2(NoUpdateAssetOptions)
Importing 'GUID: cbd4e1187e305f0cbd56b5697e014476 - Path: Assets/Resources/ReturnV2/WardenV7/slam-rise/03.png' with importer (TextureImporter)
Imported 'GUID: cbd4e1187e305f0cbd56b5697e014476' -> (Import Result ID: 'b680c0540db0eeb15f1bc493901d4471') in 0.004 seconds [static and dynamic dependencies]. Details - ImportResultOutputID=9f1e431397d5280e945655fb7d220dc4 DependenciesID=96ef5af852809b187b32950229ec7a71 StaticDependenciesID=9d505f85642738017ed5d9efbe79661b 
Asset Pipeline Refresh (id=17d9b52d45fab4c87be5faea85454988): Total: 0.026 seconds - Initiated by StopAssetImportingV2(NoUpdateAssetOptions)
Importing 'GUID: 6fb3cc42edf354ee886b9ae35f71fa86 - Path: Assets/Resources/ReturnV2/WardenV7/slam-rise/04.png' with importer (TextureImporter)
Imported 'GUID: 6fb3cc42edf354ee886b9ae35f71fa86' -> (Import Result ID: '16eaa3bbaa1c06d7bd53a6fcf37d9473') in 0.004 seconds [static and dynamic dependencies]. Details - ImportResultOutputID=8ad336d5f402e37149f65d61238c045f DependenciesID=d5894a67aa8b1649ddfe2bba0459eb40 StaticDependenciesID=3bcdebcbcafad568aafc57ae2258a073 
Asset Pipeline Refresh (id=08611d52df30b43abbfaf76371a915c7): Total: 0.025 seconds - Initiated by StopAssetImportingV2(NoUpdateAssetOptions)
Importing 'GUID: 7724398c91fa5690a55959d2bfb0ce38 - Path: Assets/Resources/ReturnV2/WardenV7/stagger-close/00.png' with importer (TextureImporter)
Imported 'GUID: 7724398c91fa5690a55959d2bfb0ce38' -> (Import Result ID: '56a9a29c6670c79226a1afb89c8d9bed') in 0.004 seconds [static and dynamic dependencies]. Details - ImportResultOutputID=7cbaca92a1e3ea144fc8d22cc2910520 DependenciesID=1c1c8c51fc4d145eb306a60ccb9098b6 StaticDependenciesID=49afc7ba06d0fbacbbd058f229cc84cb 
Asset Pipeline Refresh (id=eeb5268dd40364a4da4bd022e0134566): Total: 0.026 seconds - Initiated by StopAssetImportingV2(NoUpdateAssetOptions)
Importing 'GUID: 977fd9bfd9135cbea27c97ef8b0768ec - Path: Assets/Resources/ReturnV2/WardenV7/stagger-close/01.png' with importer (TextureImporter)
Imported 'GUID: 977fd9bfd9135cbea27c97ef8b0768ec' -> (Import Result ID: 'f0a448f8808571c70718e180d4b6523a') in 0.004 seconds [static and dynamic dependencies]. Details - ImportResultOutputID=d7ce9891bb8176c46f4591c3d3ce6cf9 DependenciesID=d1d6949f7838976421e554d4ffcf350d StaticDependenciesID=0e6ce904964f5998d8a9dd8eca63d450 
Asset Pipeline Refresh (id=151ff38dfe9ba4994b44d66881776968): Total: 0.026 seconds - Initiated by StopAssetImportingV2(NoUpdateAssetOptions)
Importing 'GUID: f32675e804c6526282280499165ab4a0 - Path: Assets/Resources/ReturnV2/WardenV7/stagger-close/02.png' with importer (TextureImporter)
Imported 'GUID: f32675e804c6526282280499165ab4a0' -> (Import Result ID: '4ec16f1bcdf94f84fe14421ce6e2bc06') in 0.004 seconds [static and dynamic dependencies]. Details - ImportResultOutputID=6ab06c1ce1cfae738fd91135a12fdc58 DependenciesID=b95ea290f68a28d59a5ee93e75909dfc StaticDependenciesID=22a56c94f5a7fd5b706017cd7edf2754 
Asset Pipeline Refresh (id=12cd84a936e194d51a15a6360de78413): Total: 0.026 seconds - Initiated by StopAssetImportingV2(NoUpdateAssetOptions)
Importing 'GUID: ca9cba32c73e53be8de50c08d585b53b - Path: Assets/Resources/ReturnV2/WardenV7/stagger-close/03.png' with importer (TextureImporter)
Imported 'GUID: ca9cba32c73e53be8de50c08d585b53b' -> (Import Result ID: '2d6d277d6088aa777d65f356e1ff7e90') in 0.004 seconds [static and dynamic dependencies]. Details - ImportResultOutputID=2fb4bc58b79513724844b0c4e139efe5 DependenciesID=739e874f7f8d6dc08e9c7b0126ce4296 StaticDependenciesID=3fb076551693d855595d67a213f85648 
Asset Pipeline Refresh (id=3920fe03e69ca4c0291af57981ae94dc): Total: 0.026 seconds - Initiated by StopAssetImportingV2(NoUpdateAssetOptions)
Importing 'GUID: 2eb8ac9ec143599b9851f386213bf3fd - Path: Assets/Resources/ReturnV2/WardenV7/stagger-open/00.png' with importer (TextureImporter)
Imported 'GUID: 2eb8ac9ec143599b9851f386213bf3fd' -> (Import Result ID: 'f85b664ed60702f6578887107defacca') in 0.004 seconds [static and dynamic dependencies]. Details - ImportResultOutputID=9facb83a1cf3bd3e6a3d2d4a3219d0be DependenciesID=9b7ffe8b834f8a2496dd1b9ce5a85c9f StaticDependenciesID=2eed999eb20d767f8a865ead4fdf5e82 
Asset Pipeline Refresh (id=f3923697f295e4cfca5376207fe45fb0): Total: 0.026 seconds - Initiated by StopAssetImportingV2(NoUpdateAssetOptions)
Importing 'GUID: f4a7e006e7c454eea3feb12b947936a2 - Path: Assets/Resources/ReturnV2/WardenV7/stagger-open/01.png' with importer (TextureImporter)
Imported 'GUID: f4a7e006e7c454eea3feb12b947936a2' -> (Import Result ID: '7e49badbe8e9979ea9be2612dd45675d') in 0.004 seconds [static and dynamic dependencies]. Details - ImportResultOutputID=85051331f302e3285fcf29d28904c94e DependenciesID=7d9fd93c14d8efd655b06533041d2ab1 StaticDependenciesID=34194f3031479a8e8595963e23e2e39b 
Asset Pipeline Refresh (id=697d865377da642a6b8924e073818f30): Total: 0.025 seconds - Initiated by StopAssetImportingV2(NoUpdateAssetOptions)
Importing 'GUID: 7e2df78758695dc8a7ae35a2e3a83087 - Path: Assets/Resources/ReturnV2/WardenV7/stagger-open/02.png' with importer (TextureImporter)
Imported 'GUID: 7e2df78758695dc8a7ae35a2e3a83087' -> (Import Result ID: '95e7d040d9a1597a81ebe052a977ced2') in 0.004 seconds [static and dynamic dependencies]. Details - ImportResultOutputID=14a0420037b67de8d25a9899abcdfe96 DependenciesID=9fd1e8d6a519262d7d42415414d76467 StaticDependenciesID=a81d8fa48b1f1571e5fd4d051ffeda33 
Asset Pipeline Refresh (id=bce4febd6d52e4ca9981c74be5eff51f): Total: 0.026 seconds - Initiated by StopAssetImportingV2(NoUpdateAssetOptions)
Importing 'GUID: 30bc4b50ed495959bff97187b873a9c1 - Path: Assets/Resources/ReturnV2/WardenV7/stagger-open/03.png' with importer (TextureImporter)
Imported 'GUID: 30bc4b50ed495959bff97187b873a9c1' -> (Import Result ID: '0697647325fc492c48a8d23f5730d20d') in 0.004 seconds [static and dynamic dependencies]. Details - ImportResultOutputID=18abf452473a119433d674bca298e92a DependenciesID=dfb1bbc92805a3f29a746a0f27210a4b StaticDependenciesID=45acc5e44d682f2055166112f1a9d4a1 
Asset Pipeline Refresh (id=27ac312a03ecb494eaf7bf237c775a9b): Total: 0.027 seconds - Initiated by StopAssetImportingV2(NoUpdateAssetOptions)
Importing 'GUID: 81f4a38f76005967922ea611347e727b - Path: Assets/Resources/ReturnV2/WardenV7/walk/00.png' with importer (TextureImporter)
Imported 'GUID: 81f4a38f76005967922ea611347e727b' -> (Import Result ID: 'fd2642d5e64ee104d0645080e10da0a4') in 0.004 seconds [static and dynamic dependencies]. Details - ImportResultOutputID=ef9e8da5671fbfe8b156659a604c2b7d DependenciesID=b651a7aa75c43389928f6a929d36a398 StaticDependenciesID=2e286a360df7c4ac40a10a405fc6c589 
Asset Pipeline Refresh (id=9dd66c8bbb457407099f10bcea959514): Total: 0.026 seconds - Initiated by StopAssetImportingV2(NoUpdateAssetOptions)
Importing 'GUID: 1cf6d1d871cd505eb1347d156d6a57a2 - Path: Assets/Resources/ReturnV2/WardenV7/walk/01.png' with importer (TextureImporter)
Imported 'GUID: 1cf6d1d871cd505eb1347d156d6a57a2' -> (Import Result ID: 'b6a2a85f20fd6e3030dbb1d922ffea0e') in 0.004 seconds [static and dynamic dependencies]. Details - ImportResultOutputID=a58737b9f6604dc278b6b1b4437bbadc DependenciesID=1e621e25ae888b653979ffa8f6fd9727 StaticDependenciesID=a9a36442f8f44947a94e193fbe45df16 
Asset Pipeline Refresh (id=51439eaf297cc4aa3b64bd2f4218a0df): Total: 0.026 seconds - Initiated by StopAssetImportingV2(NoUpdateAssetOptions)
Importing 'GUID: 832d7cb646ac54b6b742a6c78ddd7685 - Path: Assets/Resources/ReturnV2/WardenV7/walk/02.png' with importer (TextureImporter)
Imported 'GUID: 832d7cb646ac54b6b742a6c78ddd7685' -> (Import Result ID: 'f4556fc36a85fe9a8f0941ed02dc2e53') in 0.004 seconds [static and dynamic dependencies]. Details - ImportResultOutputID=b6c48a5845412ea51835649a15ce8610 DependenciesID=72e062dbe5e64a3b42e8da97f707b022 StaticDependenciesID=c0b15ff1e72d2c72ac25837612384002 
Asset Pipeline Refresh (id=3ebd09ed62fad45b69e5a9db189ef17b): Total: 0.025 seconds - Initiated by StopAssetImportingV2(NoUpdateAssetOptions)
Importing 'GUID: 511fdd0330db52c9b979b6ba6600347e - Path: Assets/Resources/ReturnV2/WardenV7/walk/03.png' with importer (TextureImporter)
Imported 'GUID: 511fdd0330db52c9b979b6ba6600347e' -> (Import Result ID: '679960907d1f4d057cdc39d8b8c8ea67') in 0.004 seconds [static and dynamic dependencies]. Details - ImportResultOutputID=8d98650dbdf3e7f28d8e8b363c708919 DependenciesID=bf2d2bc1dfdc556c0d79031b4afd44f3 StaticDependenciesID=95b3a8d864f790a172f56a8ab22e2f28 
Asset Pipeline Refresh (id=f28d5b238dcc54c189c239bb6838abc4): Total: 0.026 seconds - Initiated by StopAssetImportingV2(NoUpdateAssetOptions)
Importing 'GUID: 649e52a83ecc5982a7dadfc527be006b - Path: Assets/Resources/ReturnV2/WardenV7/walk/04.png' with importer (TextureImporter)
Imported 'GUID: 649e52a83ecc5982a7dadfc527be006b' -> (Import Result ID: '1b1dcb88ac4d1fc97eaa2708abe286b6') in 0.004 seconds [static and dynamic dependencies]. Details - ImportResultOutputID=c16c53f59fc53cae12d7e6b44a17179a DependenciesID=10bcb1342350934bf0c7d4d882c1f6d3 StaticDependenciesID=6b05f713a3673b0d0050fd6aba638a68 
Asset Pipeline Refresh (id=f8867a3408a664f3397096b0880b1ccb): Total: 0.026 seconds - Initiated by StopAssetImportingV2(NoUpdateAssetOptions)
Importing 'GUID: e1163e934e865e9a9459ef1783cf81f9 - Path: Assets/Resources/ReturnV2/WardenV7/walk/05.png' with importer (TextureImporter)
Imported 'GUID: e1163e934e865e9a9459ef1783cf81f9' -> (Import Result ID: '914b0c56c8f90297859e56c33173413d') in 0.004 seconds [static and dynamic dependencies]. Details - ImportResultOutputID=5ab528eb15e67a24bff808706a61b15b DependenciesID=17275049eb39607218e13906f1acc013 StaticDependenciesID=6ffd9c91f5e951e3a570dce7c47f42b0 
Asset Pipeline Refresh (id=533772c405bd14bcdb42b90663aa4880): Total: 0.026 seconds - Initiated by StopAssetImportingV2(NoUpdateAssetOptions)
Importing 'GUID: 73de4f3f22f650d497ec73891e68c171 - Path: Assets/Resources/ReturnV2/WardenV7/walk/06.png' with importer (TextureImporter)
Imported 'GUID: 73de4f3f22f650d497ec73891e68c171' -> (Import Result ID: 'ca7cf9bfc0ceca8a8a05011f04f0adf7') in 0.004 seconds [static and dynamic dependencies]. Details - ImportResultOutputID=0dc947ff64f6313ff0e14c7568aed2ad DependenciesID=50399029a975a85ce78b58e326faa6f0 StaticDependenciesID=89326f9972b3c94b6f180ff17857d84f 
Asset Pipeline Refresh (id=f7a53cfeb2ddb4e278d9479f10cab91d): Total: 0.026 seconds - Initiated by StopAssetImportingV2(NoUpdateAssetOptions)
Importing 'GUID: d907cc8ef2c25b389133849907be9001 - Path: Assets/Resources/ReturnV2/WardenV7/walk/07.png' with importer (TextureImporter)
Imported 'GUID: d907cc8ef2c25b389133849907be9001' -> (Import Result ID: 'bf97bae633757ba74ea75c8115988c75') in 0.004 seconds [static and dynamic dependencies]. Details - ImportResultOutputID=9d42698290db8abb3919e73c44d17eb8 DependenciesID=62e96605f90076d64a2c7adbc07faf47 StaticDependenciesID=bdd7aa805c9797b860fb303eba99967d 
Asset Pipeline Refresh (id=1d7245e8583d9490a930451d8c3c48b4): Total: 0.025 seconds - Initiated by StopAssetImportingV2(NoUpdateAssetOptions)
Importing 'GUID: 29d95a9bfd275fa49ac41a8882f6840b - Path: Assets/Resources/ReturnV2/WardenV7/wave-aim/00.png' with importer (TextureImporter)
Imported 'GUID: 29d95a9bfd275fa49ac41a8882f6840b' -> (Import Result ID: '8b0330d3c9d4d244f239439483932b10') in 0.004 seconds [static and dynamic dependencies]. Details - ImportResultOutputID=42baf18040a46ae5fefd694e2a53d9fe DependenciesID=8ba1d61dabf2448767881395d6168a30 StaticDependenciesID=0748e7d5118b5a5435029c88506de342 
Asset Pipeline Refresh (id=98f2d686e38e3444a894a5651cccd7b6): Total: 0.026 seconds - Initiated by StopAssetImportingV2(NoUpdateAssetOptions)
Importing 'GUID: 888b09fd5f8a598aadbe5b5572b88181 - Path: Assets/Resources/ReturnV2/WardenV7/wave-aim/01.png' with importer (TextureImporter)
Imported 'GUID: 888b09fd5f8a598aadbe5b5572b88181' -> (Import Result ID: 'b987caed52cda015e84a74383e60a64f') in 0.004 seconds [static and dynamic dependencies]. Details - ImportResultOutputID=6f528c20936ede85bce58c3a7c6ffa5a DependenciesID=84131a6019d4572a98e9c9d8667375f1 StaticDependenciesID=7c5e7fa7170615d14c6c5a1f547867c7 
Asset Pipeline Refresh (id=71130bc239e514cc3aca13d19017602c): Total: 0.025 seconds - Initiated by StopAssetImportingV2(NoUpdateAssetOptions)
Importing 'GUID: 8461dfcd157a5362ab06d602ef7aa600 - Path: Assets/Resources/ReturnV2/WardenV7/wave-aim/02.png' with importer (TextureImporter)
Imported 'GUID: 8461dfcd157a5362ab06d602ef7aa600' -> (Import Result ID: '6f70a1a532260a1bba5bb411298f1015') in 0.004 seconds [static and dynamic dependencies]. Details - ImportResultOutputID=d69a3066adb617efbc16b9fb9a0be18a DependenciesID=ed2d01b92bb8907025dbf40560546b1f StaticDependenciesID=2c3e6eb44ae938246e76ac82955df980 
Asset Pipeline Refresh (id=ff3425f68e921414f8b9ccaacef0b0c3): Total: 0.026 seconds - Initiated by StopAssetImportingV2(NoUpdateAssetOptions)
Importing 'GUID: 2c8b5304608b50ddab8fb46d625af003 - Path: Assets/Resources/ReturnV2/WardenV7/wave-aim/03.png' with importer (TextureImporter)
Imported 'GUID: 2c8b5304608b50ddab8fb46d625af003' -> (Import Result ID: 'db4f38cc34d4bc5b8015a7726463b70a') in 0.004 seconds [static and dynamic dependencies]. Details - ImportResultOutputID=08a23ccef06323e6d8ab73f521b54479 DependenciesID=157558beb40636141937960d7d6573d5 StaticDependenciesID=17380575e3feb6534406828a86accef9 
Asset Pipeline Refresh (id=c7443bc8a0f81410fb04dc38c8b2723d): Total: 0.026 seconds - Initiated by StopAssetImportingV2(NoUpdateAssetOptions)
Importing 'GUID: 1d63cd92fdb3596bbcd07474a58beb05 - Path: Assets/Resources/ReturnV2/WardenV7/wave-strike/00.png' with importer (TextureImporter)
Imported 'GUID: 1d63cd92fdb3596bbcd07474a58beb05' -> (Import Result ID: 'd2de3a36932206ed367311f1c6cfb981') in 0.004 seconds [static and dynamic dependencies]. Details - ImportResultOutputID=bcadfa3a3b41bc86f15d8c9b3e518f03 DependenciesID=93112d7a298feb78e55cdb1795ec6491 StaticDependenciesID=7cc520956bd493a9cb1c32d03feebca0 
Asset Pipeline Refresh (id=5ca4a5a5d50904a35bc55bbf1522b4ca): Total: 0.025 seconds - Initiated by StopAssetImportingV2(NoUpdateAssetOptions)
Importing 'GUID: 4af7a562dfe65f608f23bfcde434c510 - Path: Assets/Resources/ReturnV2/WardenV7/wave-strike/01.png' with importer (TextureImporter)
Imported 'GUID: 4af7a562dfe65f608f23bfcde434c510' -> (Import Result ID: '31c0b638ff5e6193fad3cfb4440b2e68') in 0.004 seconds [static and dynamic dependencies]. Details - ImportResultOutputID=1c6cd65f55de8df5cddfdd958f3d7ad0 DependenciesID=a2617db3bf35786e968efcbae43756d7 StaticDependenciesID=e38085b951daca9fb2460b0d09ca04b7 
Asset Pipeline Refresh (id=4aef1074baac5495ab848086f1bfbcb0): Total: 0.026 seconds - Initiated by StopAssetImportingV2(NoUpdateAssetOptions)
Importing 'GUID: 3ea9f511f7e757b7825ce15bc61ad71d - Path: Assets/Resources/ReturnV2/WardenV7/wave-strike/02.png' with importer (TextureImporter)
Imported 'GUID: 3ea9f511f7e757b7825ce15bc61ad71d' -> (Import Result ID: '50b84b2740707847237f6765c4299c5c') in 0.004 seconds [static and dynamic dependencies]. Details - ImportResultOutputID=0e366ac9e02a2c367c2796c8a94c1738 DependenciesID=4b072ed4f3c46df1602f1389945564b5 StaticDependenciesID=787aee0ff3853ac3f930e24eb7ee95f2 
Asset Pipeline Refresh (id=56e487b419034464eb78afcbce14a508): Total: 0.025 seconds - Initiated by StopAssetImportingV2(NoUpdateAssetOptions)
Importing 'GUID: f261372121565cc0afdbabd8f22b1546 - Path: Assets/Resources/ReturnV2/WardenV7/wave-strike/03.png' with importer (TextureImporter)
Imported 'GUID: f261372121565cc0afdbabd8f22b1546' -> (Import Result ID: '6fddb5493df9b1e0a0ad8e42cc7a94da') in 0.004 seconds [static and dynamic dependencies]. Details - ImportResultOutputID=9ca1becc73eaad80cfdfc5e41c911ec0 DependenciesID=30bda44bb37cf1727336795e225aa7ca StaticDependenciesID=f0e072ffe118d6e71d1169af41bb32a4 
Asset Pipeline Refresh (id=49be3f7897c7342cdba1328880bcf292): Total: 0.026 seconds - Initiated by StopAssetImportingV2(NoUpdateAssetOptions)
Importing 'GUID: c2f0df01070b55c8a1a3dac6a7c4f16f - Path: Assets/Resources/ReturnV2/WardenV8/boot/00.png' with importer (TextureImporter)
Imported 'GUID: c2f0df01070b55c8a1a3dac6a7c4f16f' -> (Import Result ID: '3334bfcfbfcf9f4dbefca5a70647adeb') in 0.004 seconds [static and dynamic dependencies]. Details - ImportResultOutputID=c7c5f59b3f6e45f86b36e1ef3ac7d346 DependenciesID=4db1804f38611590d95f79b10d87ac9f StaticDependenciesID=0414b06482ade8f7450488aa7336b811 
Asset Pipeline Refresh (id=25f3482d6ab9343fea717f2a7970f489): Total: 0.026 seconds - Initiated by StopAssetImportingV2(NoUpdateAssetOptions)
Importing 'GUID: 21972cdeabb358db879ef6ceb0f770a3 - Path: Assets/Resources/ReturnV2/WardenV8/boot/01.png' with importer (TextureImporter)
Imported 'GUID: 21972cdeabb358db879ef6ceb0f770a3' -> (Import Result ID: '8de518461b45307d761a2f0bab59e2b0') in 0.004 seconds [static and dynamic dependencies]. Details - ImportResultOutputID=981652df259eaa5c942ba44f755d5b5e DependenciesID=c7fbbf0de59b6c7ddfbc31007a3ba826 StaticDependenciesID=652499a10845d7fdb151a7bebb11abfe 
Asset Pipeline Refresh (id=b59432e852f854c8788e7faec777a20e): Total: 0.025 seconds - Initiated by StopAssetImportingV2(NoUpdateAssetOptions)
Importing 'GUID: 64d399462e645a21b8e37f6773355532 - Path: Assets/Resources/ReturnV2/WardenV8/boot/02.png' with importer (TextureImporter)
Imported 'GUID: 64d399462e645a21b8e37f6773355532' -> (Import Result ID: '03ffd5608424fc9ea4b5aa647da19b6e') in 0.004 seconds [static and dynamic dependencies]. Details - ImportResultOutputID=28d9ceb533494867b02f35f9a38f3329 DependenciesID=807eee337d67d5476bb83d1ad2f49c45 StaticDependenciesID=db17c5ef3d664c0f1e5f2b64381e217c 
Asset Pipeline Refresh (id=39115177a0d0f4b67a6c740dedb88a6e): Total: 0.026 seconds - Initiated by StopAssetImportingV2(NoUpdateAssetOptions)
Importing 'GUID: 8da6a8f5053a5cdfb186a160f8b30ca5 - Path: Assets/Resources/ReturnV2/WardenV8/boot/03.png' with importer (TextureImporter)
Imported 'GUID: 8da6a8f5053a5cdfb186a160f8b30ca5' -> (Import Result ID: 'ec5c4d24654014c04c74cacae58c11af') in 0.004 seconds [static and dynamic dependencies]. Details - ImportResultOutputID=c61161b374f667cc540ebdde9281e073 DependenciesID=edf1d3a187424a2a7a37a1aec12d15ee StaticDependenciesID=ac5c25007757a8c745c0ffb33ae3e774 
Asset Pipeline Refresh (id=ded93b5b3411b4f458d8d94be06b4c3e): Total: 0.026 seconds - Initiated by StopAssetImportingV2(NoUpdateAssetOptions)
Importing 'GUID: d74ccbeb30d95b8dbb646e0e918d9692 - Path: Assets/Resources/ReturnV2/WardenV8/boot/04.png' with importer (TextureImporter)
Imported 'GUID: d74ccbeb30d95b8dbb646e0e918d9692' -> (Import Result ID: '506ee1431914cb8d13cc7f647fb4fea3') in 0.004 seconds [static and dynamic dependencies]. Details - ImportResultOutputID=8207703c3df588558ea178fe5ac407e3 DependenciesID=4423439147c42505d1065213bf2467f1 StaticDependenciesID=7b0fe9b7f693104356e7f06320760d66 
Asset Pipeline Refresh (id=06ce25b7514df4d95996226e1e846985): Total: 0.026 seconds - Initiated by StopAssetImportingV2(NoUpdateAssetOptions)
Importing 'GUID: 6c896db4fc2653beb024bd02b0d142d2 - Path: Assets/Resources/ReturnV2/WardenV8/boot/05.png' with importer (TextureImporter)
Imported 'GUID: 6c896db4fc2653beb024bd02b0d142d2' -> (Import Result ID: 'f0364c8eb2982558ce6474fc9bd7c888') in 0.004 seconds [static and dynamic dependencies]. Details - ImportResultOutputID=822042740d511c0913555c6544173351 DependenciesID=8e27631b1ab2004152cadcf26af13b60 StaticDependenciesID=5afadf8b25944e5699694c2b5266b019 
Asset Pipeline Refresh (id=ab36fbf4e99334571978e9148cb3fddf): Total: 0.028 seconds - Initiated by StopAssetImportingV2(NoUpdateAssetOptions)
Importing 'GUID: d24a6b2e61465e28ad1db0707eb31d93 - Path: Assets/Resources/ReturnV2/WardenV8/boot/06.png' with importer (TextureImporter)
Imported 'GUID: d24a6b2e61465e28ad1db0707eb31d93' -> (Import Result ID: '9abb28eeae9903cb05fa10c69bd334f8') in 0.004 seconds [static and dynamic dependencies]. Details - ImportResultOutputID=d3ff5988a4d06f27b34604490d77f2c8 DependenciesID=f812142425c0b842b5fa3e862fca4744 StaticDependenciesID=c1ef6459a606404b742b2e5adaee82f9 
Asset Pipeline Refresh (id=f27fa129901b44cc1b4711bc212b4c3a): Total: 0.027 seconds - Initiated by StopAssetImportingV2(NoUpdateAssetOptions)
Importing 'GUID: 8881f0283b1352be9ff4487da65c5f32 - Path: Assets/Resources/ReturnV2/WardenV8/boot/07.png' with importer (TextureImporter)
Imported 'GUID: 8881f0283b1352be9ff4487da65c5f32' -> (Import Result ID: '08a5d28a013d69f4ef085f7649cc9b8d') in 0.004 seconds [static and dynamic dependencies]. Details - ImportResultOutputID=051f4ba2507fec1c4e82891ce1542648 DependenciesID=d6287b941d38a29cd53445ca405cc3ac StaticDependenciesID=8441ad9f3568b556cb9c456356003874 
Asset Pipeline Refresh (id=3dd85f6447f374cec896a07a2bb1ba5b): Total: 0.026 seconds - Initiated by StopAssetImportingV2(NoUpdateAssetOptions)
Importing 'GUID: 7089b3a7e50b52148fcf279eaa0b8b48 - Path: Assets/Resources/ReturnV2/WardenV8/charge-aim/00.png' with importer (TextureImporter)
Imported 'GUID: 7089b3a7e50b52148fcf279eaa0b8b48' -> (Import Result ID: '9eb6006e860b18381407ad0bfeba4634') in 0.004 seconds [static and dynamic dependencies]. Details - ImportResultOutputID=e08983cf8c90ec120cf2e29d4eeb57fe DependenciesID=94bc43f1b5932a847e32c0be4c5a408f StaticDependenciesID=a8d3d6a35fbd8d9c87e4ce2ffe63ee50 
Asset Pipeline Refresh (id=c4c0e627df8a045f0b9277f662bdd8ed): Total: 0.026 seconds - Initiated by StopAssetImportingV2(NoUpdateAssetOptions)
Importing 'GUID: 5b9753dbeba35a4eade79b28d06cf783 - Path: Assets/Resources/ReturnV2/WardenV8/charge-aim/01.png' with importer (TextureImporter)
Imported 'GUID: 5b9753dbeba35a4eade79b28d06cf783' -> (Import Result ID: 'd58a5d400d650bbcc5957598bbc2b958') in 0.004 seconds [static and dynamic dependencies]. Details - ImportResultOutputID=ff69054de6ee8b69f2ce2918d490a8ff DependenciesID=d4b530eee39dae48fc4f9462ca76eb67 StaticDependenciesID=afd3b4baa18b04abc250cd439c1823d8 
Asset Pipeline Refresh (id=5c05b7aa16986421d86c8648fab6d72c): Total: 0.026 seconds - Initiated by StopAssetImportingV2(NoUpdateAssetOptions)
Importing 'GUID: 73b20cf618c8547e87511b721f59270c - Path: Assets/Resources/ReturnV2/WardenV8/charge-aim/02.png' with importer (TextureImporter)
Imported 'GUID: 73b20cf618c8547e87511b721f59270c' -> (Import Result ID: '16a7d5e8e23b0e06c7923a1ed141b14b') in 0.004 seconds [static and dynamic dependencies]. Details - ImportResultOutputID=98d337ef32d4f71eeac1e14871b6332f DependenciesID=d96cc7fe2f7f6fcecf73f9faf9c26947 StaticDependenciesID=1aaa017579fe9a3c0543e9950aebacf3 
Asset Pipeline Refresh (id=ffbdaaba2dd6e42468828f40a15677e5): Total: 0.026 seconds - Initiated by StopAssetImportingV2(NoUpdateAssetOptions)
Importing 'GUID: 2792de0dae7f5a2f89e391d747078dbe - Path: Assets/Resources/ReturnV2/WardenV8/charge-crash/00.png' with importer (TextureImporter)
Imported 'GUID: 2792de0dae7f5a2f89e391d747078dbe' -> (Import Result ID: 'f956e0c459adc490f08b6376c765fa7e') in 0.004 seconds [static and dynamic dependencies]. Details - ImportResultOutputID=d1a1a6f8acf41e5c50b795d8906e161a DependenciesID=fbc04f769122d3ae6140d0924c25975d StaticDependenciesID=b70ce6a40685975679802d63b61ee496 
Asset Pipeline Refresh (id=77dd393e8d32d4d9b943f5e80203811c): Total: 0.026 seconds - Initiated by StopAssetImportingV2(NoUpdateAssetOptions)
Importing 'GUID: c4d57f4b901e50cf9f90e5596ce3cc6e - Path: Assets/Resources/ReturnV2/WardenV8/charge-crash/01.png' with importer (TextureImporter)
Imported 'GUID: c4d57f4b901e50cf9f90e5596ce3cc6e' -> (Import Result ID: 'e111ac4ea9c78e3b134e1ddd3e55cdea') in 0.004 seconds [static and dynamic dependencies]. Details - ImportResultOutputID=4faf9b165b9b6534db0db98d6bbb1ddf DependenciesID=bf98650dd8b64c92f9468e87488c1276 StaticDependenciesID=fc0788bd48c9c99a89750bba11e0bd1d 
Asset Pipeline Refresh (id=0633277c4e5264d5ca2835337608c0e2): Total: 0.025 seconds - Initiated by StopAssetImportingV2(NoUpdateAssetOptions)
Importing 'GUID: 3db9f508165d546e9429261f11270f9f - Path: Assets/Resources/ReturnV2/WardenV8/charge-crash/02.png' with importer (TextureImporter)
Imported 'GUID: 3db9f508165d546e9429261f11270f9f' -> (Import Result ID: 'd49c222d0033b5ba64d01f02550ad31a') in 0.004 seconds [static and dynamic dependencies]. Details - ImportResultOutputID=9fa8d22c0cac10a055d8b903e2a972de DependenciesID=c3649f6b1976fb62130bc7d086a2c1a6 StaticDependenciesID=5ba91fe31a1ea6b3a5e93507b705db6e 
Asset Pipeline Refresh (id=da510fa48ae1d44759472a314f250152): Total: 0.027 seconds - Initiated by StopAssetImportingV2(NoUpdateAssetOptions)
Importing 'GUID: 30ac5bfbdbec5754a450a2c17368df53 - Path: Assets/Resources/ReturnV2/WardenV8/charge-crash/03.png' with importer (TextureImporter)
Imported 'GUID: 30ac5bfbdbec5754a450a2c17368df53' -> (Import Result ID: '99225ccbecb47f229acfb4a29b0d1865') in 0.004 seconds [static and dynamic dependencies]. Details - ImportResultOutputID=6347420c9793fda154158a7f8bdf1c36 DependenciesID=aad0ef672ed1615e4c4cc929ea85b197 StaticDependenciesID=64ed1553817f6b752b905b32a5663460 
Asset Pipeline Refresh (id=2cd94e241dbc74d6d8f4b65f21c1b603): Total: 0.026 seconds - Initiated by StopAssetImportingV2(NoUpdateAssetOptions)
Importing 'GUID: 3a069995e6625790a049793a4f30fa57 - Path: Assets/Resources/ReturnV2/WardenV8/charge-crash/04.png' with importer (TextureImporter)
Imported 'GUID: 3a069995e6625790a049793a4f30fa57' -> (Import Result ID: '667b4662f12340eaa460b6e42286811b') in 0.004 seconds [static and dynamic dependencies]. Details - ImportResultOutputID=1a79413f8ee7e63aae936f11179db74e DependenciesID=eb878acc8296a81418645ecee5b3dfa7 StaticDependenciesID=ee9e2b01037aaa6fd72f6863a27e4d5d 
Asset Pipeline Refresh (id=0646f1c6521c448ca9dd27b8e58f725d): Total: 0.025 seconds - Initiated by StopAssetImportingV2(NoUpdateAssetOptions)
Importing 'GUID: e44abc577d1f5515a3cb25eef28ac819 - Path: Assets/Resources/ReturnV2/WardenV8/charge-crash/05.png' with importer (TextureImporter)
Imported 'GUID: e44abc577d1f5515a3cb25eef28ac819' -> (Import Result ID: 'cc32ef1d2eeb709ca97db8ee4a57e70c') in 0.004 seconds [static and dynamic dependencies]. Details - ImportResultOutputID=93bbcae75249c17cc14802fbca75a768 DependenciesID=a38b0f0364e1c804d9b5dd0ab8498ed4 StaticDependenciesID=0e9b82a9c5e467b8825302320dea560c 
Asset Pipeline Refresh (id=cf7531c5413914a24b8c13918ebd214b): Total: 0.027 seconds - Initiated by StopAssetImportingV2(NoUpdateAssetOptions)
Importing 'GUID: 81655c50387654acb4ddfe5652709b2f - Path: Assets/Resources/ReturnV2/WardenV8/charge-crash/06.png' with importer (TextureImporter)
Imported 'GUID: 81655c50387654acb4ddfe5652709b2f' -> (Import Result ID: 'af901d58c887c997600175ffa3cb286b') in 0.004 seconds [static and dynamic dependencies]. Details - ImportResultOutputID=cde3e19c6815b1989d11cc1a16483c37 DependenciesID=ada708c20c558fc8b3e7b342e0d6790e StaticDependenciesID=a53db9ac70ea0de19da7a3bb725d8903 
Asset Pipeline Refresh (id=3b61002c12ede47a0a6b6a2140aaeb09): Total: 0.026 seconds - Initiated by StopAssetImportingV2(NoUpdateAssetOptions)
Importing 'GUID: da01a3a215da53b49c2a0e315031ed6d - Path: Assets/Resources/ReturnV2/WardenV8/charge-roll/00.png' with importer (TextureImporter)
Imported 'GUID: da01a3a215da53b49c2a0e315031ed6d' -> (Import Result ID: 'f2a1933380c73c0d56ab13fb79ab32a0') in 0.004 seconds [static and dynamic dependencies]. Details - ImportResultOutputID=1c77b0f85705f069f466bc80e1224658 DependenciesID=b8b93ff481623c02f33d8f14ba8ed6db StaticDependenciesID=7dec53a7ec7311ae65f80070ef63ac91 
Asset Pipeline Refresh (id=f33c78c1584454500880f7f2a978a2a5): Total: 0.026 seconds - Initiated by StopAssetImportingV2(NoUpdateAssetOptions)
Importing 'GUID: 1757487fbfba5c1dba0fef5210789ebe - Path: Assets/Resources/ReturnV2/WardenV8/charge-roll/01.png' with importer (TextureImporter)
Imported 'GUID: 1757487fbfba5c1dba0fef5210789ebe' -> (Import Result ID: 'bb913e157e4790df75d0ec16f277676d') in 0.004 seconds [static and dynamic dependencies]. Details - ImportResultOutputID=2df202c1fc1a2904df41ec4d16387ed9 DependenciesID=8dbe031c3e30c86a704b6da7d79d52e0 StaticDependenciesID=ae27ddbdeecf417e7c0fec0907a9c679 
Asset Pipeline Refresh (id=91dadae77e7f34dd1b15f566af33e138): Total: 0.025 seconds - Initiated by StopAssetImportingV2(NoUpdateAssetOptions)
Importing 'GUID: 5cc04ba586aa57fe8ac92863e4234058 - Path: Assets/Resources/ReturnV2/WardenV8/charge-roll/02.png' with importer (TextureImporter)
Imported 'GUID: 5cc04ba586aa57fe8ac92863e4234058' -> (Import Result ID: 'a5067fd3d1b05fc6abaeb3956d4e0976') in 0.004 seconds [static and dynamic dependencies]. Details - ImportResultOutputID=ca1b85360903c9e947982636b49d01a6 DependenciesID=b01fc59e993aafef317ccb5fca61cdda StaticDependenciesID=e15445e44c206a7ddc3b5c767124c48f 
Asset Pipeline Refresh (id=ed080d528a06a495d9f44da71c81a389): Total: 0.026 seconds - Initiated by StopAssetImportingV2(NoUpdateAssetOptions)
Importing 'GUID: 233af436b9405ff7a08b69034c06256e - Path: Assets/Resources/ReturnV2/WardenV8/core-flash/00.png' with importer (TextureImporter)
Imported 'GUID: 233af436b9405ff7a08b69034c06256e' -> (Import Result ID: 'd7d832b50cbf0258671f0e240767526f') in 0.004 seconds [static and dynamic dependencies]. Details - ImportResultOutputID=df803db08b861f1888cf7343b90f896f DependenciesID=c1abc30d56411452a87b94069dde9f4a StaticDependenciesID=506fd38651d6dd07cdd801504f16f170 
Asset Pipeline Refresh (id=12039b390f8db478c8524f9d3a4b9fa2): Total: 0.025 seconds - Initiated by StopAssetImportingV2(NoUpdateAssetOptions)
Importing 'GUID: f9ed64381cae55dfb98bc79c39a691a5 - Path: Assets/Resources/ReturnV2/WardenV8/core-flash/01.png' with importer (TextureImporter)
Imported 'GUID: f9ed64381cae55dfb98bc79c39a691a5' -> (Import Result ID: '260176c249e897d8248c8f17496bdfb1') in 0.003 seconds [static and dynamic dependencies]. Details - ImportResultOutputID=76a13d5a99b7f1de341f1379483c8388 DependenciesID=699e0979f872b674af1fcbc9a328ab70 StaticDependenciesID=246cc72b1f914f6f823ef911858ede73 
Asset Pipeline Refresh (id=1f240c7f2d747404d91696ba0721b4d7): Total: 0.024 seconds - Initiated by StopAssetImportingV2(NoUpdateAssetOptions)
Importing 'GUID: c7d9970e22d7506283385fdf894d7636 - Path: Assets/Resources/ReturnV2/WardenV8/defeat/00.png' with importer (TextureImporter)
Imported 'GUID: c7d9970e22d7506283385fdf894d7636' -> (Import Result ID: '3d39977c6d496933251660b0956e4c36') in 0.004 seconds [static and dynamic dependencies]. Details - ImportResultOutputID=7959ad122ab02abf988f82f73de31a80 DependenciesID=4a792fff7cee2ffe031fdafa4d2c77c8 StaticDependenciesID=913163a762155211ff57893d4c78dac3 
Asset Pipeline Refresh (id=a762c9c43ec114d23a2b5e130b221391): Total: 0.026 seconds - Initiated by StopAssetImportingV2(NoUpdateAssetOptions)
Importing 'GUID: b56d5560cbcc5f9f8e15c2a537d71eba - Path: Assets/Resources/ReturnV2/WardenV8/defeat/01.png' with importer (TextureImporter)
Imported 'GUID: b56d5560cbcc5f9f8e15c2a537d71eba' -> (Import Result ID: 'e9c157250fc4cb6cc991f9ffb9369866') in 0.004 seconds [static and dynamic dependencies]. Details - ImportResultOutputID=99324a3a5a47e82a3bfec46648fcac2c DependenciesID=139126e121a51760f48ee0c2adcd687b StaticDependenciesID=fc67d4bc52153d8691b4ca5cb1ca78ad 
Asset Pipeline Refresh (id=976dd0242a75e4a60bc70b34010b9c53): Total: 0.026 seconds - Initiated by StopAssetImportingV2(NoUpdateAssetOptions)
Importing 'GUID: e176e1800ff25f4d82c43b33bc5d0bb0 - Path: Assets/Resources/ReturnV2/WardenV8/defeat/02.png' with importer (TextureImporter)
Imported 'GUID: e176e1800ff25f4d82c43b33bc5d0bb0' -> (Import Result ID: 'cb4e54527227f44e72174a7bc228d5a6') in 0.004 seconds [static and dynamic dependencies]. Details - ImportResultOutputID=a05b3dcfb7d6a4865bec471ef8a7b1f1 DependenciesID=2048569505a26b57c9ab3aa08987e46a StaticDependenciesID=a051675b96c15e6c5a6b87426a9f0156 
Asset Pipeline Refresh (id=64386fb2fd46944a0add9a8c4ad041bb): Total: 0.026 seconds - Initiated by StopAssetImportingV2(NoUpdateAssetOptions)
Importing 'GUID: 3d6f089b94cb51bfb8b7e9ba747ca9ca - Path: Assets/Resources/ReturnV2/WardenV8/defeat/03.png' with importer (TextureImporter)
Imported 'GUID: 3d6f089b94cb51bfb8b7e9ba747ca9ca' -> (Import Result ID: 'e06a07b33904517f9a8021afb06825c7') in 0.004 seconds [static and dynamic dependencies]. Details - ImportResultOutputID=34a95e4ec6bee8d5fbb2fb5ccc55f978 DependenciesID=e28783923cd503121f09f85c60d068c8 StaticDependenciesID=d865e477046c979ff3dbd60158fa02fc 
Asset Pipeline Refresh (id=533619d11a4fd48bd992db66cdf84632): Total: 0.026 seconds - Initiated by StopAssetImportingV2(NoUpdateAssetOptions)
Importing 'GUID: 4cb3ebdbd584559780d5913641c80d79 - Path: Assets/Resources/ReturnV2/WardenV8/defeat/04.png' with importer (TextureImporter)
Imported 'GUID: 4cb3ebdbd584559780d5913641c80d79' -> (Import Result ID: '40392b62d4819e628fa8b494aaa16ff1') in 0.004 seconds [static and dynamic dependencies]. Details - ImportResultOutputID=eb3e8d66c663b89d08c3ae13d29303a3 DependenciesID=fe078885d6a9ed9b35fb86f5b41434c3 StaticDependenciesID=165d971a6b6802f5bc73744a6d069b1f 
Asset Pipeline Refresh (id=fb4d033b95d1c47de92a3069643e1bb8): Total: 0.025 seconds - Initiated by StopAssetImportingV2(NoUpdateAssetOptions)
Importing 'GUID: 147e43ba70c4589c81eca604708a968c - Path: Assets/Resources/ReturnV2/WardenV8/defeat/05.png' with importer (TextureImporter)
Imported 'GUID: 147e43ba70c4589c81eca604708a968c' -> (Import Result ID: 'bd17a106785f056d45d8934ec5d19388') in 0.004 seconds [static and dynamic dependencies]. Details - ImportResultOutputID=60a7fba4f85b7e8fa259cd6e262f1cba DependenciesID=05c6c57400b6f4a7896c266548d634de StaticDependenciesID=da15bf309af9b87f4fbcfeef49c45341 
Asset Pipeline Refresh (id=97a6d9e50b53d4bb39236245143ac827): Total: 0.026 seconds - Initiated by StopAssetImportingV2(NoUpdateAssetOptions)
Importing 'GUID: 81292a80924a5df19c92a2b95eb3c106 - Path: Assets/Resources/ReturnV2/WardenV8/idle/00.png' with importer (TextureImporter)
Imported 'GUID: 81292a80924a5df19c92a2b95eb3c106' -> (Import Result ID: '2dcfdf3fb9c5f17d99a7d6d1a1b08039') in 0.004 seconds [static and dynamic dependencies]. Details - ImportResultOutputID=97ee1fbb40429fa8e9a6f56dda209122 DependenciesID=55bfa977a34d7ec0361056bf8e2838c3 StaticDependenciesID=c7b8fa9e544fa40b0fa1ec9ff83c5b6b 
Asset Pipeline Refresh (id=c6d066af25cd74c3ab6f0bca4e68d062): Total: 0.026 seconds - Initiated by StopAssetImportingV2(NoUpdateAssetOptions)
Importing 'GUID: c2b6fd1f238f586d9ec7d650affcfcd6 - Path: Assets/Resources/ReturnV2/WardenV8/idle/01.png' with importer (TextureImporter)
Imported 'GUID: c2b6fd1f238f586d9ec7d650affcfcd6' -> (Import Result ID: '97a992a9e096865c10cc7a57da2dd38e') in 0.004 seconds [static and dynamic dependencies]. Details - ImportResultOutputID=80753f9cc62fe46363f078d75f4ecebe DependenciesID=99aac33e115d45f5ac054925a0588f75 StaticDependenciesID=800b7ac7f88e5e4b00b6d2cf75e802da 
Asset Pipeline Refresh (id=82b2523f46da24cae9570628d5befe3f): Total: 0.026 seconds - Initiated by StopAssetImportingV2(NoUpdateAssetOptions)
Importing 'GUID: 33710e88279c5bce9e2f093c48166e96 - Path: Assets/Resources/ReturnV2/WardenV8/idle/02.png' with importer (TextureImporter)
Imported 'GUID: 33710e88279c5bce9e2f093c48166e96' -> (Import Result ID: 'e526d8716ea5810185e59a94a53aa707') in 0.004 seconds [static and dynamic dependencies]. Details - ImportResultOutputID=042d84b3c3a237bf1d5345a42d1cb077 DependenciesID=bcd19600b7253d5820ada8c11b057e40 StaticDependenciesID=20c986fcb89e551d199b08611b4e51dd 
Asset Pipeline Refresh (id=1454a69aaa70f41b5963b6e9db538159): Total: 0.025 seconds - Initiated by StopAssetImportingV2(NoUpdateAssetOptions)
Importing 'GUID: 6d4c2ac4144e52b2b47fc0cb7fb75e2a - Path: Assets/Resources/ReturnV2/WardenV8/idle/03.png' with importer (TextureImporter)
Imported 'GUID: 6d4c2ac4144e52b2b47fc0cb7fb75e2a' -> (Import Result ID: '4c5349ddcc0f242134a6994c0343267c') in 0.004 seconds [static and dynamic dependencies]. Details - ImportResultOutputID=05f5b6219d86e8db4eca3a986a50dce1 DependenciesID=6a0c3ec22093319b3fc3919b136cba48 StaticDependenciesID=8c37ab542ce59081d4e934873b74b797 
Asset Pipeline Refresh (id=dd9678558166341df88031003565bd82): Total: 0.026 seconds - Initiated by StopAssetImportingV2(NoUpdateAssetOptions)
Importing 'GUID: a75438aacd2d5c03b1b6def1a11f8125 - Path: Assets/Resources/ReturnV2/WardenV8/idle/04.png' with importer (TextureImporter)
Imported 'GUID: a75438aacd2d5c03b1b6def1a11f8125' -> (Import Result ID: '0126e28f5202ee859a1baa29f7f4e88a') in 0.004 seconds [static and dynamic dependencies]. Details - ImportResultOutputID=6c5b76e9e27ec306ae548bd8fd097985 DependenciesID=36bc60f48b1d6ad27bba10ddfd0b064a StaticDependenciesID=623677916e76e22ec6750f85ed93befa 
Asset Pipeline Refresh (id=3815e0bd2b4354b39931a4c86cf1c114): Total: 0.026 seconds - Initiated by StopAssetImportingV2(NoUpdateAssetOptions)
Importing 'GUID: 4730aedd37c05ceaafa1095d6bb12e77 - Path: Assets/Resources/ReturnV2/WardenV8/idle/05.png' with importer (TextureImporter)
Imported 'GUID: 4730aedd37c05ceaafa1095d6bb12e77' -> (Import Result ID: '0c05c582b0143289f5fa982c3fa444d1') in 0.004 seconds [static and dynamic dependencies]. Details - ImportResultOutputID=fdfb662a9325cbd1d61f9ded57a55d6b DependenciesID=c841c66189d8352c91f404d155a5cce0 StaticDependenciesID=873250aff362891e533d49dbb2ca05df 
Asset Pipeline Refresh (id=21c0994bed5ea49a19abf997fc4dabc4): Total: 0.026 seconds - Initiated by StopAssetImportingV2(NoUpdateAssetOptions)
Importing 'GUID: a3fa68598c5c5b0ba973a757ccd02a73 - Path: Assets/Resources/ReturnV2/WardenV8/idle/06.png' with importer (TextureImporter)
Imported 'GUID: a3fa68598c5c5b0ba973a757ccd02a73' -> (Import Result ID: 'cdd10048720f85d180abd2764d857fa5') in 0.004 seconds [static and dynamic dependencies]. Details - ImportResultOutputID=cfbcbe87c070145d2ea9da4ea02d7c81 DependenciesID=03e53091c341e99a0de2058bfe4886de StaticDependenciesID=0b59bba972f546f1267234592f8a6c23 
Asset Pipeline Refresh (id=39a4e81193b83441c9cb0c71d6daeb76): Total: 0.026 seconds - Initiated by StopAssetImportingV2(NoUpdateAssetOptions)
Importing 'GUID: 4b5cd4a233365747a0cf8c5bd5504b34 - Path: Assets/Resources/ReturnV2/WardenV8/idle/07.png' with importer (TextureImporter)
Imported 'GUID: 4b5cd4a233365747a0cf8c5bd5504b34' -> (Import Result ID: '09be09ec0b8883a0dc809b187cef4a59') in 0.004 seconds [static and dynamic dependencies]. Details - ImportResultOutputID=9fed0548c44cd44be5e51491b3f05a6b DependenciesID=3324c13cd1f3a6b517623d6dbfebe63d StaticDependenciesID=b8ef45fb09380626ceb7f77b0391c753 
Asset Pipeline Refresh (id=0ec7c0f2f61eb457daae1481f1dafc66): Total: 0.026 seconds - Initiated by StopAssetImportingV2(NoUpdateAssetOptions)
Importing 'GUID: 428499c77adf55c984af3861a189ff73 - Path: Assets/Resources/ReturnV2/WardenV8/slam-fall/00.png' with importer (TextureImporter)
Imported 'GUID: 428499c77adf55c984af3861a189ff73' -> (Import Result ID: '83cd2f4808fb355121840785e2d92e8f') in 0.004 seconds [static and dynamic dependencies]. Details - ImportResultOutputID=266ad1dd5f3e8aa03cca0ceb4ec2255f DependenciesID=63532e5f8178ffaa3904f9bed7dbe290 StaticDependenciesID=f0812f4f290a3776b968457876bc1930 
Asset Pipeline Refresh (id=897016f98726a4032bc7ef4357453a47): Total: 0.026 seconds - Initiated by StopAssetImportingV2(NoUpdateAssetOptions)
Importing 'GUID: 3a9622dc621b56c6928fc74c9d234028 - Path: Assets/Resources/ReturnV2/WardenV8/slam-fall/01.png' with importer (TextureImporter)
Imported 'GUID: 3a9622dc621b56c6928fc74c9d234028' -> (Import Result ID: '259acd3bd0213c966d86795069620756') in 0.004 seconds [static and dynamic dependencies]. Details - ImportResultOutputID=31410375814842fb730f1aac8fa8772a DependenciesID=59b6308cd793bebe8df24d4669ce9302 StaticDependenciesID=f628c4917809db6c37233a7ce8b3dbe0 
Asset Pipeline Refresh (id=553bed512e3a74e7a990a7c6570b9626): Total: 0.026 seconds - Initiated by StopAssetImportingV2(NoUpdateAssetOptions)
Importing 'GUID: ba9284ffef8e5751918d7a7d97199e72 - Path: Assets/Resources/ReturnV2/WardenV8/slam-land/00.png' with importer (TextureImporter)
Imported 'GUID: ba9284ffef8e5751918d7a7d97199e72' -> (Import Result ID: '2a0940618d1a4ca9b72d36e938462de6') in 0.004 seconds [static and dynamic dependencies]. Details - ImportResultOutputID=4a6333dbb4926ec039434400dc4e3a2d DependenciesID=ca8c84e5cd465e2ec036f57eccf1839e StaticDependenciesID=a078b55f55a09b092d3624aeb424cf78 
Asset Pipeline Refresh (id=c0c9f77836bd24c9cb521b71177faa22): Total: 0.026 seconds - Initiated by StopAssetImportingV2(NoUpdateAssetOptions)
Importing 'GUID: 55b5108ea9ea5d0e8070d6c411777d9c - Path: Assets/Resources/ReturnV2/WardenV8/slam-land/01.png' with importer (TextureImporter)
Imported 'GUID: 55b5108ea9ea5d0e8070d6c411777d9c' -> (Import Result ID: 'eb8477d972503f1c1d25a4f9f1479050') in 0.004 seconds [static and dynamic dependencies]. Details - ImportResultOutputID=34166bd5451d0433e216b2cf23956b31 DependenciesID=dec983e1f5c6a1e21f55194d3bdd2886 StaticDependenciesID=ba7b528ff97b6e72b768075e5f7dc877 
Asset Pipeline Refresh (id=49a6c0119da944ed5b98eab1e7cd969f): Total: 0.026 seconds - Initiated by StopAssetImportingV2(NoUpdateAssetOptions)
Importing 'GUID: 0fd94fa405f75519adf09bfc5895d203 - Path: Assets/Resources/ReturnV2/WardenV8/slam-land/02.png' with importer (TextureImporter)
Imported 'GUID: 0fd94fa405f75519adf09bfc5895d203' -> (Import Result ID: 'cf92250f6c2e52e127c625937f501e03') in 0.004 seconds [static and dynamic dependencies]. Details - ImportResultOutputID=eef41e271cde7c935b20c0b039c5b8bd DependenciesID=0899e8203fd597dc326ec82042b994d2 StaticDependenciesID=1d4bb060233c16c517cd5a4e896b86e5 
Asset Pipeline Refresh (id=f60ed544fecc8479dac1e50f056d7f9a): Total: 0.026 seconds - Initiated by StopAssetImportingV2(NoUpdateAssetOptions)
Importing 'GUID: dd00e9c0d1615426b776a1813a827619 - Path: Assets/Resources/ReturnV2/WardenV8/slam-rise/00.png' with importer (TextureImporter)
Imported 'GUID: dd00e9c0d1615426b776a1813a827619' -> (Import Result ID: '7f3edb03481e792df073e1e4c1c74b92') in 0.004 seconds [static and dynamic dependencies]. Details - ImportResultOutputID=a97f026996449a53c57e9e1d85824210 DependenciesID=a037e505c3f5fdca7275943d760dd975 StaticDependenciesID=765075b6f516b70044409b5a2ec9a315 
Asset Pipeline Refresh (id=0eddc92c4bd664aad91ec39d87e11f90): Total: 0.026 seconds - Initiated by StopAssetImportingV2(NoUpdateAssetOptions)
Importing 'GUID: be74f369d60452939edb50c275a9feb6 - Path: Assets/Resources/ReturnV2/WardenV8/slam-rise/01.png' with importer (TextureImporter)
Imported 'GUID: be74f369d60452939edb50c275a9feb6' -> (Import Result ID: '04ca631ec6995c5b149cde3430824a3c') in 0.004 seconds [static and dynamic dependencies]. Details - ImportResultOutputID=11bdb6cfc8f1f4e31a0bd68c4691b568 DependenciesID=5684d764e57df823bf41a34169e48ac3 StaticDependenciesID=eefc87458511e783a5aac5bc36fe7d0f 
Asset Pipeline Refresh (id=9b6724eb3da284c01925511f535458c1): Total: 0.026 seconds - Initiated by StopAssetImportingV2(NoUpdateAssetOptions)
Importing 'GUID: 2bd1ffc725385c91b13b87c05042e628 - Path: Assets/Resources/ReturnV2/WardenV8/slam-rise/02.png' with importer (TextureImporter)
Imported 'GUID: 2bd1ffc725385c91b13b87c05042e628' -> (Import Result ID: 'a33807ad6675c2264c62bdaffd6e014b') in 0.004 seconds [static and dynamic dependencies]. Details - ImportResultOutputID=81171a44d780314bb45eda29ebe1a4ae DependenciesID=443b0371f2a04d911da2db06ea804d9f StaticDependenciesID=a15674db5d27b64c8e7c26e923b85c8e 
Asset Pipeline Refresh (id=9a39a81ad34a043a4842285fccc2c810): Total: 0.025 seconds - Initiated by StopAssetImportingV2(NoUpdateAssetOptions)
Importing 'GUID: 7aef37283aa0523cb29e4d0e6ec2cf45 - Path: Assets/Resources/ReturnV2/WardenV8/slam-rise/03.png' with importer (TextureImporter)
Imported 'GUID: 7aef37283aa0523cb29e4d0e6ec2cf45' -> (Import Result ID: 'ca01d6fb444065be870f21d6b9dc2cf2') in 0.004 seconds [static and dynamic dependencies]. Details - ImportResultOutputID=9f8a046b05d9900d8fb825ad0f5bd342 DependenciesID=4118195a637b6497bf563e87af3b495c StaticDependenciesID=ce9875b505a61f87e1c6803c23257e67 
Asset Pipeline Refresh (id=b22800920c747410595a2309be597c0b): Total: 0.026 seconds - Initiated by StopAssetImportingV2(NoUpdateAssetOptions)
Importing 'GUID: 16ed265d593954e894ab3b11c4a567b5 - Path: Assets/Resources/ReturnV2/WardenV8/slam-rise/04.png' with importer (TextureImporter)
Imported 'GUID: 16ed265d593954e894ab3b11c4a567b5' -> (Import Result ID: '81116355e41b926d0d5cc77e9d35bc34') in 0.004 seconds [static and dynamic dependencies]. Details - ImportResultOutputID=7181afd95c36c905ca53ea338883757e DependenciesID=4bac02e1e0200d74d81b8fbe3fb599c9 StaticDependenciesID=01760becbf25db26f5312f2d89350047 
Asset Pipeline Refresh (id=af64254cd963a495d8083d4897bf2bca): Total: 0.025 seconds - Initiated by StopAssetImportingV2(NoUpdateAssetOptions)
Importing 'GUID: 6e0d23aee5b759499015869a88c85216 - Path: Assets/Resources/ReturnV2/WardenV8/stagger-close/00.png' with importer (TextureImporter)
Imported 'GUID: 6e0d23aee5b759499015869a88c85216' -> (Import Result ID: '9fdea229b40a1aa4f2cccf5505c8e450') in 0.004 seconds [static and dynamic dependencies]. Details - ImportResultOutputID=4e80ec9c2d712c5bd8d19027bd24b969 DependenciesID=822b2d335faebb41d4846684d0d456d9 StaticDependenciesID=c20d85199d2e70c2aaf060176b748a1e 
Asset Pipeline Refresh (id=4c25d2c3c52f745f485ba968f7aac94f): Total: 0.026 seconds - Initiated by StopAssetImportingV2(NoUpdateAssetOptions)
Importing 'GUID: 13a6231d263c50979dfac3aec3cd47bc - Path: Assets/Resources/ReturnV2/WardenV8/stagger-close/01.png' with importer (TextureImporter)
Imported 'GUID: 13a6231d263c50979dfac3aec3cd47bc' -> (Import Result ID: 'f1b67ddbf6076e73fe12a27542bed85d') in 0.004 seconds [static and dynamic dependencies]. Details - ImportResultOutputID=d937776d984bf156dc8e6b3fc9bcf767 DependenciesID=18a781adad7e985d6fa55e95ac9535a5 StaticDependenciesID=7d8c50930a1d6641669c2e72f5793dfa 
Asset Pipeline Refresh (id=5e8cd792d34664aa7a32dd08df9e4a0c): Total: 0.027 seconds - Initiated by StopAssetImportingV2(NoUpdateAssetOptions)
Importing 'GUID: 65a1e92b46505ae380257f9673039686 - Path: Assets/Resources/ReturnV2/WardenV8/stagger-close/02.png' with importer (TextureImporter)
Imported 'GUID: 65a1e92b46505ae380257f9673039686' -> (Import Result ID: 'c887e999597fc20faefe6acbfbdda82d') in 0.004 seconds [static and dynamic dependencies]. Details - ImportResultOutputID=74f53d0e45a9d387ccdd5f75ecb86107 DependenciesID=33b5c01ecf9670abe8b7bd87c479cfb0 StaticDependenciesID=af88a59a051f0485e8ff0a0ee3c8217e 
Asset Pipeline Refresh (id=99959043366694a26bb6670d3bfc41ae): Total: 0.025 seconds - Initiated by StopAssetImportingV2(NoUpdateAssetOptions)
Importing 'GUID: 89380688704351c2b67f0fdb09239440 - Path: Assets/Resources/ReturnV2/WardenV8/stagger-close/03.png' with importer (TextureImporter)
Imported 'GUID: 89380688704351c2b67f0fdb09239440' -> (Import Result ID: '1f5180fc7bc159c623dfa7935711581b') in 0.004 seconds [static and dynamic dependencies]. Details - ImportResultOutputID=63b3b4683f04a45c8385ecd820c3517f DependenciesID=5e1268c9162441629b05bdc0c71e86b5 StaticDependenciesID=5f117cde622a02ce330bbd899bed6f30 
Asset Pipeline Refresh (id=c71d6dbce057d47efa7292da949b04b4): Total: 0.025 seconds - Initiated by StopAssetImportingV2(NoUpdateAssetOptions)
Importing 'GUID: d6d253c128115973b0cd23e39feeedc4 - Path: Assets/Resources/ReturnV2/WardenV8/stagger-open/00.png' with importer (TextureImporter)
Imported 'GUID: d6d253c128115973b0cd23e39feeedc4' -> (Import Result ID: 'f8ba2cec1eb38c18f16367238c822403') in 0.004 seconds [static and dynamic dependencies]. Details - ImportResultOutputID=5fe1c49f770aa5df8e1d19c7825de5b0 DependenciesID=b61e4391ce44403aa09a7504ac76ba95 StaticDependenciesID=ca25dd4587149e4172fd672ffbd9ed8b 
Asset Pipeline Refresh (id=7cd505ab03eef438b974d0095964a2ae): Total: 0.026 seconds - Initiated by StopAssetImportingV2(NoUpdateAssetOptions)
Importing 'GUID: a34c2938328d53b59fa3d92581eb9e28 - Path: Assets/Resources/ReturnV2/WardenV8/stagger-open/01.png' with importer (TextureImporter)
Imported 'GUID: a34c2938328d53b59fa3d92581eb9e28' -> (Import Result ID: '0bac3264257c98f330eaccafbfe079af') in 0.004 seconds [static and dynamic dependencies]. Details - ImportResultOutputID=a38b4c857e18971e330a42e5c05130bd DependenciesID=5638124e0fd4e18e62ef1f3966aee66c StaticDependenciesID=afa1d17b77b1a90d059555810c40e9ed 
Asset Pipeline Refresh (id=991bbc04e5e9a410ea3477c9a2c825d6): Total: 0.025 seconds - Initiated by StopAssetImportingV2(NoUpdateAssetOptions)
Importing 'GUID: b82b60412d2d54f9a662d2e3bb365c5c - Path: Assets/Resources/ReturnV2/WardenV8/stagger-open/02.png' with importer (TextureImporter)
Imported 'GUID: b82b60412d2d54f9a662d2e3bb365c5c' -> (Import Result ID: 'b20c3e69c8cc3cfbcc2247a2b43e0ca1') in 0.004 seconds [static and dynamic dependencies]. Details - ImportResultOutputID=d5c555358b779fca67e726d784f9a82b DependenciesID=0eda047d3932c0bf39e8a19ce09c8f0a StaticDependenciesID=53824d655988c9edb8ced2138690982d 
Asset Pipeline Refresh (id=8015d83d591ba41bc9161f74dadf2694): Total: 0.026 seconds - Initiated by StopAssetImportingV2(NoUpdateAssetOptions)
Importing 'GUID: de3091f1ff675966913cb40ab272f97a - Path: Assets/Resources/ReturnV2/WardenV8/stagger-open/03.png' with importer (TextureImporter)
Imported 'GUID: de3091f1ff675966913cb40ab272f97a' -> (Import Result ID: '47304c73b39eb71ad14053b53d0a1493') in 0.004 seconds [static and dynamic dependencies]. Details - ImportResultOutputID=9b5fff0e36300a0f32496a1ae795675d DependenciesID=9453d4a77ad1950c03199c29c4993e0e StaticDependenciesID=c1615815629300b05a8d41c9bd461157 
Asset Pipeline Refresh (id=884799a7bdda34b7080b914b07c3adba): Total: 0.025 seconds - Initiated by StopAssetImportingV2(NoUpdateAssetOptions)
Importing 'GUID: 342d55d225e9580d8f0da4231bcdde55 - Path: Assets/Resources/ReturnV2/WardenV8/walk/00.png' with importer (TextureImporter)
Imported 'GUID: 342d55d225e9580d8f0da4231bcdde55' -> (Import Result ID: 'c7ddd93e502ebbae69b93319a250a08f') in 0.004 seconds [static and dynamic dependencies]. Details - ImportResultOutputID=017ff9819d48924f21a9efef5eb51438 DependenciesID=53b7c00f4ccaca08506f478f90f54fc1 StaticDependenciesID=b0b0a8de37c5fe02eb76e2ef414d92a2 
Asset Pipeline Refresh (id=69a728904de734686a6b5f7f0fad4ca3): Total: 0.025 seconds - Initiated by StopAssetImportingV2(NoUpdateAssetOptions)
Importing 'GUID: bbe20a724fb1576b93b9efe4b93a24c6 - Path: Assets/Resources/ReturnV2/WardenV8/walk/01.png' with importer (TextureImporter)
Imported 'GUID: bbe20a724fb1576b93b9efe4b93a24c6' -> (Import Result ID: 'ff33742e0ed30444b789db2816caa2cc') in 0.004 seconds [static and dynamic dependencies]. Details - ImportResultOutputID=0d11bab3b5d7c499b94e74d69ff1b016 DependenciesID=d249bc19ce9379be3f1edf905171f937 StaticDependenciesID=40a53339a9a2c3e08612134a3cccf125 
Asset Pipeline Refresh (id=54baf91a974b44534bf26c219948e8c5): Total: 0.026 seconds - Initiated by StopAssetImportingV2(NoUpdateAssetOptions)
Importing 'GUID: 591860683bb753278e04f28e814db64a - Path: Assets/Resources/ReturnV2/WardenV8/walk/02.png' with importer (TextureImporter)
Imported 'GUID: 591860683bb753278e04f28e814db64a' -> (Import Result ID: 'e381d24e0fdbc61095e0e18437610e6b') in 0.004 seconds [static and dynamic dependencies]. Details - ImportResultOutputID=2c4ee65c446cd37a6bdcef0b352789c7 DependenciesID=b5df13cde19fa4de3e9fcbeabaf8b23e StaticDependenciesID=bb9513ee69d3a656bfd71311fba172bb 
Asset Pipeline Refresh (id=9a8069d7871b84ba5ad60b08fd08fe14): Total: 0.025 seconds - Initiated by StopAssetImportingV2(NoUpdateAssetOptions)
Importing 'GUID: 3c2b507e88db5b82968c4b9cdc99f5c8 - Path: Assets/Resources/ReturnV2/WardenV8/walk/03.png' with importer (TextureImporter)
Imported 'GUID: 3c2b507e88db5b82968c4b9cdc99f5c8' -> (Import Result ID: 'a9b13b9125d3d083d8d8afb68e8b5661') in 0.004 seconds [static and dynamic dependencies]. Details - ImportResultOutputID=6bf66cd3cadf5fb4f1cfbe5127aa24c5 DependenciesID=1db77ab8c3bc438c5c388925dd158d19 StaticDependenciesID=8867e7b20c9ebaff3c22606977edb468 
Asset Pipeline Refresh (id=b84530ebdf7174496bb2246ea17fc091): Total: 0.026 seconds - Initiated by StopAssetImportingV2(NoUpdateAssetOptions)
Importing 'GUID: 5f81737e45aa5a6da6758dee9276fb2a - Path: Assets/Resources/ReturnV2/WardenV8/walk/04.png' with importer (TextureImporter)
Imported 'GUID: 5f81737e45aa5a6da6758dee9276fb2a' -> (Import Result ID: '2d534b5bb4e9682658393406de45ed76') in 0.004 seconds [static and dynamic dependencies]. Details - ImportResultOutputID=b0beb6cebcf6380bbdafa3fd3875c336 DependenciesID=7600bc9de551ce5773dc00458327eb40 StaticDependenciesID=833af21317647f6bd00a7a9dbbc1b84a 
Asset Pipeline Refresh (id=ec03a09e392994d5988b21b3464774d1): Total: 0.025 seconds - Initiated by StopAssetImportingV2(NoUpdateAssetOptions)
Importing 'GUID: afd6894fb0c45fe98bcc2ddf5c32cec5 - Path: Assets/Resources/ReturnV2/WardenV8/walk/05.png' with importer (TextureImporter)
Imported 'GUID: afd6894fb0c45fe98bcc2ddf5c32cec5' -> (Import Result ID: '8137c800d18ca8a1ad5b82301da1b6e1') in 0.004 seconds [static and dynamic dependencies]. Details - ImportResultOutputID=bbe3cc4b7767e347c448ce0fc1e3ff7f DependenciesID=a1d02cc15c3235ccb2808711a2e0adbb StaticDependenciesID=214b6bca25326c25e46902635a91e29c 
Asset Pipeline Refresh (id=ac2a9293aaa734bcf8f73380918d64c0): Total: 0.025 seconds - Initiated by StopAssetImportingV2(NoUpdateAssetOptions)
Importing 'GUID: 2f95e6b81c2b523f892f2e9be0c01fd8 - Path: Assets/Resources/ReturnV2/WardenV8/walk/06.png' with importer (TextureImporter)
Imported 'GUID: 2f95e6b81c2b523f892f2e9be0c01fd8' -> (Import Result ID: 'b50483fcaa742bedec4a568f00097890') in 0.004 seconds [static and dynamic dependencies]. Details - ImportResultOutputID=9fa47bf07920132acaba79723b762f97 DependenciesID=9071caf93cc657795be93b04cfeb0eb1 StaticDependenciesID=be6ebdceb4ef55d56959f11053b4a395 
Asset Pipeline Refresh (id=9d2606c03de9a4e57aa11d3e01837cc9): Total: 0.026 seconds - Initiated by StopAssetImportingV2(NoUpdateAssetOptions)
Importing 'GUID: dcea80a56fe35c8695df160f05904b84 - Path: Assets/Resources/ReturnV2/WardenV8/walk/07.png' with importer (TextureImporter)
Imported 'GUID: dcea80a56fe35c8695df160f05904b84' -> (Import Result ID: 'c47fabf2ecffa5d68f96daea15388e5f') in 0.004 seconds [static and dynamic dependencies]. Details - ImportResultOutputID=ed64e93441b2b9f94c2e93eec18edb8b DependenciesID=e51dd07e0f58b3b401235153fd04b421 StaticDependenciesID=ddfdcbb063815c0b088d0790590a3426 
Asset Pipeline Refresh (id=e8d43f487a69447e6b2c27d6e380402c): Total: 0.025 seconds - Initiated by StopAssetImportingV2(NoUpdateAssetOptions)
Importing 'GUID: 5a7da3e0a030501dbdcb13feccad6ba9 - Path: Assets/Resources/ReturnV2/WardenV8/wave-aim/00.png' with importer (TextureImporter)
Imported 'GUID: 5a7da3e0a030501dbdcb13feccad6ba9' -> (Import Result ID: '7c1bb5609546c931c73d225e6a737e81') in 0.004 seconds [static and dynamic dependencies]. Details - ImportResultOutputID=890166ab412ae4f8218590cff070a1c9 DependenciesID=2149b495581b556b2874e049e96c689b StaticDependenciesID=4d4afa9150d8345d971f45d47ca4309c 
Asset Pipeline Refresh (id=3f774dba90c20494081b6fbd921810ec): Total: 0.025 seconds - Initiated by StopAssetImportingV2(NoUpdateAssetOptions)
Importing 'GUID: 7a6b7c9c802c5455917e93d35cf17d24 - Path: Assets/Resources/ReturnV2/WardenV8/wave-aim/01.png' with importer (TextureImporter)
Imported 'GUID: 7a6b7c9c802c5455917e93d35cf17d24' -> (Import Result ID: '2898496bff7d98939faa5bb8aca83847') in 0.004 seconds [static and dynamic dependencies]. Details - ImportResultOutputID=00ac2c1d19d29c8a3e41e598555e716a DependenciesID=2ec485ca2c560ceb9d002a43899691d2 StaticDependenciesID=13efa2524f350bf46434fd7449fcf9e6 
Asset Pipeline Refresh (id=1be6a899f21d94d8eac55eaa4bea9845): Total: 0.025 seconds - Initiated by StopAssetImportingV2(NoUpdateAssetOptions)
Importing 'GUID: f5c283ae29c154e2b205a1b2487f1f6a - Path: Assets/Resources/ReturnV2/WardenV8/wave-aim/02.png' with importer (TextureImporter)
Imported 'GUID: f5c283ae29c154e2b205a1b2487f1f6a' -> (Import Result ID: '8c7a82fe96baf625f448e85444bfd09d') in 0.004 seconds [static and dynamic dependencies]. Details - ImportResultOutputID=97391c50576a29487286eb8c271ce3b0 DependenciesID=1cabe368630125af2937aeebc35eb4a7 StaticDependenciesID=309752e89e241cbf36bda3f5f54b7ad3 
Asset Pipeline Refresh (id=312a720c14ebb4806bf11688dd0ddcae): Total: 0.026 seconds - Initiated by StopAssetImportingV2(NoUpdateAssetOptions)
Importing 'GUID: f81896beb2d2585db93b16ab075d7d52 - Path: Assets/Resources/ReturnV2/WardenV8/wave-aim/03.png' with importer (TextureImporter)
Imported 'GUID: f81896beb2d2585db93b16ab075d7d52' -> (Import Result ID: 'a20c4cda8d49109cfbe538764c814917') in 0.004 seconds [static and dynamic dependencies]. Details - ImportResultOutputID=5b6eb6f801d0b1691c3e065ce57b53dd DependenciesID=4b1ccd4ab6f826e891446d652f2a191c StaticDependenciesID=89001b27398f9adfbef4a5fdbce290c7 
Asset Pipeline Refresh (id=a8c82aad22d22442bafe4121b5c22503): Total: 0.026 seconds - Initiated by StopAssetImportingV2(NoUpdateAssetOptions)
Importing 'GUID: dbb9e60e49335620a51d2733ddd66fd5 - Path: Assets/Resources/ReturnV2/WardenV8/wave-strike/00.png' with importer (TextureImporter)
Imported 'GUID: dbb9e60e49335620a51d2733ddd66fd5' -> (Import Result ID: '2c9262613e3d4da415dd2239daab70a6') in 0.004 seconds [static and dynamic dependencies]. Details - ImportResultOutputID=95aaf675fe9a8592f05720e179c1239d DependenciesID=c6fedb539632b45dcf67deb20bb7e2e8 StaticDependenciesID=fdbfe83c30bcfaa5591b4ff02e4be9cb 
Asset Pipeline Refresh (id=d5b004e8c186547f9b5ceb7408a7d358): Total: 0.025 seconds - Initiated by StopAssetImportingV2(NoUpdateAssetOptions)
Importing 'GUID: c55db03d2e565271abe4152ca82c3b39 - Path: Assets/Resources/ReturnV2/WardenV8/wave-strike/01.png' with importer (TextureImporter)
Imported 'GUID: c55db03d2e565271abe4152ca82c3b39' -> (Import Result ID: '74a1b2921a205039322b510b876bfe0b') in 0.004 seconds [static and dynamic dependencies]. Details - ImportResultOutputID=12e274b40585d76819ae98874e1bbbfa DependenciesID=8e50c9ddb19dad4f51fdef94ace77998 StaticDependenciesID=8afb811d7f88554e14fd3fe4d562e667 
Asset Pipeline Refresh (id=be5d369846157447d9225def98dc3ced): Total: 0.025 seconds - Initiated by StopAssetImportingV2(NoUpdateAssetOptions)
Importing 'GUID: b7e204402dba59e0abbeb733807b6695 - Path: Assets/Resources/ReturnV2/WardenV8/wave-strike/02.png' with importer (TextureImporter)
Imported 'GUID: b7e204402dba59e0abbeb733807b6695' -> (Import Result ID: '4bbf44f462d3d3a32f93707af4eef7c9') in 0.004 seconds [static and dynamic dependencies]. Details - ImportResultOutputID=ed7fac089bff6b06ea0bdf6b8e05c647 DependenciesID=82576bcc7f5ae4c555fca52625680b82 StaticDependenciesID=70142c2ee50ae0513bf6b5a13b1381d1 
Asset Pipeline Refresh (id=d8488fb2ca4984cb79ab0b7e802e895a): Total: 0.025 seconds - Initiated by StopAssetImportingV2(NoUpdateAssetOptions)
Importing 'GUID: 1dd184ee191b5aa2912a916debcbcdf4 - Path: Assets/Resources/ReturnV2/WardenV8/wave-strike/03.png' with importer (TextureImporter)
Imported 'GUID: 1dd184ee191b5aa2912a916debcbcdf4' -> (Import Result ID: '7a1452805615c3927a3c3dd594c2cee1') in 0.004 seconds [static and dynamic dependencies]. Details - ImportResultOutputID=06296b484262f6fe1e2e58be85fea647 DependenciesID=fddec5f655e0cfc9eb7ff935164a525c StaticDependenciesID=702751980780545ec352843ff877af3d 
Asset Pipeline Refresh (id=c37fc8560b9e04db9a2ebb89806efb3c): Total: 0.026 seconds - Initiated by StopAssetImportingV2(NoUpdateAssetOptions)
Importing 'GUID: 5f0af01b5bdcff7439f413ab956bfcc5 - Path: Assets/Resources/ReturnV2/Art/Warden/attack/00.png' with importer (TextureImporter)
Imported 'GUID: 5f0af01b5bdcff7439f413ab956bfcc5' -> (Import Result ID: 'f8298581c7c7525b675a75ed3aba5a5f') in 0.004 seconds [static and dynamic dependencies]. Details - ImportResultOutputID=5f69e2279d8ae8f3fb833ff996014524 DependenciesID=bb80972bceccac6a147e888fd855f53a StaticDependenciesID=8888d641d3a64b86d470667d7f1337bf 
Asset Pipeline Refresh (id=99cdfe54d1b604c81a2d87a5ff53b7c3): Total: 0.026 seconds - Initiated by StopAssetImportingV2(NoUpdateAssetOptions)
Importing 'GUID: 8b8ec8812f679c54fa0457f5b92a35c2 - Path: Assets/Resources/ReturnV2/Art/Warden/attack/01.png' with importer (TextureImporter)
Imported 'GUID: 8b8ec8812f679c54fa0457f5b92a35c2' -> (Import Result ID: '54b39f5b0dfc5021684a0fb863dff538') in 0.004 seconds [static and dynamic dependencies]. Details - ImportResultOutputID=07282cf0d262abfcb572801e0ab0144d DependenciesID=b1169418b7c8551fc3bfc395b236d7e6 StaticDependenciesID=0fa231c7f4a204d0756110de7453165a 
Asset Pipeline Refresh (id=f73763ecb038d4705ab7cfde79cb590c): Total: 0.026 seconds - Initiated by StopAssetImportingV2(NoUpdateAssetOptions)
Importing 'GUID: 06d5bc3e01b0fbb4da6ca236d67032c4 - Path: Assets/Resources/ReturnV2/Art/Warden/attack/02.png' with importer (TextureImporter)
Imported 'GUID: 06d5bc3e01b0fbb4da6ca236d67032c4' -> (Import Result ID: 'd75de571a0a95b6d43e2a0b72c66dbb9') in 0.004 seconds [static and dynamic dependencies]. Details - ImportResultOutputID=7d5b1e0d461bea5c4f109dac1a3d1387 DependenciesID=7a491a82a9a3e0875de5af3f872bedd0 StaticDependenciesID=95ccb7b3631593e82db560c999edc45e 
Asset Pipeline Refresh (id=bd218dcac294c459e88bbbacdc9c5438): Total: 0.026 seconds - Initiated by StopAssetImportingV2(NoUpdateAssetOptions)
Importing 'GUID: 9107ec84f3d9cfe469a9233fbdfac243 - Path: Assets/Resources/ReturnV2/Art/Warden/attack/03.png' with importer (TextureImporter)
Imported 'GUID: 9107ec84f3d9cfe469a9233fbdfac243' -> (Import Result ID: 'b798562cf538b4c31f409958b90ab036') in 0.004 seconds [static and dynamic dependencies]. Details - ImportResultOutputID=1f7e0bf4b473577fec01721a5febff61 DependenciesID=12fa52c3f40b3cc769302bb51cb89a16 StaticDependenciesID=4307f7e1725ed88e8874eac954a35240 
Asset Pipeline Refresh (id=1c34bc6228e754b4fb0d67324301f9c4): Total: 0.026 seconds - Initiated by StopAssetImportingV2(NoUpdateAssetOptions)
Importing 'GUID: 57df6137695b7f647ae3c8200d9868de - Path: Assets/Resources/ReturnV2/Art/Warden/attack/04.png' with importer (TextureImporter)
Imported 'GUID: 57df6137695b7f647ae3c8200d9868de' -> (Import Result ID: 'fb5a557e4589fe17eb6b93275039d197') in 0.004 seconds [static and dynamic dependencies]. Details - ImportResultOutputID=8bf55adc1f4a0e27d1448e089c5cf966 DependenciesID=f66327977555ae3ec56c384169070717 StaticDependenciesID=e69bedd9dac6c347b26d5978d226d037 
Asset Pipeline Refresh (id=100caa5fb4447486c93ef32184afbb59): Total: 0.026 seconds - Initiated by StopAssetImportingV2(NoUpdateAssetOptions)
Importing 'GUID: b4698f73dfb52a447b52518e513c70c7 - Path: Assets/Resources/ReturnV2/Art/Warden/attack/05.png' with importer (TextureImporter)
Imported 'GUID: b4698f73dfb52a447b52518e513c70c7' -> (Import Result ID: 'edb66044bd46ca6db72ba8fa82eee97c') in 0.004 seconds [static and dynamic dependencies]. Details - ImportResultOutputID=f04abade24d66fcf42d398df465979e6 DependenciesID=4e89515cfc0ad58bc20b18e3a597f4ca StaticDependenciesID=c2c9621ec15829a9dc2eb6210cbc5aaf 
Asset Pipeline Refresh (id=8042af48eb8134453a24cd629f7d8147): Total: 0.026 seconds - Initiated by StopAssetImportingV2(NoUpdateAssetOptions)
Importing 'GUID: 40140fb6c1870a64b9eac290edae8a07 - Path: Assets/Resources/ReturnV2/Art/Warden/idle/00.png' with importer (TextureImporter)
Imported 'GUID: 40140fb6c1870a64b9eac290edae8a07' -> (Import Result ID: 'd9d319368a1f09922eff6e524f8acf70') in 0.004 seconds [static and dynamic dependencies]. Details - ImportResultOutputID=3f25b3ba49ebe592d54088f0cf8e03b8 DependenciesID=fe449e8b92616abb728803d7c68bfb3b StaticDependenciesID=87bbec63d5c7c14c2d6b957e38f2f587 
Asset Pipeline Refresh (id=a557a808637d24d33b8cf125593f277e): Total: 0.026 seconds - Initiated by StopAssetImportingV2(NoUpdateAssetOptions)
Importing 'GUID: ab55ea809e6dc4c49899b7c88394a735 - Path: Assets/Resources/ReturnV2/Art/Warden/idle/01.png' with importer (TextureImporter)
Imported 'GUID: ab55ea809e6dc4c49899b7c88394a735' -> (Import Result ID: '05e82c59da7187accf0be3054ade41ee') in 0.004 seconds [static and dynamic dependencies]. Details - ImportResultOutputID=714dbc6380b12b770dfcd471712ce9cc DependenciesID=d71186471f3b06e2f6cef32c73c6fcc1 StaticDependenciesID=eb6dc791e2f0350479b6aa9335507c90 
Asset Pipeline Refresh (id=7f519c09a1a5044d0b0d6f0feafd043d): Total: 0.026 seconds - Initiated by StopAssetImportingV2(NoUpdateAssetOptions)
Importing 'GUID: 5ed929254a8f8904e86ebb17a11c6b4a - Path: Assets/Resources/ReturnV2/Art/Warden/idle/02.png' with importer (TextureImporter)
Imported 'GUID: 5ed929254a8f8904e86ebb17a11c6b4a' -> (Import Result ID: 'b35a6234129b9091efbd6d20b302588c') in 0.004 seconds [static and dynamic dependencies]. Details - ImportResultOutputID=b15c84aba0fdc2599d38d84f48f6782f DependenciesID=8e31c158bbb9b4c6fc86ea752e62c40f StaticDependenciesID=b17bcbf8e6b2eaffff3a695edc2663c3 
Asset Pipeline Refresh (id=537b85b2af5304a2fa14256a8edbdf9c): Total: 0.026 seconds - Initiated by StopAssetImportingV2(NoUpdateAssetOptions)
Importing 'GUID: 468b1140a0189db4bbc83459d0dded46 - Path: Assets/Resources/ReturnV2/Art/Warden/idle/03.png' with importer (TextureImporter)
Imported 'GUID: 468b1140a0189db4bbc83459d0dded46' -> (Import Result ID: 'f1273ac13e794620ebe5245ec1782012') in 0.004 seconds [static and dynamic dependencies]. Details - ImportResultOutputID=3ccfef7a4ee9e9661503f342432ee6c1 DependenciesID=437f6cd342d666e1bbaa7b0b7df00963 StaticDependenciesID=94ab5676f2374136e7cbcdcea9fe046b 
Asset Pipeline Refresh (id=20c72d466b14441c2b67cdea17515157): Total: 0.026 seconds - Initiated by StopAssetImportingV2(NoUpdateAssetOptions)
Importing 'GUID: 465b0c974655a0e43b277d9ee6fae6c6 - Path: Assets/Resources/ReturnV2/Art/Warden/stagger/00.png' with importer (TextureImporter)
Imported 'GUID: 465b0c974655a0e43b277d9ee6fae6c6' -> (Import Result ID: '2a1c565711fc651f4a4ada5f5536b553') in 0.004 seconds [static and dynamic dependencies]. Details - ImportResultOutputID=4fb9240b6f3ae3b0962e23f2ddfa9a64 DependenciesID=ee553cc1944d4cf982ed7351e046c38a StaticDependenciesID=bb95f7abe2b12d385b1b067e04883241 
Asset Pipeline Refresh (id=02d616569505b44d4b5a9529d5522a4a): Total: 0.026 seconds - Initiated by StopAssetImportingV2(NoUpdateAssetOptions)
Importing 'GUID: e223462284ac57c458516bcc3c147c0a - Path: Assets/Resources/ReturnV2/Art/Warden/stagger/01.png' with importer (TextureImporter)
Imported 'GUID: e223462284ac57c458516bcc3c147c0a' -> (Import Result ID: '8f3e77fc7e067f6b936541ec4bf21869') in 0.004 seconds [static and dynamic dependencies]. Details - ImportResultOutputID=b4aa1d2653dbb4384a96340136989bde DependenciesID=16055c380d43d910213fdf7237de3ba1 StaticDependenciesID=b2a032bf8391c9ecab7854b5a60b1f78 
Asset Pipeline Refresh (id=74128306f7a614cc9af457f7f6d64863): Total: 0.026 seconds - Initiated by StopAssetImportingV2(NoUpdateAssetOptions)
Importing 'GUID: c1155243b700aa94b9b6b5b17f484013 - Path: Assets/Resources/ReturnV2/Art/Warden/stagger/02.png' with importer (TextureImporter)
Imported 'GUID: c1155243b700aa94b9b6b5b17f484013' -> (Import Result ID: '1f7b389b212f58aeaaef5b2c66b648c8') in 0.004 seconds [static and dynamic dependencies]. Details - ImportResultOutputID=d2d00bf3c83b43879a7755742efc5d05 DependenciesID=581720701e1b1540a737847fc46364d5 StaticDependenciesID=ae5d6a36ec29c0e534a08a5a617de155 
Asset Pipeline Refresh (id=d7febdd728e74430d8cd74ffd579256f): Total: 0.026 seconds - Initiated by StopAssetImportingV2(NoUpdateAssetOptions)
Importing 'GUID: 735c68c0106b10242b3e91b7bde789ec - Path: Assets/Resources/ReturnV2/Art/Warden/stagger/03.png' with importer (TextureImporter)
Imported 'GUID: 735c68c0106b10242b3e91b7bde789ec' -> (Import Result ID: '5bfc24206c4fae3b8e224600482d144f') in 0.004 seconds [static and dynamic dependencies]. Details - ImportResultOutputID=b50a48300b2e615749ee51600a65130f DependenciesID=ab95d8d89414283c9acac43c01060958 StaticDependenciesID=09bdefe6933d74605bc5bb2d89c9978f 
Asset Pipeline Refresh (id=151303de7d4ba4d37bf3c8cd2a90d841): Total: 0.026 seconds - Initiated by StopAssetImportingV2(NoUpdateAssetOptions)
Importing 'GUID: 00000000000000004000000000000000 - Path: ProjectSettings/ProjectSettings.asset' with importer (LibraryAssetImporter)
Imported 'GUID: 00000000000000004000000000000000' -> (Import Result ID: '38d2991f83a8b428378a982569eb6c33') in 0.002 seconds [static dependencies only]. Details - ImportResultOutputID=276a810dac73e1f29404d5e5f692e214 DependenciesID=efb93209dfc3497c360cdd82ee8da1d1 StaticDependenciesID=6fda5595802cff65c317cde3986b216d 
Asset Pipeline Refresh (id=a84b5c00f269e4f08bf3378d37533cf0): Total: 0.022 seconds - Initiated by StopAssetImportingV2(NoUpdateAssetOptions)
V2 PASS 3 independently solved boards replay and fully undo through production rules
UnityEngine.Debug:ExtractStackTraceNoAlloc (byte*,int,string)
UnityEngine.StackTraceUtility:ExtractStackTrace () (at /Users/bokken/build/output/unity/unity/Runtime/Export/Scripting/StackTrace.cs:35)
UnityEngine.DebugLogHandler:Internal_Log (UnityEngine.LogType,UnityEngine.LogOption,string,UnityEngine.Object)
UnityEngine.DebugLogHandler:LogFormat (UnityEngine.LogType,UnityEngine.Object,string,object[])
UnityEngine.Logger:Log (UnityEngine.LogType,object)
UnityEngine.Debug:Log (object)
ReworkBuild/<>c:<BuildForTarget>b__3_0 (string) (at Assets/Editor/ReworkBuild.cs:20)
TiqueReturn.ReworkChecks/<>c__DisplayClass1_0:<Run>b__0 (string) (at Assets/Scripts/ReworkChecks.cs:11)
TiqueReturn.ReworkChecks:Run (TiqueReturn.PuzzleBook,System.Action`1<string>) (at Assets/Scripts/ReworkChecks.cs:22)
ReworkBuild:BuildForTarget (UnityEditor.BuildTarget) (at Assets/Editor/ReworkBuild.cs:20)
ReworkBuild:BuildMac () (at Assets/Editor/ReworkBuild.cs:15)

(Filename: Assets/Editor/ReworkBuild.cs Line: 20)

V2 PASS sliding orb is stopped by an object; restart restores original layout
UnityEngine.Debug:ExtractStackTraceNoAlloc (byte*,int,string)
UnityEngine.StackTraceUtility:ExtractStackTrace () (at /Users/bokken/build/output/unity/unity/Runtime/Export/Scripting/StackTrace.cs:35)
UnityEngine.DebugLogHandler:Internal_Log (UnityEngine.LogType,UnityEngine.LogOption,string,UnityEngine.Object)
UnityEngine.DebugLogHandler:LogFormat (UnityEngine.LogType,UnityEngine.Object,string,object[])
UnityEngine.Logger:Log (UnityEngine.LogType,object)
UnityEngine.Debug:Log (object)
ReworkBuild/<>c:<BuildForTarget>b__3_0 (string) (at Assets/Editor/ReworkBuild.cs:20)
TiqueReturn.ReworkChecks/<>c__DisplayClass1_0:<Run>b__0 (string) (at Assets/Scripts/ReworkChecks.cs:11)
TiqueReturn.ReworkChecks:Run (TiqueReturn.PuzzleBook,System.Action`1<string>) (at Assets/Scripts/ReworkChecks.cs:27)
ReworkBuild:BuildForTarget (UnityEditor.BuildTarget) (at Assets/Editor/ReworkBuild.cs:20)
ReworkBuild:BuildMac () (at Assets/Editor/ReworkBuild.cs:15)

(Filename: Assets/Editor/ReworkBuild.cs Line: 20)

V2 PASS socket completion requires correct type
UnityEngine.Debug:ExtractStackTraceNoAlloc (byte*,int,string)
UnityEngine.StackTraceUtility:ExtractStackTrace () (at /Users/bokken/build/output/unity/unity/Runtime/Export/Scripting/StackTrace.cs:35)
UnityEngine.DebugLogHandler:Internal_Log (UnityEngine.LogType,UnityEngine.LogOption,string,UnityEngine.Object)
UnityEngine.DebugLogHandler:LogFormat (UnityEngine.LogType,UnityEngine.Object,string,object[])
UnityEngine.Logger:Log (UnityEngine.LogType,object)
UnityEngine.Debug:Log (object)
ReworkBuild/<>c:<BuildForTarget>b__3_0 (string) (at Assets/Editor/ReworkBuild.cs:20)
TiqueReturn.ReworkChecks/<>c__DisplayClass1_0:<Run>b__0 (string) (at Assets/Scripts/ReworkChecks.cs:11)
TiqueReturn.ReworkChecks:Run (TiqueReturn.PuzzleBook,System.Action`1<string>) (at Assets/Scripts/ReworkChecks.cs:29)
ReworkBuild:BuildForTarget (UnityEditor.BuildTarget) (at Assets/Editor/ReworkBuild.cs:20)
ReworkBuild:BuildMac () (at Assets/Editor/ReworkBuild.cs:15)

(Filename: Assets/Editor/ReworkBuild.cs Line: 20)

V2 PASS dash invulnerability, damage grace and pause freeze
UnityEngine.Debug:ExtractStackTraceNoAlloc (byte*,int,string)
UnityEngine.StackTraceUtility:ExtractStackTrace () (at /Users/bokken/build/output/unity/unity/Runtime/Export/Scripting/StackTrace.cs:35)
UnityEngine.DebugLogHandler:Internal_Log (UnityEngine.LogType,UnityEngine.LogOption,string,UnityEngine.Object)
UnityEngine.DebugLogHandler:LogFormat (UnityEngine.LogType,UnityEngine.Object,string,object[])
UnityEngine.Logger:Log (UnityEngine.LogType,object)
UnityEngine.Debug:Log (object)
ReworkBuild/<>c:<BuildForTarget>b__3_0 (string) (at Assets/Editor/ReworkBuild.cs:20)
TiqueReturn.ReworkChecks/<>c__DisplayClass1_0:<Run>b__0 (string) (at Assets/Scripts/ReworkChecks.cs:11)
TiqueReturn.ReworkChecks:Run (TiqueReturn.PuzzleBook,System.Action`1<string>) (at Assets/Scripts/ReworkChecks.cs:34)
ReworkBuild:BuildForTarget (UnityEditor.BuildTarget) (at Assets/Editor/ReworkBuild.cs:20)
ReworkBuild:BuildMac () (at Assets/Editor/ReworkBuild.cs:15)

(Filename: Assets/Editor/ReworkBuild.cs Line: 20)

V2 PASS armor cannot be bypassed with attacks
UnityEngine.Debug:ExtractStackTraceNoAlloc (byte*,int,string)
UnityEngine.StackTraceUtility:ExtractStackTrace () (at /Users/bokken/build/output/unity/unity/Runtime/Export/Scripting/StackTrace.cs:35)
UnityEngine.DebugLogHandler:Internal_Log (UnityEngine.LogType,UnityEngine.LogOption,string,UnityEngine.Object)
UnityEngine.DebugLogHandler:LogFormat (UnityEngine.LogType,UnityEngine.Object,string,object[])
UnityEngine.Logger:Log (UnityEngine.LogType,object)
UnityEngine.Debug:Log (object)
ReworkBuild/<>c:<BuildForTarget>b__3_0 (string) (at Assets/Editor/ReworkBuild.cs:20)
TiqueReturn.ReworkChecks/<>c__DisplayClass1_0:<Run>b__0 (string) (at Assets/Scripts/ReworkChecks.cs:11)
TiqueReturn.ReworkChecks:Run (TiqueReturn.PuzzleBook,System.Action`1<string>) (at Assets/Scripts/ReworkChecks.cs:38)
ReworkBuild:BuildForTarget (UnityEditor.BuildTarget) (at Assets/Editor/ReworkBuild.cs:20)
ReworkBuild:BuildMac () (at Assets/Editor/ReworkBuild.cs:15)

(Filename: Assets/Editor/ReworkBuild.cs Line: 20)

V2 PASS boss checkpoint retries without replaying puzzles
UnityEngine.Debug:ExtractStackTraceNoAlloc (byte*,int,string)
UnityEngine.StackTraceUtility:ExtractStackTrace () (at /Users/bokken/build/output/unity/unity/Runtime/Export/Scripting/StackTrace.cs:35)
UnityEngine.DebugLogHandler:Internal_Log (UnityEngine.LogType,UnityEngine.LogOption,string,UnityEngine.Object)
UnityEngine.DebugLogHandler:LogFormat (UnityEngine.LogType,UnityEngine.Object,string,object[])
UnityEngine.Logger:Log (UnityEngine.LogType,object)
UnityEngine.Debug:Log (object)
ReworkBuild/<>c:<BuildForTarget>b__3_0 (string) (at Assets/Editor/ReworkBuild.cs:20)
TiqueReturn.ReworkChecks/<>c__DisplayClass1_0:<Run>b__0 (string) (at Assets/Scripts/ReworkChecks.cs:11)
TiqueReturn.ReworkChecks:Run (TiqueReturn.PuzzleBook,System.Action`1<string>) (at Assets/Scripts/ReworkChecks.cs:40)
ReworkBuild:BuildForTarget (UnityEditor.BuildTarget) (at Assets/Editor/ReworkBuild.cs:20)
ReworkBuild:BuildMac () (at Assets/Editor/ReworkBuild.cs:15)

(Filename: Assets/Editor/ReworkBuild.cs Line: 20)

V2 PASS combat-only restart from all five arena states resets encounter and preserves puzzle checkpoint/preferences
UnityEngine.Debug:ExtractStackTraceNoAlloc (byte*,int,string)
UnityEngine.StackTraceUtility:ExtractStackTrace () (at /Users/bokken/build/output/unity/unity/Runtime/Export/Scripting/StackTrace.cs:35)
UnityEngine.DebugLogHandler:Internal_Log (UnityEngine.LogType,UnityEngine.LogOption,string,UnityEngine.Object)
UnityEngine.DebugLogHandler:LogFormat (UnityEngine.LogType,UnityEngine.Object,string,object[])
UnityEngine.Logger:Log (UnityEngine.LogType,object)
UnityEngine.Debug:Log (object)
ReworkBuild/<>c:<BuildForTarget>b__3_0 (string) (at Assets/Editor/ReworkBuild.cs:20)
TiqueReturn.ReworkChecks/<>c__DisplayClass1_0:<Run>b__0 (string) (at Assets/Scripts/ReworkChecks.cs:11)
TiqueReturn.ReworkChecks:Run (TiqueReturn.PuzzleBook,System.Action`1<string>) (at Assets/Scripts/ReworkChecks.cs:74)
ReworkBuild:BuildForTarget (UnityEditor.BuildTarget) (at Assets/Editor/ReworkBuild.cs:20)
ReworkBuild:BuildMac () (at Assets/Editor/ReworkBuild.cs:15)

(Filename: Assets/Editor/ReworkBuild.cs Line: 20)

V2 PASS title permits combat-only practice, puzzle/opening phases reject encounter restart
UnityEngine.Debug:ExtractStackTraceNoAlloc (byte*,int,string)
UnityEngine.StackTraceUtility:ExtractStackTrace () (at /Users/bokken/build/output/unity/unity/Runtime/Export/Scripting/StackTrace.cs:35)
UnityEngine.DebugLogHandler:Internal_Log (UnityEngine.LogType,UnityEngine.LogOption,string,UnityEngine.Object)
UnityEngine.DebugLogHandler:LogFormat (UnityEngine.LogType,UnityEngine.Object,string,object[])
UnityEngine.Logger:Log (UnityEngine.LogType,object)
UnityEngine.Debug:Log (object)
ReworkBuild/<>c:<BuildForTarget>b__3_0 (string) (at Assets/Editor/ReworkBuild.cs:20)
TiqueReturn.ReworkChecks/<>c__DisplayClass1_0:<Run>b__0 (string) (at Assets/Scripts/ReworkChecks.cs:11)
TiqueReturn.ReworkChecks:Run (TiqueReturn.PuzzleBook,System.Action`1<string>) (at Assets/Scripts/ReworkChecks.cs:78)
ReworkBuild:BuildForTarget (UnityEditor.BuildTarget) (at Assets/Editor/ReworkBuild.cs:20)
ReworkBuild:BuildMac () (at Assets/Editor/ReworkBuild.cs:15)

(Filename: Assets/Editor/ReworkBuild.cs Line: 20)

V2 PASS V2 service ledge coyote jump preserves exactly one double jump
UnityEngine.Debug:ExtractStackTraceNoAlloc (byte*,int,string)
UnityEngine.StackTraceUtility:ExtractStackTrace () (at /Users/bokken/build/output/unity/unity/Runtime/Export/Scripting/StackTrace.cs:35)
UnityEngine.DebugLogHandler:Internal_Log (UnityEngine.LogType,UnityEngine.LogOption,string,UnityEngine.Object)
UnityEngine.DebugLogHandler:LogFormat (UnityEngine.LogType,UnityEngine.Object,string,object[])
UnityEngine.Logger:Log (UnityEngine.LogType,object)
UnityEngine.Debug:Log (object)
ReworkBuild/<>c:<BuildForTarget>b__3_0 (string) (at Assets/Editor/ReworkBuild.cs:20)
TiqueReturn.ReworkChecks/<>c__DisplayClass1_0:<Run>b__0 (string) (at Assets/Scripts/ReworkChecks.cs:11)
TiqueReturn.ReworkChecks:Run (TiqueReturn.PuzzleBook,System.Action`1<string>) (at Assets/Scripts/ReworkChecks.cs:88)
ReworkBuild:BuildForTarget (UnityEditor.BuildTarget) (at Assets/Editor/ReworkBuild.cs:20)
ReworkBuild:BuildMac () (at Assets/Editor/ReworkBuild.cs:15)

(Filename: Assets/Editor/ReworkBuild.cs Line: 20)

V2 PASS armor break requires a new impact, not an overlapping pylon exploit
UnityEngine.Debug:ExtractStackTraceNoAlloc (byte*,int,string)
UnityEngine.StackTraceUtility:ExtractStackTrace () (at /Users/bokken/build/output/unity/unity/Runtime/Export/Scripting/StackTrace.cs:35)
UnityEngine.DebugLogHandler:Internal_Log (UnityEngine.LogType,UnityEngine.LogOption,string,UnityEngine.Object)
UnityEngine.DebugLogHandler:LogFormat (UnityEngine.LogType,UnityEngine.Object,string,object[])
UnityEngine.Logger:Log (UnityEngine.LogType,object)
UnityEngine.Debug:Log (object)
ReworkBuild/<>c:<BuildForTarget>b__3_0 (string) (at Assets/Editor/ReworkBuild.cs:20)
TiqueReturn.ReworkChecks/<>c__DisplayClass1_0:<Run>b__0 (string) (at Assets/Scripts/ReworkChecks.cs:11)
TiqueReturn.ReworkChecks:Run (TiqueReturn.PuzzleBook,System.Action`1<string>) (at Assets/Scripts/ReworkChecks.cs:95)
ReworkBuild:BuildForTarget (UnityEditor.BuildTarget) (at Assets/Editor/ReworkBuild.cs:20)
ReworkBuild:BuildMac () (at Assets/Editor/ReworkBuild.cs:15)

(Filename: Assets/Editor/ReworkBuild.cs Line: 20)

V2 PASS missed slam: .2 landing, aligned .2 opening, 1.6 exposure, one hit, stable side and clean rage-two hazards
UnityEngine.Debug:ExtractStackTraceNoAlloc (byte*,int,string)
UnityEngine.StackTraceUtility:ExtractStackTrace () (at /Users/bokken/build/output/unity/unity/Runtime/Export/Scripting/StackTrace.cs:35)
UnityEngine.DebugLogHandler:Internal_Log (UnityEngine.LogType,UnityEngine.LogOption,string,UnityEngine.Object)
UnityEngine.DebugLogHandler:LogFormat (UnityEngine.LogType,UnityEngine.Object,string,object[])
UnityEngine.Logger:Log (UnityEngine.LogType,object)
UnityEngine.Debug:Log (object)
ReworkBuild/<>c:<BuildForTarget>b__3_0 (string) (at Assets/Editor/ReworkBuild.cs:20)
TiqueReturn.ReworkChecks/<>c__DisplayClass1_0:<Run>b__0 (string) (at Assets/Scripts/ReworkChecks.cs:11)
TiqueReturn.ReworkChecks:CheckCounters (TiqueReturn.PuzzleBook,System.Action`1<string>) (at Assets/Scripts/ReworkChecks.cs:137)
TiqueReturn.ReworkChecks:Run (TiqueReturn.PuzzleBook,System.Action`1<string>) (at Assets/Scripts/ReworkChecks.cs:96)
ReworkBuild:BuildForTarget (UnityEditor.BuildTarget) (at Assets/Editor/ReworkBuild.cs:20)
ReworkBuild:BuildMac () (at Assets/Editor/ReworkBuild.cs:15)

(Filename: Assets/Editor/ReworkBuild.cs Line: 20)

V2 PASS counter eligibility is slam geometry, never dash/grace; high jump works, connected/fatal rage slam stays safe
UnityEngine.Debug:ExtractStackTraceNoAlloc (byte*,int,string)
UnityEngine.StackTraceUtility:ExtractStackTrace () (at /Users/bokken/build/output/unity/unity/Runtime/Export/Scripting/StackTrace.cs:35)
UnityEngine.DebugLogHandler:Internal_Log (UnityEngine.LogType,UnityEngine.LogOption,string,UnityEngine.Object)
UnityEngine.DebugLogHandler:LogFormat (UnityEngine.LogType,UnityEngine.Object,string,object[])
UnityEngine.Logger:Log (UnityEngine.LogType,object)
UnityEngine.Debug:Log (object)
ReworkBuild/<>c:<BuildForTarget>b__3_0 (string) (at Assets/Editor/ReworkBuild.cs:20)
TiqueReturn.ReworkChecks/<>c__DisplayClass1_0:<Run>b__0 (string) (at Assets/Scripts/ReworkChecks.cs:11)
TiqueReturn.ReworkChecks:CheckCounters (TiqueReturn.PuzzleBook,System.Action`1<string>) (at Assets/Scripts/ReworkChecks.cs:155)
TiqueReturn.ReworkChecks:Run (TiqueReturn.PuzzleBook,System.Action`1<string>) (at Assets/Scripts/ReworkChecks.cs:96)
ReworkBuild:BuildForTarget (UnityEditor.BuildTarget) (at Assets/Editor/ReworkBuild.cs:20)
ReworkBuild:BuildMac () (at Assets/Editor/ReworkBuild.cs:15)

(Filename: Assets/Editor/ReworkBuild.cs Line: 20)

V2 PASS counter timeouts in both modes; pylon route preserves duration and all three production attack hits
UnityEngine.Debug:ExtractStackTraceNoAlloc (byte*,int,string)
UnityEngine.StackTraceUtility:ExtractStackTrace () (at /Users/bokken/build/output/unity/unity/Runtime/Export/Scripting/StackTrace.cs:35)
UnityEngine.DebugLogHandler:Internal_Log (UnityEngine.LogType,UnityEngine.LogOption,string,UnityEngine.Object)
UnityEngine.DebugLogHandler:LogFormat (UnityEngine.LogType,UnityEngine.Object,string,object[])
UnityEngine.Logger:Log (UnityEngine.LogType,object)
UnityEngine.Debug:Log (object)
ReworkBuild/<>c:<BuildForTarget>b__3_0 (string) (at Assets/Editor/ReworkBuild.cs:20)
TiqueReturn.ReworkChecks/<>c__DisplayClass1_0:<Run>b__0 (string) (at Assets/Scripts/ReworkChecks.cs:11)
TiqueReturn.ReworkChecks:CheckCounters (TiqueReturn.PuzzleBook,System.Action`1<string>) (at Assets/Scripts/ReworkChecks.cs:177)
TiqueReturn.ReworkChecks:Run (TiqueReturn.PuzzleBook,System.Action`1<string>) (at Assets/Scripts/ReworkChecks.cs:96)
ReworkBuild:BuildForTarget (UnityEditor.BuildTarget) (at Assets/Editor/ReworkBuild.cs:20)
ReworkBuild:BuildMac () (at Assets/Editor/ReworkBuild.cs:15)

(Filename: Assets/Editor/ReworkBuild.cs Line: 20)

V2 PASS counter air punches spend no quota; death retry resets pending exposure
UnityEngine.Debug:ExtractStackTraceNoAlloc (byte*,int,string)
UnityEngine.StackTraceUtility:ExtractStackTrace () (at /Users/bokken/build/output/unity/unity/Runtime/Export/Scripting/StackTrace.cs:35)
UnityEngine.DebugLogHandler:Internal_Log (UnityEngine.LogType,UnityEngine.LogOption,string,UnityEngine.Object)
UnityEngine.DebugLogHandler:LogFormat (UnityEngine.LogType,UnityEngine.Object,string,object[])
UnityEngine.Logger:Log (UnityEngine.LogType,object)
UnityEngine.Debug:Log (object)
ReworkBuild/<>c:<BuildForTarget>b__3_0 (string) (at Assets/Editor/ReworkBuild.cs:20)
TiqueReturn.ReworkChecks/<>c__DisplayClass1_0:<Run>b__0 (string) (at Assets/Scripts/ReworkChecks.cs:11)
TiqueReturn.ReworkChecks:CheckCounters (TiqueReturn.PuzzleBook,System.Action`1<string>) (at Assets/Scripts/ReworkChecks.cs:185)
TiqueReturn.ReworkChecks:Run (TiqueReturn.PuzzleBook,System.Action`1<string>) (at Assets/Scripts/ReworkChecks.cs:96)
ReworkBuild:BuildForTarget (UnityEditor.BuildTarget) (at Assets/Editor/ReworkBuild.cs:20)
ReworkBuild:BuildMac () (at Assets/Editor/ReworkBuild.cs:15)

(Filename: Assets/Editor/ReworkBuild.cs Line: 20)

V2 PASS nine geometric counter opportunities + production X attacks defeat guardian with zero pillars; restart clears new state
UnityEngine.Debug:ExtractStackTraceNoAlloc (byte*,int,string)
UnityEngine.StackTraceUtility:ExtractStackTrace () (at /Users/bokken/build/output/unity/unity/Runtime/Export/Scripting/StackTrace.cs:35)
UnityEngine.DebugLogHandler:Internal_Log (UnityEngine.LogType,UnityEngine.LogOption,string,UnityEngine.Object)
UnityEngine.DebugLogHandler:LogFormat (UnityEngine.LogType,UnityEngine.Object,string,object[])
UnityEngine.Logger:Log (UnityEngine.LogType,object)
UnityEngine.Debug:Log (object)
ReworkBuild/<>c:<BuildForTarget>b__3_0 (string) (at Assets/Editor/ReworkBuild.cs:20)
TiqueReturn.ReworkChecks/<>c__DisplayClass1_0:<Run>b__0 (string) (at Assets/Scripts/ReworkChecks.cs:11)
TiqueReturn.ReworkChecks:CheckCounters (TiqueReturn.PuzzleBook,System.Action`1<string>) (at Assets/Scripts/ReworkChecks.cs:201)
TiqueReturn.ReworkChecks:Run (TiqueReturn.PuzzleBook,System.Action`1<string>) (at Assets/Scripts/ReworkChecks.cs:96)
ReworkBuild:BuildForTarget (UnityEditor.BuildTarget) (at Assets/Editor/ReworkBuild.cs:20)
ReworkBuild:BuildMac () (at Assets/Editor/ReworkBuild.cs:15)

(Filename: Assets/Editor/ReworkBuild.cs Line: 20)

V2 PASS ordinary inputs alone defeat complete guardian pattern loop: nine counters, zero pylons, assisted=False, HP=5, time=99.06s
UnityEngine.Debug:ExtractStackTraceNoAlloc (byte*,int,string)
UnityEngine.StackTraceUtility:ExtractStackTrace () (at /Users/bokken/build/output/unity/unity/Runtime/Export/Scripting/StackTrace.cs:35)
UnityEngine.DebugLogHandler:Internal_Log (UnityEngine.LogType,UnityEngine.LogOption,string,UnityEngine.Object)
UnityEngine.DebugLogHandler:LogFormat (UnityEngine.LogType,UnityEngine.Object,string,object[])
UnityEngine.Logger:Log (UnityEngine.LogType,object)
UnityEngine.Debug:Log (object)
ReworkBuild/<>c:<BuildForTarget>b__3_0 (string) (at Assets/Editor/ReworkBuild.cs:20)
TiqueReturn.ReworkChecks/<>c__DisplayClass1_0:<Run>b__0 (string) (at Assets/Scripts/ReworkChecks.cs:11)
TiqueReturn.ReworkChecks:CheckCounters (TiqueReturn.PuzzleBook,System.Action`1<string>) (at Assets/Scripts/ReworkChecks.cs:209)
TiqueReturn.ReworkChecks:Run (TiqueReturn.PuzzleBook,System.Action`1<string>) (at Assets/Scripts/ReworkChecks.cs:96)
ReworkBuild:BuildForTarget (UnityEditor.BuildTarget) (at Assets/Editor/ReworkBuild.cs:20)
ReworkBuild:BuildMac () (at Assets/Editor/ReworkBuild.cs:15)

(Filename: Assets/Editor/ReworkBuild.cs Line: 20)

V2 PASS ordinary inputs alone defeat complete guardian pattern loop: nine counters, zero pylons, assisted=True, HP=5, time=108.82s
UnityEngine.Debug:ExtractStackTraceNoAlloc (byte*,int,string)
UnityEngine.StackTraceUtility:ExtractStackTrace () (at /Users/bokken/build/output/unity/unity/Runtime/Export/Scripting/StackTrace.cs:35)
UnityEngine.DebugLogHandler:Internal_Log (UnityEngine.LogType,UnityEngine.LogOption,string,UnityEngine.Object)
UnityEngine.DebugLogHandler:LogFormat (UnityEngine.LogType,UnityEngine.Object,string,object[])
UnityEngine.Logger:Log (UnityEngine.LogType,object)
UnityEngine.Debug:Log (object)
ReworkBuild/<>c:<BuildForTarget>b__3_0 (string) (at Assets/Editor/ReworkBuild.cs:20)
TiqueReturn.ReworkChecks/<>c__DisplayClass1_0:<Run>b__0 (string) (at Assets/Scripts/ReworkChecks.cs:11)
TiqueReturn.ReworkChecks:CheckCounters (TiqueReturn.PuzzleBook,System.Action`1<string>) (at Assets/Scripts/ReworkChecks.cs:209)
TiqueReturn.ReworkChecks:Run (TiqueReturn.PuzzleBook,System.Action`1<string>) (at Assets/Scripts/ReworkChecks.cs:96)
ReworkBuild:BuildForTarget (UnityEditor.BuildTarget) (at Assets/Editor/ReworkBuild.cs:20)
ReworkBuild:BuildMac () (at Assets/Editor/ReworkBuild.cs:15)

(Filename: Assets/Editor/ReworkBuild.cs Line: 20)

Found installed macOS SDK 15.5.
info: Microsoft.AspNetCore.Hosting.Diagnostics[1]
      Request starting HTTP/2 POST http://ilpp/UnityILPP.PostProcessing/Ping - application/grpc -
info: Microsoft.AspNetCore.Routing.EndpointMiddleware[0]
      Executing endpoint 'gRPC - /UnityILPP.PostProcessing/Ping'
info: Microsoft.AspNetCore.Routing.EndpointMiddleware[1]
      Executed endpoint 'gRPC - /UnityILPP.PostProcessing/Ping'
info: Microsoft.AspNetCore.Hosting.Diagnostics[2]
      Request finished HTTP/2 POST http://ilpp/UnityILPP.PostProcessing/Ping - 200 - application/grpc 2.8842ms
Starting: /Applications/Unity/Hub/Editor/6000.5.3f1/Unity.app/Contents/Resources/BuildPipeline/bee_backend --ipc --defer-dag-verification --dagfile="Library/Bee/200b0aESkipCompile.dag" --continue-on-failure --profile="Library/Bee/backend1.traceevents" ScriptAssembliesAndTypeDB
WorkingDir: /private/tmp/clockwork-fontfix-build.hgPXM0/TiqueReturnPrototype
ExitCode: 0 Duration: 0s544ms
[2/3        0s] BuildPlayerDataGenerator Library/BuildPlayerData/Editor/TypeDb-All.json
*** Tundra build success (0.51 seconds), 1 items updated, 3 evaluated
Total cache size 25158696
Total cache size after purge 25158696, took 00:00:00.0351293
Asset Pipeline Refresh (id=da53f468334bf42dc97938d1b7c68393): Total: 0.024 seconds - Initiated by RefreshV2(NoUpdateAssetOptions)
[ScriptCompilation] Requested script compilation because: Recompiling scripts for player build.
BuildPlayer: start building target 2
info: Microsoft.AspNetCore.Hosting.Diagnostics[1]
      Request starting HTTP/2 POST http://ilpp/UnityILPP.PostProcessing/Ping - application/grpc -
info: Microsoft.AspNetCore.Routing.EndpointMiddleware[0]
      Executing endpoint 'gRPC - /UnityILPP.PostProcessing/Ping'
info: Microsoft.AspNetCore.Routing.EndpointMiddleware[1]
      Executed endpoint 'gRPC - /UnityILPP.PostProcessing/Ping'
info: Microsoft.AspNetCore.Hosting.Diagnostics[2]
      Request finished HTTP/2 POST http://ilpp/UnityILPP.PostProcessing/Ping - 200 - application/grpc 0.7471ms
Starting: /Applications/Unity/Hub/Editor/6000.5.3f1/Unity.app/Contents/Resources/BuildPipeline/bee_backend --ipc --defer-dag-verification --dagfile="Library/Bee/200b0aP.dag" --continue-on-failure --profile="Library/Bee/backend1.traceevents" ScriptAssembliesAndTypeDB
WorkingDir: /private/tmp/clockwork-fontfix-build.hgPXM0/TiqueReturnPrototype
ExitCode: 0 Duration: 1s459ms
[58/63      1s] Csc Library/Bee/artifacts/200b0aP.dag/Assembly-CSharp.dll (+2 others)
[59/63      0s] CopyFiles Library/Bee/PlayerScriptAssemblies/Assembly-CSharp.dll
[60/63      0s] CopyFiles Library/Bee/PlayerScriptAssemblies/Assembly-CSharp.pdb
[62/63      0s] BuildPlayerDataGenerator Library/BuildPlayerData/Player/RuntimeInitializeOnLoads.json (+1 other)
*** Tundra build success (1.43 seconds), 4 items updated, 63 evaluated
Total cache size 25158696
Total cache size after purge 25158696, took 00:00:00.0210747
Not rebuilding Data files -- no changes


Mono dependencies included in the build
Dependency assembly - System.Xml.XPath.XmlDocument.dll
Dependency assembly - Mono.CompilerServices.SymbolWriter.dll
Dependency assembly - System.ServiceModel.dll
Dependency assembly - System.Data.DataSetExtensions.dll
Dependency assembly - Mono.Posix.dll
Dependency assembly - System.Reactive.Providers.dll
Dependency assembly - Mono.Data.Tds.dll
Dependency assembly - System.Windows.Forms.DataVisualization.dll
Dependency assembly - System.Security.Cryptography.Csp.dll
Dependency assembly - Mono.Parallel.dll
Dependency assembly - System.Diagnostics.TextWriterTraceListener.dll
Dependency assembly - System.Messaging.dll
Dependency assembly - System.Net.Utilities.dll
Dependency assembly - System.Web.Abstractions.dll
Dependency assembly - System.Web.dll
Dependency assembly - WebMatrix.Data.dll
Dependency assembly - System.Net.WebSockets.dll
Dependency assembly - System.AppContext.dll
Dependency assembly - System.Runtime.Extensions.dll
Dependency assembly - System.Data.OracleClient.dll
Dependency assembly - System.Diagnostics.Tools.dll
Dependency assembly - System.Reactive.Windows.Forms.dll
Dependency assembly - System.Reflection.Emit.Lightweight.dll
Dependency assembly - System.Reflection.dll
Dependency assembly - Microsoft.Build.dll
Dependency assembly - System.Web.WebPages.Deployment.dll
Dependency assembly - System.ComponentModel.Primitives.dll
Dependency assembly - Mono.Messaging.dll
Dependency assembly - System.ValueTuple.dll
Dependency assembly - System.Text.Encoding.Extensions.dll
Dependency assembly - System.Threading.dll
Dependency assembly - System.Security.Cryptography.Encryption.ECDsa.dll
Dependency assembly - System.Collections.Specialized.dll
Dependency assembly - System.Xml.Linq.dll
Dependency assembly - System.Diagnostics.Tracing.dll
Dependency assembly - System.Security.Cryptography.Encryption.Aes.dll
Dependency assembly - Microsoft.Bcl.AsyncInterfaces.dll
Dependency assembly - System.Globalization.Calendars.dll
Dependency assembly - mscorlib.dll
Dependency assembly - System.Data.Services.dll
Dependency assembly - System.ServiceProcess.dll
Dependency assembly - System.Reflection.Extensions.dll
Dependency assembly - System.Net.Mail.dll
Dependency assembly - System.Security.SecureString.dll
Dependency assembly - System.Net.Sockets.dll
Dependency assembly - System.Xml.Xsl.Primitives.dll
Dependency assembly - SystemWebTestShim.dll
Dependency assembly - System.Data.Linq.dll
Dependency assembly - System.Web.Mobile.dll
Dependency assembly - Microsoft.Extensions.DependencyInjection.Abstractions.dll
Dependency assembly - Assembly-CSharp.dll
Dependency assembly - System.IO.FileSystem.AccessControl.dll
Dependency assembly - System.EnterpriseServices.dll
Dependency assembly - System.Json.dll
Dependency assembly - Microsoft.Build.Framework.dll
Dependency assembly - System.Runtime.dll
Dependency assembly - System.IO.FileSystem.DriveInfo.dll
Dependency assembly - I18N.Rare.dll
Dependency assembly - System.Runtime.Remoting.dll
Dependency assembly - System.Net.WebHeaderCollection.dll
Dependency assembly - System.Reflection.Emit.dll
Dependency assembly - System.Runtime.Serialization.Json.dll
Dependency assembly - System.Security.Cryptography.Primitives.dll
Dependency assembly - Mono.Cairo.dll
Dependency assembly - System.Numerics.Vectors.dll
Dependency assembly - System.Reactive.Interfaces.dll
Dependency assembly - System.Reflection.Primitives.dll
Dependency assembly - System.Diagnostics.StackTrace.dll
Dependency assembly - System.Net.Http.Formatting.dll
Dependency assembly - netstandard.dll
Dependency assembly - System.IdentityModel.dll
Dependency assembly - System.Net.Requests.dll
Dependency assembly - System.Xml.XmlDocument.dll
Dependency assembly - Mono.CSharp.dll
Dependency assembly - System.Reflection.Metadata.dll
Dependency assembly - System.Resources.ResourceManager.dll
Dependency assembly - PEAPI.dll
Dependency assembly - System.Threading.Tasks.Dataflow.dll
Dependency assembly - System.IO.Compression.FileSystem.dll
Dependency assembly - System.Web.Extensions.dll
Dependency assembly - cscompmgd.dll
Dependency assembly - System.Collections.Concurrent.dll
Dependency assembly - I18N.MidEast.dll
Dependency assembly - System.Deployment.dll
Dependency assembly - Mono.Messaging.RabbitMQ.dll
Dependency assembly - System.ServiceModel.Routing.dll
Dependency assembly - System.ComponentModel.Composition.dll
Dependency assembly - System.IO.FileSystem.dll
Dependency assembly - System.Diagnostics.Debug.dll
Dependency assembly - System.Globalization.Extensions.dll
Dependency assembly - System.Security.Cryptography.Encoding.dll
Dependency assembly - System.Security.Principal.dll
Dependency assembly - System.Runtime.CompilerServices.VisualC.dll
Dependency assembly - System.Security.Cryptography.Algorithms.dll
Dependency assembly - System.Runtime.InteropServices.RuntimeInformation.dll
Dependency assembly - System.Threading.Thread.dll
Dependency assembly - System.Threading.Timer.dll
Dependency assembly - System.Net.Cache.dll
Dependency assembly - ICSharpCode.SharpZipLib.dll
Dependency assembly - System.Xml.XPath.XDocument.dll
Dependency assembly - System.Reactive.Debugger.dll
Dependency assembly - System.Data.dll
Dependency assembly - System.Security.Cryptography.Hashing.dll
Dependency assembly - System.Numerics.dll
Dependency assembly - System.Runtime.Serialization.dll
Dependency assembly - System.Web.WebPages.Razor.dll
Dependency assembly - System.Runtime.DurableInstancing.dll
Dependency assembly - System.Runtime.InteropServices.dll
Dependency assembly - System.Transactions.dll
Dependency assembly - System.Collections.NonGeneric.dll
Dependency assembly - System.Xml.ReaderWriter.dll
Dependency assembly - System.Threading.AccessControl.dll
Dependency assembly - System.Net.Primitives.dll
Dependency assembly - System.Text.RegularExpressions.dll
Dependency assembly - monodoc.dll
Dependency assembly - System.Threading.Tasks.Parallel.dll
Dependency assembly - Microsoft.CSharp.dll
Dependency assembly - I18N.West.dll
Dependency assembly - System.ServiceModel.NetTcp.dll
Dependency assembly - System.Drawing.dll
Dependency assembly - System.ServiceModel.Discovery.dll
Dependency assembly - Microsoft.Win32.Registry.AccessControl.dll
Dependency assembly - System.Diagnostics.TraceSource.dll
Dependency assembly - System.Web.Http.WebHost.dll
Dependency assembly - System.Web.Mvc.dll
Dependency assembly - Mono.Options.dll
Dependency assembly - System.Security.Cryptography.RandomNumberGenerator.dll
Dependency assembly - Microsoft.VisualC.dll
Dependency assembly - System.Configuration.Install.dll
Dependency assembly - System.Security.Cryptography.DeriveBytes.dll
Dependency assembly - System.Text.Encoding.CodePages.dll
Dependency assembly - System.Runtime.Caching.dll
Dependency assembly - System.Security.Cryptography.OpenSsl.dll
Dependency assembly - System.IO.MemoryMappedFiles.dll
Dependency assembly - System.Net.NameResolution.dll
Dependency assembly - System.Runtime.Serialization.Formatters.dll
Dependency assembly - System.IdentityModel.Selectors.dll
Dependency assembly - System.Security.AccessControl.dll
Dependency assembly - System.Resources.Reader.dll
Dependency assembly - CustomMarshalers.dll
Dependency assembly - System.Collections.Immutable.dll
Dependency assembly - System.ObjectModel.dll
Dependency assembly - System.IO.Compression.ZipFile.dll
Dependency assembly - Novell.Directory.Ldap.dll
Dependency assembly - System.Security.Principal.Windows.dll
Dependency assembly - System.DirectoryServices.Protocols.dll
Dependency assembly - System.Xaml.dll
Dependency assembly - System.Runtime.Numerics.dll
Dependency assembly - System.Diagnostics.Contracts.dll
Dependency assembly - Mono.WebBrowser.dll
Dependency assembly - System.ServiceModel.Web.dll
Dependency assembly - System.Threading.Tasks.Extensions.dll
Dependency assembly - System.IO.Hashing.dll
Dependency assembly - System.IO.IsolatedStorage.dll
Dependency assembly - System.Data.SqlClient.dll
Dependency assembly - System.Reactive.PlatformServices.dll
Dependency assembly - System.IO.Compression.dll
Dependency assembly - Microsoft.Build.Engine.dll
Dependency assembly - System.Security.Cryptography.Encryption.ECDiffieHellman.dll
Dependency assembly - System.Net.Http.Rtc.dll
Dependency assembly - System.Reactive.Observable.Aliases.dll
Dependency assembly - System.Net.Http.WebRequest.dll
Dependency assembly - System.Net.dll
Dependency assembly - System.Json.Microsoft.dll
Dependency assembly - System.IO.FileSystem.Primitives.dll
Dependency assembly - System.Runtime.InteropServices.WindowsRuntime.dll
Dependency assembly - Microsoft.Build.Tasks.v4.0.dll
Dependency assembly - System.Web.Http.SelfHost.dll
Dependency assembly - System.Web.Extensions.Design.dll
Dependency assembly - System.Web.Razor.dll
Dependency assembly - System.Runtime.Serialization.Xml.dll
Dependency assembly - Microsoft.Web.Infrastructure.dll
Dependency assembly - System.Configuration.dll
Dependency assembly - System.ServiceModel.Http.dll
Dependency assembly - System.Text.Json.dll
Dependency assembly - System.Workflow.Runtime.dll
Dependency assembly - System.Globalization.dll
Dependency assembly - System.Workflow.ComponentModel.dll
Dependency assembly - System.Buffers.dll
Dependency assembly - System.Dynamic.dll
Dependency assembly - System.Runtime.CompilerServices.Unsafe.dll
Dependency assembly - System.Reflection.Emit.ILGeneration.dll
Dependency assembly - System.ServiceModel.Primitives.dll
Dependency assembly - System.Xml.dll
Dependency assembly - System.Threading.Tasks.dll
Dependency assembly - System.Security.Claims.dll
Dependency assembly - System.Xml.XDocument.dll
Dependency assembly - System.Diagnostics.FileVersionInfo.dll
Dependency assembly - System.Net.ServicePoint.dll
Dependency assembly - System.Runtime.Loader.dll
Dependency assembly - Mono.Simd.dll
Dependency assembly - System.Console.dll
Dependency assembly - I18N.dll
Dependency assembly - System.ServiceModel.Security.dll
Dependency assembly - System.ComponentModel.DataAnnotations.dll
Dependency assembly - System.Threading.Overlapped.dll
Dependency assembly - System.IO.FileSystem.Watcher.dll
Dependency assembly - System.DirectoryServices.dll
Dependency assembly - Commons.Xml.Relaxng.dll
Dependency assembly - Mono.Security.dll
Dependency assembly - System.Security.dll
Dependency assembly - Microsoft.Win32.Primitives.dll
Dependency assembly - WindowsBase.dll
Dependency assembly - System.Security.Cryptography.Pkcs.dll
Dependency assembly - System.Runtime.Serialization.Primitives.dll
Dependency assembly - System.ServiceModel.Duplex.dll
Dependency assembly - System.Net.NetworkInformation.dll
Dependency assembly - System.Xml.Serialization.dll
Dependency assembly - System.Workflow.Activities.dll
Dependency assembly - System.Security.Cryptography.ProtectedData.dll
Dependency assembly - System.Xml.XPath.dll
Dependency assembly - System.Windows.dll
Dependency assembly - System.Data.Services.Client.dll
Dependency assembly - System.ServiceProcess.ServiceController.dll
Dependency assembly - Mono.Http.dll
Dependency assembly - System.ComponentModel.TypeConverter.dll
Dependency assembly - System.ComponentModel.EventBasedAsync.dll
Dependency assembly - Mono.C5.dll
Dependency assembly - System.Drawing.Primitives.dll
Dependency assembly - System.Linq.dll
Dependency assembly - System.Data.Common.dll
Dependency assembly - System.Security.Cryptography.Encryption.dll
Dependency assembly - System.ServiceModel.Activation.dll
Dependency assembly - Mono.Btls.Interface.dll
Dependency assembly - System.Reflection.Context.dll
Dependency assembly - System.Diagnostics.TraceEvent.dll
Dependency assembly - System.Windows.Forms.dll
Dependency assembly - System.Reflection.TypeExtensions.dll
Dependency assembly - System.Reactive.Linq.dll
Dependency assembly - System.Linq.Queryable.dll
Dependency assembly - System.Linq.Parallel.dll
Dependency assembly - System.Net.Ping.dll
Dependency assembly - System.Security.Cryptography.Cng.dll
Dependency assembly - System.IO.dll
Dependency assembly - Microsoft.Extensions.Logging.Abstractions.dll
Dependency assembly - Microsoft.Win32.Registry.dll
Dependency assembly - System.Reflection.DispatchProxy.dll
Dependency assembly - System.Drawing.Design.dll
Dependency assembly - System.IO.UnmanagedMemoryStream.dll
Dependency assembly - System.Net.WebSockets.Client.dll
Dependency assembly - System.Security.Cryptography.X509Certificates.dll
Dependency assembly - System.Design.dll
Dependency assembly - System.Runtime.Handles.dll
Dependency assembly - System.Dynamic.Runtime.dll
Dependency assembly - System.Threading.ThreadPool.dll
Dependency assembly - SMDiagnostics.dll
Dependency assembly - System.Web.WebPages.dll
Dependency assembly - System.Web.DynamicData.dll
Dependency assembly - IBM.Data.DB2.dll
Dependency assembly - Mono.XBuild.Tasks.dll
Dependency assembly - System.Core.dll
Dependency assembly - System.Security.Cryptography.RSA.dll
Dependency assembly - System.dll
Dependency assembly - I18N.CJK.dll
Dependency assembly - System.ServiceModel.Internals.dll
Dependency assembly - System.ComponentModel.Annotations.dll
Dependency assembly - Mono.Data.Sqlite.dll
Dependency assembly - System.Reactive.Experimental.dll
Dependency assembly - System.Net.Http.dll
Dependency assembly - System.Diagnostics.Process.dll
Dependency assembly - System.Collections.dll
Dependency assembly - System.Net.Security.dll
Dependency assembly - System.Web.Services.dll
Dependency assembly - System.Linq.Expressions.dll
Dependency assembly - System.Resources.ReaderWriter.dll
Dependency assembly - Microsoft.Build.Utilities.v4.0.dll
Dependency assembly - Accessibility.dll
Dependency assembly - System.Data.Entity.dll
Dependency assembly - System.ComponentModel.dll
Dependency assembly - System.Web.ApplicationServices.dll
Dependency assembly - System.Net.AuthenticationManager.dll
Dependency assembly - System.Reactive.Core.dll
Dependency assembly - Mono.Security.Win32.dll
Dependency assembly - System.Diagnostics.DiagnosticSource.dll
Dependency assembly - System.Reactive.Windows.Threading.dll
Dependency assembly - RabbitMQ.Client.dll
Dependency assembly - System.IO.Pipes.dll
Dependency assembly - System.Text.Encoding.dll
Dependency assembly - System.Web.Routing.dll
Dependency assembly - System.Text.Encodings.Web.dll
Dependency assembly - System.Reactive.Runtime.Remoting.dll
Dependency assembly - System.Management.dll
Dependency assembly - System.Resources.Writer.dll
Dependency assembly - System.Security.Cryptography.Hashing.Algorithms.dll
Dependency assembly - System.Web.RegularExpressions.dll
Dependency assembly - System.Web.Http.dll
Dependency assembly - Mono.Management.dll
Dependency assembly - System.Net.HttpListener.dll
Dependency assembly - Mono.Tasklets.dll
Dependency assembly - Mono.Profiler.Log.dll
Dependency assembly - I18N.Other.dll
Dependency assembly - System.Runtime.Serialization.Formatters.Soap.dll
Dependency assembly - System.Xml.XmlSerializer.dll
Dependency assembly - System.Memory.dll

info: Microsoft.AspNetCore.Hosting.Diagnostics[1]
      Request starting HTTP/2 POST http://ilpp/UnityILPP.PostProcessing/Ping - application/grpc -
info: Microsoft.AspNetCore.Routing.EndpointMiddleware[0]
      Executing endpoint 'gRPC - /UnityILPP.PostProcessing/Ping'
info: Microsoft.AspNetCore.Routing.EndpointMiddleware[1]
      Executed endpoint 'gRPC - /UnityILPP.PostProcessing/Ping'
info: Microsoft.AspNetCore.Hosting.Diagnostics[2]
      Request finished HTTP/2 POST http://ilpp/UnityILPP.PostProcessing/Ping - 200 - application/grpc 0.4571ms
Starting: /Applications/Unity/Hub/Editor/6000.5.3f1/Unity.app/Contents/Resources/BuildPipeline/bee_backend --ipc --dagfile="Library/Bee/Playerc0ad2233.dag" --profile="Library/Bee/backend1.traceevents" Player
WorkingDir: /private/tmp/clockwork-fontfix-build.hgPXM0/TiqueReturnPrototype
DisplayProgressbar: Incremental Player Build
[158/382    0s] AddBootConfigGUID Library/Bee/artifacts/MacStandalonePlayerBuildProgram/boot.config
[159/382    0s] CopyFiles /Users/daddung/Documents/Codex/2026-09-15/https-github-com-sunjija-clockwork-tree/work/Clockwork-latest-3338c55/unity/TiqueReturnPrototype/Builds/MacCompactUiV2FontFix/TiqueReturn.app/Contents/Resources/Data/boot.config
[160/382    0s] UnityLinker /private/tmp/clockwork-fontfix-build.hgPXM0/TiqueReturnPrototype/Library/Bee/artifacts/unitylinker_hph0.traceevents
/Applications/Unity/Hub/Editor/6000.5.3f1/Unity.app/Contents/Resources/Scripting/il2cpp/build/deploy/UnityLinker --out=Library/Bee/artifacts/MacStandalonePlayerBuildProgram/ManagedStripped --include-link-xml=/private/tmp/clockwork-fontfix-build.hgPXM0/TiqueReturnPrototype/Library/Bee/artifacts/UnityLinkerInputs/TypesInScenes.xml --include-directory=/Applications/Unity/Hub/Editor/6000.5.3f1/PlaybackEngines/MacStandaloneSupport/Variations/mono/Managed --include-directory=/private/tmp/clockwork-fontfix-build.hgPXM0/TiqueReturnPrototype/Library/Bee/PlayerScriptAssemblies --include-directory=/Applications/Unity/Hub/Editor/6000.5.3f1/Unity.app/Contents/Resources/Scripting/BCLExtensions/runtime/netstandard2.1 --include-directory=/Applications/Unity/Hub/Editor/6000.5.3f1/Unity.app/Contents/Resources/Scripting/MonoBleedingEdge/lib/mono/unityjit-macos --include-directory=/Applications/Unity/Hub/Editor/6000.5.3f1/Unity.app/Contents/Resources/Scripting/MonoBleedingEdge/lib/mono/unityjit-macos/Facades --rule-set=Copy --profiler-report --profiler-output-file=/private/tmp/clockwork-fontfix-build.hgPXM0/TiqueReturnPrototype/Library/Bee/artifacts/unitylinker_hph0.traceevents --dotnetprofile=unityjit --dotnetruntime=Mono --architecture=x64 --platform=MacOSX --use-editor-options --engine-modules-asset-file=/Applications/Unity/Hub/Editor/6000.5.3f1/PlaybackEngines/MacStandaloneSupport/modules.asset --editor-data-file=/private/tmp/clockwork-fontfix-build.hgPXM0/TiqueReturnPrototype/Library/Bee/artifacts/UnityLinkerInputs/EditorToUnityLinkerData.json --include-unity-root-assembly=/Applications/Unity/Hub/Editor/6000.5.3f1/PlaybackEngines/MacStandaloneSupport/Variations/mono/Managed/Unity.Scripting.dll --include-unity-root-assembly=/Applications/Unity/Hub/Editor/6000.5.3f1/PlaybackEngines/MacStandaloneSupport/Variations/mono/Managed/UnityEngine.AIModule.dll --include-unity-root-assembly=/Applications/Unity/Hub/Editor/6000.5.3f1/PlaybackEngines/MacStandaloneSupport/Variations/mono/Managed/UnityEngine.ARModule.dll --include-unity-root-assembly=/Applications/Unity/Hub/Editor/6000.5.3f1/PlaybackEngines/MacStandaloneSupport/Variations/mono/Managed/UnityEngine.AccessibilityModule.dll --include-unity-root-assembly=/Applications/Unity/Hub/Editor/6000.5.3f1/PlaybackEngines/MacStandaloneSupport/Variations/mono/Managed/UnityEngine.AdaptivePerformanceModule.dll --include-unity-root-assembly=/Applications/Unity/Hub/Editor/6000.5.3f1/PlaybackEngines/MacStandaloneSupport/Variations/mono/Managed/UnityEngine.AndroidJNIModule.dll --include-unity-root-assembly=/Applications/Unity/Hub/Editor/6000.5.3f1/PlaybackEngines/MacStandaloneSupport/Variations/mono/Managed/UnityEngine.AnimationModule.dll --include-unity-root-assembly=/Applications/Unity/Hub/Editor/6000.5.3f1/PlaybackEngines/MacStandaloneSupport/Variations/mono/Managed/UnityEngine.AssetBundleModule.dll --include-unity-root-assembly=/Applications/Unity/Hub/Editor/6000.5.3f1/PlaybackEngines/MacStandaloneSupport/Variations/mono/Managed/UnityEngine.AudioModule.dll --include-unity-root-assembly=/Applications/Unity/Hub/Editor/6000.5.3f1/PlaybackEngines/MacStandaloneSupport/Variations/mono/Managed/UnityEngine.ClothModule.dll --include-unity-root-assembly=/Applications/Unity/Hub/Editor/6000.5.3f1/PlaybackEngines/MacStandaloneSupport/Variations/mono/Managed/UnityEngine.ClusterInputModule.dll --include-unity-root-assembly=/Applications/Unity/Hub/Editor/6000.5.3f1/PlaybackEngines/MacStandaloneSupport/Variations/mono/Managed/UnityEngine.ClusterRendererModule.dll --include-unity-root-assembly=/Applications/Unity/Hub/Editor/6000.5.3f1/PlaybackEngines/MacStandaloneSupport/Variations/mono/Managed/UnityEngine.ContentLoadModule.dll --include-unity-root-assembly=/Applications/Unity/Hub/Editor/6000.5.3f1/PlaybackEngines/MacStandaloneSupport/Variations/mono/Managed/UnityEngine.CoreModule.dll --include-unity-root-assembly=/Applications/Unity/Hub/Editor/6000.5.3f1/PlaybackEngines/MacStandaloneSupport/Variations/mono/Managed/UnityEngine.CrashReportingModule.dll --include-unity-root-assembly=/Applications/Unity/Hub/Editor/6000.5.3f1/PlaybackEngines/MacStandaloneSupport/Variations/mono/Managed/UnityEngine.DSPGraphModule.dll --include-unity-root-assembly=/Applications/Unity/Hub/Editor/6000.5.3f1/PlaybackEngines/MacStandaloneSupport/Variations/mono/Managed/UnityEngine.DirectorModule.dll --include-unity-root-assembly=/Applications/Unity/Hub/Editor/6000.5.3f1/PlaybackEngines/MacStandaloneSupport/Variations/mono/Managed/UnityEngine.GIModule.dll --include-unity-root-assembly=/Applications/Unity/Hub/Editor/6000.5.3f1/PlaybackEngines/MacStandaloneSupport/Variations/mono/Managed/UnityEngine.GameCenterModule.dll --include-unity-root-assembly=/Applications/Unity/Hub/Editor/6000.5.3f1/PlaybackEngines/MacStandaloneSupport/Variations/mono/Managed/UnityEngine.GraphicsStateCollectionSerializerModule.dll --include-unity-root-assembly=/Applications/Unity/Hub/Editor/6000.5.3f1/PlaybackEngines/MacStandaloneSupport/Variations/mono/Managed/UnityEngine.GridModule.dll --include-unity-root-assembly=/Applications/Unity/Hub/Editor/6000.5.3f1/PlaybackEngines/MacStandaloneSupport/Variations/mono/Managed/UnityEngine.HierarchyCoreModule.dll --include-unity-root-assembly=/Applications/Unity/Hub/Editor/6000.5.3f1/PlaybackEngines/MacStandaloneSupport/Variations/mono/Managed/UnityEngine.HierarchyModule.dll --include-unity-root-assembly=/Applications/Unity/Hub/Editor/6000.5.3f1/PlaybackEngines/MacStandaloneSupport/Variations/mono/Managed/UnityEngine.HotReloadModule.dll --include-unity-root-assembly=/Applications/Unity/Hub/Editor/6000.5.3f1/PlaybackEngines/MacStandaloneSupport/Variations/mono/Managed/UnityEngine.IMGUIModule.dll --include-unity-root-assembly=/Applications/Unity/Hub/Editor/6000.5.3f1/PlaybackEngines/MacStandaloneSupport/Variations/mono/Managed/UnityEngine.IdentifiersModule.dll --include-unity-root-assembly=/Applications/Unity/Hub/Editor/6000.5.3f1/PlaybackEngines/MacStandaloneSupport/Variations/mono/Managed/UnityEngine.ImageConversionModule.dll --include-unity-root-assembly=/Applications/Unity/Hub/Editor/6000.5.3f1/PlaybackEngines/MacStandaloneSupport/Variations/mono/Managed/UnityEngine.InputForUIModule.dll --include-unity-root-assembly=/Applications/Unity/Hub/Editor/6000.5.3f1/PlaybackEngines/MacStandaloneSupport/Variations/mono/Managed/UnityEngine.InputLegacyModule.dll --include-unity-root-assembly=/Applications/Unity/Hub/Editor/6000.5.3f1/PlaybackEngines/MacStandaloneSupport/Variations/mono/Managed/UnityEngine.InputModule.dll --include-unity-root-assembly=/Applications/Unity/Hub/Editor/6000.5.3f1/PlaybackEngines/MacStandaloneSupport/Variations/mono/Managed/UnityEngine.InsightsModule.dll --include-unity-root-assembly=/Applications/Unity/Hub/Editor/6000.5.3f1/PlaybackEngines/MacStandaloneSupport/Variations/mono/Managed/UnityEngine.JSONSerializeModule.dll --include-unity-root-assembly=/Applications/Unity/Hub/Editor/6000.5.3f1/PlaybackEngines/MacStandaloneSupport/Variations/mono/Managed/UnityEngine.LocalizationModule.dll --include-unity-root-assembly=/Applications/Unity/Hub/Editor/6000.5.3f1/PlaybackEngines/MacStandaloneSupport/Variations/mono/Managed/UnityEngine.MarshallingModule.dll --include-unity-root-assembly=/Applications/Unity/Hub/Editor/6000.5.3f1/PlaybackEngines/MacStandaloneSupport/Variations/mono/Managed/UnityEngine.MathematicsModule.dll --include-unity-root-assembly=/Applications/Unity/Hub/Editor/6000.5.3f1/PlaybackEngines/MacStandaloneSupport/Variations/mono/Managed/UnityEngine.MultiplayerModule.dll --include-unity-root-assembly=/Applications/Unity/Hub/Editor/6000.5.3f1/PlaybackEngines/MacStandaloneSupport/Variations/mono/Managed/UnityEngine.ParticleSystemModule.dll --include-unity-root-assembly=/Applications/Unity/Hub/Editor/6000.5.3f1/PlaybackEngines/MacStandaloneSupport/Variations/mono/Managed/UnityEngine.PerformanceReportingModule.dll --include-unity-root-assembly=/Applications/Unity/Hub/Editor/6000.5.3f1/PlaybackEngines/MacStandaloneSupport/Variations/mono/Managed/UnityEngine.Physics2DModule.dll --include-unity-root-assembly=/Applications/Unity/Hub/Editor/6000.5.3f1/PlaybackEngines/MacStandaloneSupport/Variations/mono/Managed/UnityEngine.PhysicsBackendPhysXModule.dll --include-unity-root-assembly=/Applications/Unity/Hub/Editor/6000.5.3f1/PlaybackEngines/MacStandaloneSupport/Variations/mono/Managed/UnityEngine.PhysicsCore2DModule.dll --include-unity-root-assembly=/Applications/Unity/Hub/Editor/6000.5.3f1/PlaybackEngines/MacStandaloneSupport/Variations/mono/Managed/UnityEngine.PhysicsModule.dll --include-unity-root-assembly=/Applications/Unity/Hub/Editor/6000.5.3f1/PlaybackEngines/MacStandaloneSupport/Variations/mono/Managed/UnityEngine.PropertiesModule.dll --include-unity-root-assembly=/Applications/Unity/Hub/Editor/6000.5.3f1/PlaybackEngines/MacStandaloneSupport/Variations/mono/Managed/UnityEngine.RenderAs2DModule.dll --include-unity-root-assembly=/Applications/Unity/Hub/Editor/6000.5.3f1/PlaybackEngines/MacStandaloneSupport/Variations/mono/Managed/UnityEngine.RuntimeInitializeOnLoadManagerInitializerModule.dll --include-unity-root-assembly=/Applications/Unity/Hub/Editor/6000.5.3f1/PlaybackEngines/MacStandaloneSupport/Variations/mono/Managed/UnityEngine.ScreenCaptureModule.dll --include-unity-root-assembly=/Applications/Unity/Hub/Editor/6000.5.3f1/PlaybackEngines/MacStandaloneSupport/Variations/mono/Managed/UnityEngine.ScriptingModule.dll --include-unity-root-assembly=/Applications/Unity/Hub/Editor/6000.5.3f1/PlaybackEngines/MacStandaloneSupport/Variations/mono/Managed/UnityEngine.ShaderVariantAnalyticsModule.dll --include-unity-root-assembly=/Applications/Unity/Hub/Editor/6000.5.3f1/PlaybackEngines/MacStandaloneSupport/Variations/mono/Managed/UnityEngine.SharedInternalsModule.dll --include-unity-root-assembly=/Applications/Unity/Hub/Editor/6000.5.3f1/PlaybackEngines/MacStandaloneSupport/Variations/mono/Managed/UnityEngine.SpriteMaskModule.dll --include-unity-root-assembly=/Applications/Unity/Hub/Editor/6000.5.3f1/PlaybackEngines/MacStandaloneSupport/Variations/mono/Managed/UnityEngine.SpriteShapeModule.dll --include-unity-root-assembly=/Applications/Unity/Hub/Editor/6000.5.3f1/PlaybackEngines/MacStandaloneSupport/Variations/mono/Managed/UnityEngine.StreamingModule.dll --include-unity-root-assembly=/Applications/Unity/Hub/Editor/6000.5.3f1/PlaybackEngines/MacStandaloneSupport/Variations/mono/Managed/UnityEngine.SubstanceModule.dll --include-unity-root-assembly=/Applications/Unity/Hub/Editor/6000.5.3f1/PlaybackEngines/MacStandaloneSupport/Variations/mono/Managed/UnityEngine.SubsystemsModule.dll --include-unity-root-assembly=/Applications/Unity/Hub/Editor/6000.5.3f1/PlaybackEngines/MacStandaloneSupport/Variations/mono/Managed/UnityEngine.TLSModule.dll --include-unity-root-assembly=/Applications/Unity/Hub/Editor/6000.5.3f1/PlaybackEngines/MacStandaloneSupport/Variations/mono/Managed/UnityEngine.TerrainModule.dll --include-unity-root-assembly=/Applications/Unity/Hub/Editor/6000.5.3f1/PlaybackEngines/MacStandaloneSupport/Variations/mono/Managed/UnityEngine.TerrainPhysicsModule.dll --include-unity-root-assembly=/Applications/Unity/Hub/Editor/6000.5.3f1/PlaybackEngines/MacStandaloneSupport/Variations/mono/Managed/UnityEngine.TextCoreFontEngineModule.dll --include-unity-root-assembly=/Applications/Unity/Hub/Editor/6000.5.3f1/PlaybackEngines/MacStandaloneSupport/Variations/mono/Managed/UnityEngine.TextCoreTextEngineModule.dll --include-unity-root-assembly=/Applications/Unity/Hub/Editor/6000.5.3f1/PlaybackEngines/MacStandaloneSupport/Variations/mono/Managed/UnityEngine.TextRenderingModule.dll --include-unity-root-assembly=/Applications/Unity/Hub/Editor/6000.5.3f1/PlaybackEngines/MacStandaloneSupport/Variations/mono/Managed/UnityEngine.TilemapModule.dll --include-unity-root-assembly=/Applications/Unity/Hub/Editor/6000.5.3f1/PlaybackEngines/MacStandaloneSupport/Variations/mono/Managed/UnityEngine.U2DRuntimeModule.dll --include-unity-root-assembly=/Applications/Unity/Hub/Editor/6000.5.3f1/PlaybackEngines/MacStandaloneSupport/Variations/mono/Managed/UnityEngine.UIElementsModule.dll --include-unity-root-assembly=/Applications/Unity/Hub/Editor/6000.5.3f1/PlaybackEngines/MacStandaloneSupport/Variations/mono/Managed/UnityEngine.UIModule.dll --include-unity-root-assembly=/Applications/Unity/Hub/Editor/6000.5.3f1/PlaybackEngines/MacStandaloneSupport/Variations/mono/Managed/UnityEngine.UmbraModule.dll --include-unity-root-assembly=/Applications/Unity/Hub/Editor/6000.5.3f1/PlaybackEngines/MacStandaloneSupport/Variations/mono/Managed/UnityEngine.UnityAnalyticsCommonModule.dll --include-unity-root-assembly=/Applications/Unity/Hub/Editor/6000.5.3f1/PlaybackEngines/MacStandaloneSupport/Variations/mono/Managed/UnityEngine.UnityAnalyticsModule.dll --include-unity-root-assembly=/Applications/Unity/Hub/Editor/6000.5.3f1/PlaybackEngines/MacStandaloneSupport/Variations/mono/Managed/UnityEngine.UnityConnectModule.dll --include-unity-root-assembly=/Applications/Unity/Hub/Editor/6000.5.3f1/PlaybackEngines/MacStandaloneSupport/Variations/mono/Managed/UnityEngine.UnityConsentModule.dll --include-unity-root-assembly=/Applications/Unity/Hub/Editor/6000.5.3f1/PlaybackEngines/MacStandaloneSupport/Variations/mono/Managed/UnityEngine.UnityCurlModule.dll --include-unity-root-assembly=/Applications/Unity/Hub/Editor/6000.5.3f1/PlaybackEngines/MacStandaloneSupport/Variations/mono/Managed/UnityEngine.UnityWebRequestAssetBundleModule.dll --include-unity-root-assembly=/Applications/Unity/Hub/Editor/6000.5.3f1/PlaybackEngines/MacStandaloneSupport/Variations/mono/Managed/UnityEngine.UnityWebRequestAudioModule.dll --include-unity-root-assembly=/Applications/Unity/Hub/Editor/6000.5.3f1/PlaybackEngines/MacStandaloneSupport/Variations/mono/Managed/UnityEngine.UnityWebRequestModule.dll --include-unity-root-assembly=/Applications/Unity/Hub/Editor/6000.5.3f1/PlaybackEngines/MacStandaloneSupport/Variations/mono/Managed/UnityEngine.UnityWebRequestTextureModule.dll --include-unity-root-assembly=/Applications/Unity/Hub/Editor/6000.5.3f1/PlaybackEngines/MacStandaloneSupport/Variations/mono/Managed/UnityEngine.UnityWebRequestWWWModule.dll --include-unity-root-assembly=/Applications/Unity/Hub/Editor/6000.5.3f1/PlaybackEngines/MacStandaloneSupport/Variations/mono/Managed/UnityEngine.VFXModule.dll --include-unity-root-assembly=/Applications/Unity/Hub/Editor/6000.5.3f1/PlaybackEngines/MacStandaloneSupport/Variations/mono/Managed/UnityEngine.VectorGraphicsModule.dll --include-unity-root-assembly=/Applications/Unity/Hub/Editor/6000.5.3f1/PlaybackEngines/MacStandaloneSupport/Variations/mono/Managed/UnityEngine.VehiclesModule.dll --include-unity-root-assembly=/Applications/Unity/Hub/Editor/6000.5.3f1/PlaybackEngines/MacStandaloneSupport/Variations/mono/Managed/UnityEngine.VideoModule.dll --include-unity-root-assembly=/Applications/Unity/Hub/Editor/6000.5.3f1/PlaybackEngines/MacStandaloneSupport/Variations/mono/Managed/UnityEngine.VirtualTexturingModule.dll --include-unity-root-assembly=/Applications/Unity/Hub/Editor/6000.5.3f1/PlaybackEngines/MacStandaloneSupport/Variations/mono/Managed/UnityEngine.WindModule.dll --include-unity-root-assembly=/Applications/Unity/Hub/Editor/6000.5.3f1/PlaybackEngines/MacStandaloneSupport/Variations/mono/Managed/UnityEngine.XRModule.dll --include-unity-root-assembly=/Applications/Unity/Hub/Editor/6000.5.3f1/PlaybackEngines/MacStandaloneSupport/Variations/mono/Managed/UnityEngine.dll --include-unity-root-assembly=/private/tmp/clockwork-fontfix-build.hgPXM0/TiqueReturnPrototype/Library/Bee/PlayerScriptAssemblies/Assembly-CSharp.dll --print-command-line --enable-analytics --allowed-assembly=/Applications/Unity/Hub/Editor/6000.5.3f1/Unity.app/Contents/Resources/Scripting/BCLExtensions/runtime/netstandard2.1/Microsoft.Bcl.AsyncInterfaces.dll --allowed-assembly=/Applications/Unity/Hub/Editor/6000.5.3f1/Unity.app/Contents/Resources/Scripting/BCLExtensions/runtime/netstandard2.1/Microsoft.Extensions.DependencyInjection.Abstractions.dll --allowed-assembly=/Applications/Unity/Hub/Editor/6000.5.3f1/Unity.app/Contents/Resources/Scripting/BCLExtensions/runtime/netstandard2.1/Microsoft.Extensions.Logging.Abstractions.dll --allowed-assembly=/Applications/Unity/Hub/Editor/6000.5.3f1/Unity.app/Contents/Resources/Scripting/BCLExtensions/runtime/netstandard2.1/System.Collections.Immutable.dll --allowed-assembly=/Applications/Unity/Hub/Editor/6000.5.3f1/Unity.app/Contents/Resources/Scripting/BCLExtensions/runtime/netstandard2.1/System.Diagnostics.DiagnosticSource.dll --allowed-assembly=/Applications/Unity/Hub/Editor/6000.5.3f1/Unity.app/Contents/Resources/Scripting/BCLExtensions/runtime/netstandard2.1/System.IO.Hashing.dll --allowed-assembly=/Applications/Unity/Hub/Editor/6000.5.3f1/Unity.app/Contents/Resources/Scripting/BCLExtensions/runtime/netstandard2.1/System.Reflection.Metadata.dll --allowed-assembly=/Applications/Unity/Hub/Editor/6000.5.3f1/Unity.app/Contents/Resources/Scripting/BCLExtensions/runtime/netstandard2.1/System.Runtime.CompilerServices.Unsafe.dll --allowed-assembly=/Applications/Unity/Hub/Editor/6000.5.3f1/Unity.app/Contents/Resources/Scripting/BCLExtensions/runtime/netstandard2.1/System.Text.Encodings.Web.dll --allowed-assembly=/Applications/Unity/Hub/Editor/6000.5.3f1/Unity.app/Contents/Resources/Scripting/BCLExtensions/runtime/netstandard2.1/System.Text.Json.dll --allowed-assembly=/Applications/Unity/Hub/Editor/6000.5.3f1/Unity.app/Contents/Resources/Scripting/MonoBleedingEdge/lib/mono/unityjit-macos/Accessibility.dll --allowed-assembly=/Applications/Unity/Hub/Editor/6000.5.3f1/Unity.app/Contents/Resources/Scripting/MonoBleedingEdge/lib/mono/unityjit-macos/Commons.Xml.Relaxng.dll --allowed-assembly=/Applications/Unity/Hub/Editor/6000.5.3f1/Unity.app/Contents/Resources/Scripting/MonoBleedingEdge/lib/mono/unityjit-macos/CustomMarshalers.dll --allowed-assembly=/Applications/Unity/Hub/Editor/6000.5.3f1/Unity.app/Contents/Resources/Scripting/MonoBleedingEdge/lib/mono/unityjit-macos/I18N.CJK.dll --allowed-assembly=/Applications/Unity/Hub/Editor/6000.5.3f1/Unity.app/Contents/Resources/Scripting/MonoBleedingEdge/lib/mono/unityjit-macos/I18N.MidEast.dll --allowed-assembly=/Applications/Unity/Hub/Editor/6000.5.3f1/Unity.app/Contents/Resources/Scripting/MonoBleedingEdge/lib/mono/unityjit-macos/I18N.Other.dll --allowed-assembly=/Applications/Unity/Hub/Editor/6000.5.3f1/Unity.app/Contents/Resources/Scripting/MonoBleedingEdge/lib/mono/unityjit-macos/I18N.Rare.dll --allowed-assembly=/Applications/Unity/Hub/Editor/6000.5.3f1/Unity.app/Contents/Resources/Scripting/MonoBleedingEdge/lib/mono/unityjit-macos/I18N.West.dll --allowed-assembly=/Applications/Unity/Hub/Editor/6000.5.3f1/Unity.app/Contents/Resources/Scripting/MonoBleedingEdge/lib/mono/unityjit-macos/I18N.dll --allowed-assembly=/Applications/Unity/Hub/Editor/6000.5.3f1/Unity.app/Contents/Resources/Scripting/MonoBleedingEdge/lib/mono/unityjit-macos/IBM.Data.DB2.dll --allowed-assembly=/Applications/Unity/Hub/Editor/6000.5.3f1/Unity.app/Contents/Resources/Scripting/MonoBleedingEdge/lib/mono/unityjit-macos/ICSharpCode.SharpZipLib.dll --allowed-assembly=/Applications/Unity/Hub/Editor/6000.5.3f1/Unity.app/Contents/Resources/Scripting/MonoBleedingEdge/lib/mono/unityjit-macos/Microsoft.Build.Engine.dll --allowed-assembly=/Applications/Unity/Hub/Editor/6000.5.3f1/Unity.app/Contents/Resources/Scripting/MonoBleedingEdge/lib/mono/unityjit-macos/Microsoft.Build.Framework.dll --allowed-assembly=/Applications/Unity/Hub/Editor/6000.5.3f1/Unity.app/Contents/Resources/Scripting/MonoBleedingEdge/lib/mono/unityjit-macos/Microsoft.Build.Tasks.v4.0.dll --allowed-assembly=/Applications/Unity/Hub/Editor/6000.5.3f1/Unity.app/Contents/Resources/Scripting/MonoBleedingEdge/lib/mono/unityjit-macos/Microsoft.Build.Utilities.v4.0.dll --allowed-assembly=/Applications/Unity/Hub/Editor/6000.5.3f1/Unity.app/Contents/Resources/Scripting/MonoBleedingEdge/lib/mono/unityjit-macos/Microsoft.Build.dll --allowed-assembly=/Applications/Unity/Hub/Editor/6000.5.3f1/Unity.app/Contents/Resources/Scripting/MonoBleedingEdge/lib/mono/unityjit-macos/Microsoft.CSharp.dll --allowed-assembly=/Applications/Unity/Hub/Editor/6000.5.3f1/Unity.app/Contents/Resources/Scripting/MonoBleedingEdge/lib/mono/unityjit-macos/Microsoft.VisualC.dll --allowed-assembly=/Applications/Unity/Hub/Editor/6000.5.3f1/Unity.app/Contents/Resources/Scripting/MonoBleedingEdge/lib/mono/unityjit-macos/Microsoft.Web.Infrastructure.dll --allowed-assembly=/Applications/Unity/Hub/Editor/6000.5.3f1/Unity.app/Contents/Resources/Scripting/MonoBleedingEdge/lib/mono/unityjit-macos/Mono.Btls.Interface.dll --allowed-assembly=/Applications/Unity/Hub/Editor/6000.5.3f1/Unity.app/Contents/Resources/Scripting/MonoBleedingEdge/lib/mono/unityjit-macos/Mono.C5.dll --allowed-assembly=/Applications/Unity/Hub/Editor/6000.5.3f1/Unity.app/Contents/Resources/Scripting/MonoBleedingEdge/lib/mono/unityjit-macos/Mono.CSharp.dll --allowed-assembly=/Applications/Unity/Hub/Editor/6000.5.3f1/Unity.app/Contents/Resources/Scripting/MonoBleedingEdge/lib/mono/unityjit-macos/Mono.Cairo.dll --allowed-assembly=/Applications/Unity/Hub/Editor/6000.5.3f1/Unity.app/Contents/Resources/Scripting/MonoBleedingEdge/lib/mono/unityjit-macos/Mono.CompilerServices.SymbolWriter.dll --allowed-assembly=/Applications/Unity/Hub/Editor/6000.5.3f1/Unity.app/Contents/Resources/Scripting/MonoBleedingEdge/lib/mono/unityjit-macos/Mono.Data.Sqlite.dll --allowed-assembly=/Applications/Unity/Hub/Editor/6000.5.3f1/Unity.app/Contents/Resources/Scripting/MonoBleedingEdge/lib/mono/unityjit-macos/Mono.Data.Tds.dll --allowed-assembly=/Applications/Unity/Hub/Editor/6000.5.3f1/Unity.app/Contents/Resources/Scripting/MonoBleedingEdge/lib/mono/unityjit-macos/Mono.Http.dll --allowed-assembly=/Applications/Unity/Hub/Editor/6000.5.3f1/Unity.app/Contents/Resources/Scripting/MonoBleedingEdge/lib/mono/unityjit-macos/Mono.Management.dll --allowed-assembly=/Applications/Unity/Hub/Editor/6000.5.3f1/Unity.app/Contents/Resources/Scripting/MonoBleedingEdge/lib/mono/unityjit-macos/Mono.Messaging.RabbitMQ.dll --allowed-assembly=/Applications/Unity/Hub/Editor/6000.5.3f1/Unity.app/Contents/Resources/Scripting/MonoBleedingEdge/lib/mono/unityjit-macos/Mono.Messaging.dll --allowed-assembly=/Applications/Unity/Hub/Editor/6000.5.3f1/Unity.app/Contents/Resources/Scripting/MonoBleedingEdge/lib/mono/unityjit-macos/Mono.Options.dll --allowed-assembly=/Applications/Unity/Hub/Editor/6000.5.3f1/Unity.app/Contents/Resources/Scripting/MonoBleedingEdge/lib/mono/unityjit-macos/Mono.Parallel.dll --allowed-assembly=/Applications/Unity/Hub/Editor/6000.5.3f1/Unity.app/Contents/Resources/Scripting/MonoBleedingEdge/lib/mono/unityjit-macos/Mono.Posix.dll --allowed-assembly=/Applications/Unity/Hub/Editor/6000.5.3f1/Unity.app/Contents/Resources/Scripting/MonoBleedingEdge/lib/mono/unityjit-macos/Mono.Profiler.Log.dll --allowed-assembly=/Applications/Unity/Hub/Editor/6000.5.3f1/Unity.app/Contents/Resources/Scripting/MonoBleedingEdge/lib/mono/unityjit-macos/Mono.Security.Win32.dll --allowed-assembly=/Applications/Unity/Hub/Editor/6000.5.3f1/Unity.app/Contents/Resources/Scripting/MonoBleedingEdge/lib/mono/unityjit-macos/Mono.Security.dll --allowed-assembly=/Applications/Unity/Hub/Editor/6000.5.3f1/Unity.app/Contents/Resources/Scripting/MonoBleedingEdge/lib/mono/unityjit-macos/Mono.Simd.dll --allowed-assembly=/Applications/Unity/Hub/Editor/6000.5.3f1/Unity.app/Contents/Resources/Scripting/MonoBleedingEdge/lib/mono/unityjit-macos/Mono.Tasklets.dll --allowed-assembly=/Applications/Unity/Hub/Editor/6000.5.3f1/Unity.app/Contents/Resources/Scripting/MonoBleedingEdge/lib/mono/unityjit-macos/Mono.WebBrowser.dll --allowed-assembly=/Applications/Unity/Hub/Editor/6000.5.3f1/Unity.app/Contents/Resources/Scripting/MonoBleedingEdge/lib/mono/unityjit-macos/Mono.XBuild.Tasks.dll --allowed-assembly=/Applications/Unity/Hub/Editor/6000.5.3f1/Unity.app/Contents/Resources/Scripting/MonoBleedingEdge/lib/mono/unityjit-macos/Novell.Directory.Ldap.dll --allowed-assembly=/Applications/Unity/Hub/Editor/6000.5.3f1/Unity.app/Contents/Resources/Scripting/MonoBleedingEdge/lib/mono/unityjit-macos/PEAPI.dll --allowed-assembly=/Applications/Unity/Hub/Editor/6000.5.3f1/Unity.app/Contents/Resources/Scripting/MonoBleedingEdge/lib/mono/unityjit-macos/RabbitMQ.Client.dll --allowed-assembly=/Applications/Unity/Hub/Editor/6000.5.3f1/Unity.app/Contents/Resources/Scripting/MonoBleedingEdge/lib/mono/unityjit-macos/SMDiagnostics.dll --allowed-assembly=/Applications/Unity/Hub/Editor/6000.5.3f1/Unity.app/Contents/Resources/Scripting/MonoBleedingEdge/lib/mono/unityjit-macos/System.ComponentModel.Composition.dll --allowed-assembly=/Applications/Unity/Hub/Editor/6000.5.3f1/Unity.app/Contents/Resources/Scripting/MonoBleedingEdge/lib/mono/unityjit-macos/System.ComponentModel.DataAnnotations.dll --allowed-assembly=/Applications/Unity/Hub/Editor/6000.5.3f1/Unity.app/Contents/Resources/Scripting/MonoBleedingEdge/lib/mono/unityjit-macos/System.Configuration.Install.dll --allowed-assembly=/Applications/Unity/Hub/Editor/6000.5.3f1/Unity.app/Contents/Resources/Scripting/MonoBleedingEdge/lib/mono/unityjit-macos/System.Configuration.dll --allowed-assembly=/Applications/Unity/Hub/Editor/6000.5.3f1/Unity.app/Contents/Resources/Scripting/MonoBleedingEdge/lib/mono/unityjit-macos/System.Core.dll --allowed-assembly=/Applications/Unity/Hub/Editor/6000.5.3f1/Unity.app/Contents/Resources/Scripting/MonoBleedingEdge/lib/mono/unityjit-macos/System.Data.DataSetExtensions.dll --allowed-assembly=/Applications/Unity/Hub/Editor/6000.5.3f1/Unity.app/Contents/Resources/Scripting/MonoBleedingEdge/lib/mono/unityjit-macos/System.Data.Entity.dll --allowed-assembly=/Applications/Unity/Hub/Editor/6000.5.3f1/Unity.app/Contents/Resources/Scripting/MonoBleedingEdge/lib/mono/unityjit-macos/System.Data.Linq.dll --allowed-assembly=/Applications/Unity/Hub/Editor/6000.5.3f1/Unity.app/Contents/Resources/Scripting/MonoBleedingEdge/lib/mono/unityjit-macos/System.Data.OracleClient.dll --allowed-assembly=/Applications/Unity/Hub/Editor/6000.5.3f1/Unity.app/Contents/Resources/Scripting/MonoBleedingEdge/lib/mono/unityjit-macos/System.Data.Services.Client.dll --allowed-assembly=/Applications/Unity/Hub/Editor/6000.5.3f1/Unity.app/Contents/Resources/Scripting/MonoBleedingEdge/lib/mono/unityjit-macos/System.Data.Services.dll --allowed-assembly=/Applications/Unity/Hub/Editor/6000.5.3f1/Unity.app/Contents/Resources/Scripting/MonoBleedingEdge/lib/mono/unityjit-macos/System.Data.dll --allowed-assembly=/Applications/Unity/Hub/Editor/6000.5.3f1/Unity.app/Contents/Resources/Scripting/MonoBleedingEdge/lib/mono/unityjit-macos/System.Deployment.dll --allowed-assembly=/Applications/Unity/Hub/Editor/6000.5.3f1/Unity.app/Contents/Resources/Scripting/MonoBleedingEdge/lib/mono/unityjit-macos/System.Design.dll --allowed-assembly=/Applications/Unity/Hub/Editor/6000.5.3f1/Unity.app/Contents/Resources/Scripting/MonoBleedingEdge/lib/mono/unityjit-macos/System.DirectoryServices.Protocols.dll --allowed-assembly=/Applications/Unity/Hub/Editor/6000.5.3f1/Unity.app/Contents/Resources/Scripting/MonoBleedingEdge/lib/mono/unityjit-macos/System.DirectoryServices.dll --allowed-assembly=/Applications/Unity/Hub/Editor/6000.5.3f1/Unity.app/Contents/Resources/Scripting/MonoBleedingEdge/lib/mono/unityjit-macos/System.Drawing.Design.dll --allowed-assembly=/Applications/Unity/Hub/Editor/6000.5.3f1/Unity.app/Contents/Resources/Scripting/MonoBleedingEdge/lib/mono/unityjit-macos/System.Drawing.dll --allowed-assembly=/Applications/Unity/Hub/Editor/6000.5.3f1/Unity.app/Contents/Resources/Scripting/MonoBleedingEdge/lib/mono/unityjit-macos/System.Dynamic.dll --allowed-assembly=/Applications/Unity/Hub/Editor/6000.5.3f1/Unity.app/Contents/Resources/Scripting/MonoBleedingEdge/lib/mono/unityjit-macos/System.EnterpriseServices.dll --allowed-assembly=/Applications/Unity/Hub/Editor/6000.5.3f1/Unity.app/Contents/Resources/Scripting/MonoBleedingEdge/lib/mono/unityjit-macos/System.IO.Compression.FileSystem.dll --allowed-assembly=/Applications/Unity/Hub/Editor/6000.5.3f1/Unity.app/Contents/Resources/Scripting/MonoBleedingEdge/lib/mono/unityjit-macos/System.IO.Compression.dll --allowed-assembly=/Applications/Unity/Hub/Editor/6000.5.3f1/Unity.app/Contents/Resources/Scripting/MonoBleedingEdge/lib/mono/unityjit-macos/System.IdentityModel.Selectors.dll --allowed-assembly=/Applications/Unity/Hub/Editor/6000.5.3f1/Unity.app/Contents/Resources/Scripting/MonoBleedingEdge/lib/mono/unityjit-macos/System.IdentityModel.dll --allowed-assembly=/Applications/Unity/Hub/Editor/6000.5.3f1/Unity.app/Contents/Resources/Scripting/MonoBleedingEdge/lib/mono/unityjit-macos/System.Json.Microsoft.dll --allowed-assembly=/Applications/Unity/Hub/Editor/6000.5.3f1/Unity.app/Contents/Resources/Scripting/MonoBleedingEdge/lib/mono/unityjit-macos/System.Json.dll --allowed-assembly=/Applications/Unity/Hub/Editor/6000.5.3f1/Unity.app/Contents/Resources/Scripting/MonoBleedingEdge/lib/mono/unityjit-macos/System.Management.dll --allowed-assembly=/Applications/Unity/Hub/Editor/6000.5.3f1/Unity.app/Contents/Resources/Scripting/MonoBleedingEdge/lib/mono/unityjit-macos/System.Messaging.dll --allowed-assembly=/Applications/Unity/Hub/Editor/6000.5.3f1/Unity.app/Contents/Resources/Scripting/MonoBleedingEdge/lib/mono/unityjit-macos/System.Net.Http.Formatting.dll --allowed-assembly=/Applications/Unity/Hub/Editor/6000.5.3f1/Unity.app/Contents/Resources/Scripting/MonoBleedingEdge/lib/mono/unityjit-macos/System.Net.Http.WebRequest.dll --allowed-assembly=/Applications/Unity/Hub/Editor/6000.5.3f1/Unity.app/Contents/Resources/Scripting/MonoBleedingEdge/lib/mono/unityjit-macos/System.Net.Http.dll --allowed-assembly=/Applications/Unity/Hub/Editor/6000.5.3f1/Unity.app/Contents/Resources/Scripting/MonoBleedingEdge/lib/mono/unityjit-macos/System.Net.dll --allowed-assembly=/Applications/Unity/Hub/Editor/6000.5.3f1/Unity.app/Contents/Resources/Scripting/MonoBleedingEdge/lib/mono/unityjit-macos/System.Numerics.Vectors.dll --allowed-assembly=/Applications/Unity/Hub/Editor/6000.5.3f1/Unity.app/Contents/Resources/Scripting/MonoBleedingEdge/lib/mono/unityjit-macos/System.Numerics.dll --allowed-assembly=/Applications/Unity/Hub/Editor/6000.5.3f1/Unity.app/Contents/Resources/Scripting/MonoBleedingEdge/lib/mono/unityjit-macos/System.Reactive.Core.dll --allowed-assembly=/Applications/Unity/Hub/Editor/6000.5.3f1/Unity.app/Contents/Resources/Scripting/MonoBleedingEdge/lib/mono/unityjit-macos/System.Reactive.Debugger.dll --allowed-assembly=/Applications/Unity/Hub/Editor/6000.5.3f1/Unity.app/Contents/Resources/Scripting/MonoBleedingEdge/lib/mono/unityjit-macos/System.Reactive.Experimental.dll --allowed-assembly=/Applications/Unity/Hub/Editor/6000.5.3f1/Unity.app/Contents/Resources/Scripting/MonoBleedingEdge/lib/mono/unityjit-macos/System.Reactive.Interfaces.dll --allowed-assembly=/Applications/Unity/Hub/Editor/6000.5.3f1/Unity.app/Contents/Resources/Scripting/MonoBleedingEdge/lib/mono/unityjit-macos/System.Reactive.Linq.dll --allowed-assembly=/Applications/Unity/Hub/Editor/6000.5.3f1/Unity.app/Contents/Resources/Scripting/MonoBleedingEdge/lib/mono/unityjit-macos/System.Reactive.Observable.Aliases.dll --allowed-assembly=/Applications/Unity/Hub/Editor/6000.5.3f1/Unity.app/Contents/Resources/Scripting/MonoBleedingEdge/lib/mono/unityjit-macos/System.Reactive.PlatformServices.dll --allowed-assembly=/Applications/Unity/Hub/Editor/6000.5.3f1/Unity.app/Contents/Resources/Scripting/MonoBleedingEdge/lib/mono/unityjit-macos/System.Reactive.Providers.dll --allowed-assembly=/Applications/Unity/Hub/Editor/6000.5.3f1/Unity.app/Contents/Resources/Scripting/MonoBleedingEdge/lib/mono/unityjit-macos/System.Reactive.Runtime.Remoting.dll --allowed-assembly=/Applications/Unity/Hub/Editor/6000.5.3f1/Unity.app/Contents/Resources/Scripting/MonoBleedingEdge/lib/mono/unityjit-macos/System.Reactive.Windows.Forms.dll --allowed-assembly=/Applications/Unity/Hub/Editor/6000.5.3f1/Unity.app/Contents/Resources/Scripting/MonoBleedingEdge/lib/mono/unityjit-macos/System.Reactive.Windows.Threading.dll --allowed-assembly=/Applications/Unity/Hub/Editor/6000.5.3f1/Unity.app/Contents/Resources/Scripting/MonoBleedingEdge/lib/mono/unityjit-macos/System.Reflection.Context.dll --allowed-assembly=/Applications/Unity/Hub/Editor/6000.5.3f1/Unity.app/Contents/Resources/Scripting/MonoBleedingEdge/lib/mono/unityjit-macos/System.Runtime.Caching.dll --allowed-assembly=/Applications/Unity/Hub/Editor/6000.5.3f1/Unity.app/Contents/Resources/Scripting/MonoBleedingEdge/lib/mono/unityjit-macos/System.Runtime.DurableInstancing.dll --allowed-assembly=/Applications/Unity/Hub/Editor/6000.5.3f1/Unity.app/Contents/Resources/Scripting/MonoBleedingEdge/lib/mono/unityjit-macos/System.Runtime.Remoting.dll --allowed-assembly=/Applications/Unity/Hub/Editor/6000.5.3f1/Unity.app/Contents/Resources/Scripting/MonoBleedingEdge/lib/mono/unityjit-macos/System.Runtime.Serialization.Formatters.Soap.dll --allowed-assembly=/Applications/Unity/Hub/Editor/6000.5.3f1/Unity.app/Contents/Resources/Scripting/MonoBleedingEdge/lib/mono/unityjit-macos/System.Runtime.Serialization.dll --allowed-assembly=/Applications/Unity/Hub/Editor/6000.5.3f1/Unity.app/Contents/Resources/Scripting/MonoBleedingEdge/lib/mono/unityjit-macos/System.Security.dll --allowed-assembly=/Applications/Unity/Hub/Editor/6000.5.3f1/Unity.app/Contents/Resources/Scripting/MonoBleedingEdge/lib/mono/unityjit-macos/System.ServiceModel.Activation.dll --allowed-assembly=/Applications/Unity/Hub/Editor/6000.5.3f1/Unity.app/Contents/Resources/Scripting/MonoBleedingEdge/lib/mono/unityjit-macos/System.ServiceModel.Discovery.dll --allowed-assembly=/Applications/Unity/Hub/Editor/6000.5.3f1/Unity.app/Contents/Resources/Scripting/MonoBleedingEdge/lib/mono/unityjit-macos/System.ServiceModel.Internals.dll --allowed-assembly=/Applications/Unity/Hub/Editor/6000.5.3f1/Unity.app/Contents/Resources/Scripting/MonoBleedingEdge/lib/mono/unityjit-macos/System.ServiceModel.Routing.dll --allowed-assembly=/Applications/Unity/Hub/Editor/6000.5.3f1/Unity.app/Contents/Resources/Scripting/MonoBleedingEdge/lib/mono/unityjit-macos/System.ServiceModel.Web.dll --allowed-assembly=/Applications/Unity/Hub/Editor/6000.5.3f1/Unity.app/Contents/Resources/Scripting/MonoBleedingEdge/lib/mono/unityjit-macos/System.ServiceModel.dll --allowed-assembly=/Applications/Unity/Hub/Editor/6000.5.3f1/Unity.app/Contents/Resources/Scripting/MonoBleedingEdge/lib/mono/unityjit-macos/System.ServiceProcess.dll --allowed-assembly=/Applications/Unity/Hub/Editor/6000.5.3f1/Unity.app/Contents/Resources/Scripting/MonoBleedingEdge/lib/mono/unityjit-macos/System.Threading.Tasks.Dataflow.dll --allowed-assembly=/Applications/Unity/Hub/Editor/6000.5.3f1/Unity.app/Contents/Resources/Scripting/MonoBleedingEdge/lib/mono/unityjit-macos/System.Transactions.dll --allowed-assembly=/Applications/Unity/Hub/Editor/6000.5.3f1/Unity.app/Contents/Resources/Scripting/MonoBleedingEdge/lib/mono/unityjit-macos/System.Web.Abstractions.dll --allowed-assembly=/Applications/Unity/Hub/Editor/6000.5.3f1/Unity.app/Contents/Resources/Scripting/MonoBleedingEdge/lib/mono/unityjit-macos/System.Web.ApplicationServices.dll --allowed-assembly=/Applications/Unity/Hub/Editor/6000.5.3f1/Unity.app/Contents/Resources/Scripting/MonoBleedingEdge/lib/mono/unityjit-macos/System.Web.DynamicData.dll --allowed-assembly=/Applications/Unity/Hub/Editor/6000.5.3f1/Unity.app/Contents/Resources/Scripting/MonoBleedingEdge/lib/mono/unityjit-macos/System.Web.Extensions.Design.dll --allowed-assembly=/Applications/Unity/Hub/Editor/6000.5.3f1/Unity.app/Contents/Resources/Scripting/MonoBleedingEdge/lib/mono/unityjit-macos/System.Web.Extensions.dll --allowed-assembly=/Applications/Unity/Hub/Editor/6000.5.3f1/Unity.app/Contents/Resources/Scripting/MonoBleedingEdge/lib/mono/unityjit-macos/System.Web.Http.SelfHost.dll --allowed-assembly=/Applications/Unity/Hub/Editor/6000.5.3f1/Unity.app/Contents/Resources/Scripting/MonoBleedingEdge/lib/mono/unityjit-macos/System.Web.Http.WebHost.dll --allowed-assembly=/Applications/Unity/Hub/Editor/6000.5.3f1/Unity.app/Contents/Resources/Scripting/MonoBleedingEdge/lib/mono/unityjit-macos/System.Web.Http.dll --allowed-assembly=/Applications/Unity/Hub/Editor/6000.5.3f1/Unity.app/Contents/Resources/Scripting/MonoBleedingEdge/lib/mono/unityjit-macos/System.Web.Mobile.dll --allowed-assembly=/Applications/Unity/Hub/Editor/6000.5.3f1/Unity.app/Contents/Resources/Scripting/MonoBleedingEdge/lib/mono/unityjit-macos/System.Web.Mvc.dll --allowed-assembly=/Applications/Unity/Hub/Editor/6000.5.3f1/Unity.app/Contents/Resources/Scripting/MonoBleedingEdge/lib/mono/unityjit-macos/System.Web.Razor.dll --allowed-assembly=/Applications/Unity/Hub/Editor/6000.5.3f1/Unity.app/Contents/Resources/Scripting/MonoBleedingEdge/lib/mono/unityjit-macos/System.Web.RegularExpressions.dll --allowed-assembly=/Applications/Unity/Hub/Editor/6000.5.3f1/Unity.app/Contents/Resources/Scripting/MonoBleedingEdge/lib/mono/unityjit-macos/System.Web.Routing.dll --allowed-assembly=/Applications/Unity/Hub/Editor/6000.5.3f1/Unity.app/Contents/Resources/Scripting/MonoBleedingEdge/lib/mono/unityjit-macos/System.Web.Services.dll --allowed-assembly=/Applications/Unity/Hub/Editor/6000.5.3f1/Unity.app/Contents/Resources/Scripting/MonoBleedingEdge/lib/mono/unityjit-macos/System.Web.WebPages.Deployment.dll --allowed-assembly=/Applications/Unity/Hub/Editor/6000.5.3f1/Unity.app/Contents/Resources/Scripting/MonoBleedingEdge/lib/mono/unityjit-macos/System.Web.WebPages.Razor.dll --allowed-assembly=/Applications/Unity/Hub/Editor/6000.5.3f1/Unity.app/Contents/Resources/Scripting/MonoBleedingEdge/lib/mono/unityjit-macos/System.Web.WebPages.dll --allowed-assembly=/Applications/Unity/Hub/Editor/6000.5.3f1/Unity.app/Contents/Resources/Scripting/MonoBleedingEdge/lib/mono/unityjit-macos/System.Web.dll --allowed-assembly=/Applications/Unity/Hub/Editor/6000.5.3f1/Unity.app/Contents/Resources/Scripting/MonoBleedingEdge/lib/mono/unityjit-macos/System.Windows.Forms.DataVisualization.dll --allowed-assembly=/Applications/Unity/Hub/Editor/6000.5.3f1/Unity.app/Contents/Resources/Scripting/MonoBleedingEdge/lib/mono/unityjit-macos/System.Windows.Forms.dll --allowed-assembly=/Applications/Unity/Hub/Editor/6000.5.3f1/Unity.app/Contents/Resources/Scripting/MonoBleedingEdge/lib/mono/unityjit-macos/System.Windows.dll --allowed-assembly=/Applications/Unity/Hub/Editor/6000.5.3f1/Unity.app/Contents/Resources/Scripting/MonoBleedingEdge/lib/mono/unityjit-macos/System.Workflow.Activities.dll --allowed-assembly=/Applications/Unity/Hub/Editor/6000.5.3f1/Unity.app/Contents/Resources/Scripting/MonoBleedingEdge/lib/mono/unityjit-macos/System.Workflow.ComponentModel.dll --allowed-assembly=/Applications/Unity/Hub/Editor/6000.5.3f1/Unity.app/Contents/Resources/Scripting/MonoBleedingEdge/lib/mono/unityjit-macos/System.Workflow.Runtime.dll --allowed-assembly=/Applications/Unity/Hub/Editor/6000.5.3f1/Unity.app/Contents/Resources/Scripting/MonoBleedingEdge/lib/mono/unityjit-macos/System.Xaml.dll --allowed-assembly=/Applications/Unity/Hub/Editor/6000.5.3f1/Unity.app/Contents/Resources/Scripting/MonoBleedingEdge/lib/mono/unityjit-macos/System.Xml.Linq.dll --allowed-assembly=/Applications/Unity/Hub/Editor/6000.5.3f1/Unity.app/Contents/Resources/Scripting/MonoBleedingEdge/lib/mono/unityjit-macos/System.Xml.Serialization.dll --allowed-assembly=/Applications/Unity/Hub/Editor/6000.5.3f1/Unity.app/Contents/Resources/Scripting/MonoBleedingEdge/lib/mono/unityjit-macos/System.Xml.dll --allowed-assembly=/Applications/Unity/Hub/Editor/6000.5.3f1/Unity.app/Contents/Resources/Scripting/MonoBleedingEdge/lib/mono/unityjit-macos/System.dll --allowed-assembly=/Applications/Unity/Hub/Editor/6000.5.3f1/Unity.app/Contents/Resources/Scripting/MonoBleedingEdge/lib/mono/unityjit-macos/SystemWebTestShim.dll --allowed-assembly=/Applications/Unity/Hub/Editor/6000.5.3f1/Unity.app/Contents/Resources/Scripting/MonoBleedingEdge/lib/mono/unityjit-macos/WebMatrix.Data.dll --allowed-assembly=/Applications/Unity/Hub/Editor/6000.5.3f1/Unity.app/Contents/Resources/Scripting/MonoBleedingEdge/lib/mono/unityjit-macos/WindowsBase.dll --allowed-assembly=/Applications/Unity/Hub/Editor/6000.5.3f1/Unity.app/Contents/Resources/Scripting/MonoBleedingEdge/lib/mono/unityjit-macos/cscompmgd.dll --allowed-assembly=/Applications/Unity/Hub/Editor/6000.5.3f1/Unity.app/Contents/Resources/Scripting/MonoBleedingEdge/lib/mono/unityjit-macos/monodoc.dll --allowed-assembly=/Applications/Unity/Hub/Editor/6000.5.3f1/Unity.app/Contents/Resources/Scripting/MonoBleedingEdge/lib/mono/unityjit-macos/mscorlib.dll --allowed-assembly=/Applications/Unity/Hub/Editor/6000.5.3f1/Unity.app/Contents/Resources/Scripting/MonoBleedingEdge/lib/mono/unityjit-macos/Facades/Microsoft.Win32.Primitives.dll --allowed-assembly=/Applications/Unity/Hub/Editor/6000.5.3f1/Unity.app/Contents/Resources/Scripting/MonoBleedingEdge/lib/mono/unityjit-macos/Facades/Microsoft.Win32.Registry.AccessControl.dll --allowed-assembly=/Applications/Unity/Hub/Editor/6000.5.3f1/Unity.app/Contents/Resources/Scripting/MonoBleedingEdge/lib/mono/unityjit-macos/Facades/Microsoft.Win32.Registry.dll --allowed-assembly=/Applications/Unity/Hub/Editor/6000.5.3f1/Unity.app/Contents/Resources/Scripting/MonoBleedingEdge/lib/mono/unityjit-macos/Facades/System.AppContext.dll --allowed-assembly=/Applications/Unity/Hub/Editor/6000.5.3f1/Unity.app/Contents/Resources/Scripting/MonoBleedingEdge/lib/mono/unityjit-macos/Facades/System.Buffers.dll --allowed-assembly=/Applications/Unity/Hub/Editor/6000.5.3f1/Unity.app/Contents/Resources/Scripting/MonoBleedingEdge/lib/mono/unityjit-macos/Facades/System.Collections.Concurrent.dll --allowed-assembly=/Applications/Unity/Hub/Editor/6000.5.3f1/Unity.app/Contents/Resources/Scripting/MonoBleedingEdge/lib/mono/unityjit-macos/Facades/System.Collections.NonGeneric.dll --allowed-assembly=/Applications/Unity/Hub/Editor/6000.5.3f1/Unity.app/Contents/Resources/Scripting/MonoBleedingEdge/lib/mono/unityjit-macos/Facades/System.Collections.Specialized.dll --allowed-assembly=/Applications/Unity/Hub/Editor/6000.5.3f1/Unity.app/Contents/Resources/Scripting/MonoBleedingEdge/lib/mono/unityjit-macos/Facades/System.Collections.dll --allowed-assembly=/Applications/Unity/Hub/Editor/6000.5.3f1/Unity.app/Contents/Resources/Scripting/MonoBleedingEdge/lib/mono/unityjit-macos/Facades/System.ComponentModel.Annotations.dll --allowed-assembly=/Applications/Unity/Hub/Editor/6000.5.3f1/Unity.app/Contents/Resources/Scripting/MonoBleedingEdge/lib/mono/unityjit-macos/Facades/System.ComponentModel.EventBasedAsync.dll --allowed-assembly=/Applications/Unity/Hub/Editor/6000.5.3f1/Unity.app/Contents/Resources/Scripting/MonoBleedingEdge/lib/mono/unityjit-macos/Facades/System.ComponentModel.Primitives.dll --allowed-assembly=/Applications/Unity/Hub/Editor/6000.5.3f1/Unity.app/Contents/Resources/Scripting/MonoBleedingEdge/lib/mono/unityjit-macos/Facades/System.ComponentModel.TypeConverter.dll --allowed-assembly=/Applications/Unity/Hub/Editor/6000.5.3f1/Unity.app/Contents/Resources/Scripting/MonoBleedingEdge/lib/mono/unityjit-macos/Facades/System.ComponentModel.dll --allowed-assembly=/Applications/Unity/Hub/Editor/6000.5.3f1/Unity.app/Contents/Resources/Scripting/MonoBleedingEdge/lib/mono/unityjit-macos/Facades/System.Console.dll --allowed-assembly=/Applications/Unity/Hub/Editor/6000.5.3f1/Unity.app/Contents/Resources/Scripting/MonoBleedingEdge/lib/mono/unityjit-macos/Facades/System.Data.Common.dll --allowed-assembly=/Applications/Unity/Hub/Editor/6000.5.3f1/Unity.app/Contents/Resources/Scripting/MonoBleedingEdge/lib/mono/unityjit-macos/Facades/System.Data.SqlClient.dll --allowed-assembly=/Applications/Unity/Hub/Editor/6000.5.3f1/Unity.app/Contents/Resources/Scripting/MonoBleedingEdge/lib/mono/unityjit-macos/Facades/System.Diagnostics.Contracts.dll --allowed-assembly=/Applications/Unity/Hub/Editor/6000.5.3f1/Unity.app/Contents/Resources/Scripting/MonoBleedingEdge/lib/mono/unityjit-macos/Facades/System.Diagnostics.Debug.dll --allowed-assembly=/Applications/Unity/Hub/Editor/6000.5.3f1/Unity.app/Contents/Resources/Scripting/MonoBleedingEdge/lib/mono/unityjit-macos/Facades/System.Diagnostics.FileVersionInfo.dll --allowed-assembly=/Applications/Unity/Hub/Editor/6000.5.3f1/Unity.app/Contents/Resources/Scripting/MonoBleedingEdge/lib/mono/unityjit-macos/Facades/System.Diagnostics.Process.dll --allowed-assembly=/Applications/Unity/Hub/Editor/6000.5.3f1/Unity.app/Contents/Resources/Scripting/MonoBleedingEdge/lib/mono/unityjit-macos/Facades/System.Diagnostics.StackTrace.dll --allowed-assembly=/Applications/Unity/Hub/Editor/6000.5.3f1/Unity.app/Contents/Resources/Scripting/MonoBleedingEdge/lib/mono/unityjit-macos/Facades/System.Diagnostics.TextWriterTraceListener.dll --allowed-assembly=/Applications/Unity/Hub/Editor/6000.5.3f1/Unity.app/Contents/Resources/Scripting/MonoBleedingEdge/lib/mono/unityjit-macos/Facades/System.Diagnostics.Tools.dll --allowed-assembly=/Applications/Unity/Hub/Editor/6000.5.3f1/Unity.app/Contents/Resources/Scripting/MonoBleedingEdge/lib/mono/unityjit-macos/Facades/System.Diagnostics.TraceEvent.dll --allowed-assembly=/Applications/Unity/Hub/Editor/6000.5.3f1/Unity.app/Contents/Resources/Scripting/MonoBleedingEdge/lib/mono/unityjit-macos/Facades/System.Diagnostics.TraceSource.dll --allowed-assembly=/Applications/Unity/Hub/Editor/6000.5.3f1/Unity.app/Contents/Resources/Scripting/MonoBleedingEdge/lib/mono/unityjit-macos/Facades/System.Diagnostics.Tracing.dll --allowed-assembly=/Applications/Unity/Hub/Editor/6000.5.3f1/Unity.app/Contents/Resources/Scripting/MonoBleedingEdge/lib/mono/unityjit-macos/Facades/System.Drawing.Primitives.dll --allowed-assembly=/Applications/Unity/Hub/Editor/6000.5.3f1/Unity.app/Contents/Resources/Scripting/MonoBleedingEdge/lib/mono/unityjit-macos/Facades/System.Dynamic.Runtime.dll --allowed-assembly=/Applications/Unity/Hub/Editor/6000.5.3f1/Unity.app/Contents/Resources/Scripting/MonoBleedingEdge/lib/mono/unityjit-macos/Facades/System.Globalization.Calendars.dll --allowed-assembly=/Applications/Unity/Hub/Editor/6000.5.3f1/Unity.app/Contents/Resources/Scripting/MonoBleedingEdge/lib/mono/unityjit-macos/Facades/System.Globalization.Extensions.dll --allowed-assembly=/Applications/Unity/Hub/Editor/6000.5.3f1/Unity.app/Contents/Resources/Scripting/MonoBleedingEdge/lib/mono/unityjit-macos/Facades/System.Globalization.dll --allowed-assembly=/Applications/Unity/Hub/Editor/6000.5.3f1/Unity.app/Contents/Resources/Scripting/MonoBleedingEdge/lib/mono/unityjit-macos/Facades/System.IO.Compression.ZipFile.dll --allowed-assembly=/Applications/Unity/Hub/Editor/6000.5.3f1/Unity.app/Contents/Resources/Scripting/MonoBleedingEdge/lib/mono/unityjit-macos/Facades/System.IO.FileSystem.AccessControl.dll --allowed-assembly=/Applications/Unity/Hub/Editor/6000.5.3f1/Unity.app/Contents/Resources/Scripting/MonoBleedingEdge/lib/mono/unityjit-macos/Facades/System.IO.FileSystem.DriveInfo.dll --allowed-assembly=/Applications/Unity/Hub/Editor/6000.5.3f1/Unity.app/Contents/Resources/Scripting/MonoBleedingEdge/lib/mono/unityjit-macos/Facades/System.IO.FileSystem.Primitives.dll --allowed-assembly=/Applications/Unity/Hub/Editor/6000.5.3f1/Unity.app/Contents/Resources/Scripting/MonoBleedingEdge/lib/mono/unityjit-macos/Facades/System.IO.FileSystem.Watcher.dll --allowed-assembly=/Applications/Unity/Hub/Editor/6000.5.3f1/Unity.app/Contents/Resources/Scripting/MonoBleedingEdge/lib/mono/unityjit-macos/Facades/System.IO.FileSystem.dll --allowed-assembly=/Applications/Unity/Hub/Editor/6000.5.3f1/Unity.app/Contents/Resources/Scripting/MonoBleedingEdge/lib/mono/unityjit-macos/Facades/System.IO.IsolatedStorage.dll --allowed-assembly=/Applications/Unity/Hub/Editor/6000.5.3f1/Unity.app/Contents/Resources/Scripting/MonoBleedingEdge/lib/mono/unityjit-macos/Facades/System.IO.MemoryMappedFiles.dll --allowed-assembly=/Applications/Unity/Hub/Editor/6000.5.3f1/Unity.app/Contents/Resources/Scripting/MonoBleedingEdge/lib/mono/unityjit-macos/Facades/System.IO.Pipes.dll --allowed-assembly=/Applications/Unity/Hub/Editor/6000.5.3f1/Unity.app/Contents/Resources/Scripting/MonoBleedingEdge/lib/mono/unityjit-macos/Facades/System.IO.UnmanagedMemoryStream.dll --allowed-assembly=/Applications/Unity/Hub/Editor/6000.5.3f1/Unity.app/Contents/Resources/Scripting/MonoBleedingEdge/lib/mono/unityjit-macos/Facades/System.IO.dll --allowed-assembly=/Applications/Unity/Hub/Editor/6000.5.3f1/Unity.app/Contents/Resources/Scripting/MonoBleedingEdge/lib/mono/unityjit-macos/Facades/System.Linq.Expressions.dll --allowed-assembly=/Applications/Unity/Hub/Editor/6000.5.3f1/Unity.app/Contents/Resources/Scripting/MonoBleedingEdge/lib/mono/unityjit-macos/Facades/System.Linq.Parallel.dll --allowed-assembly=/Applications/Unity/Hub/Editor/6000.5.3f1/Unity.app/Contents/Resources/Scripting/MonoBleedingEdge/lib/mono/unityjit-macos/Facades/System.Linq.Queryable.dll --allowed-assembly=/Applications/Unity/Hub/Editor/6000.5.3f1/Unity.app/Contents/Resources/Scripting/MonoBleedingEdge/lib/mono/unityjit-macos/Facades/System.Linq.dll --allowed-assembly=/Applications/Unity/Hub/Editor/6000.5.3f1/Unity.app/Contents/Resources/Scripting/MonoBleedingEdge/lib/mono/unityjit-macos/Facades/System.Memory.dll --allowed-assembly=/Applications/Unity/Hub/Editor/6000.5.3f1/Unity.app/Contents/Resources/Scripting/MonoBleedingEdge/lib/mono/unityjit-macos/Facades/System.Net.AuthenticationManager.dll --allowed-assembly=/Applications/Unity/Hub/Editor/6000.5.3f1/Unity.app/Contents/Resources/Scripting/MonoBleedingEdge/lib/mono/unityjit-macos/Facades/System.Net.Cache.dll --allowed-assembly=/Applications/Unity/Hub/Editor/6000.5.3f1/Unity.app/Contents/Resources/Scripting/MonoBleedingEdge/lib/mono/unityjit-macos/Facades/System.Net.Http.Rtc.dll --allowed-assembly=/Applications/Unity/Hub/Editor/6000.5.3f1/Unity.app/Contents/Resources/Scripting/MonoBleedingEdge/lib/mono/unityjit-macos/Facades/System.Net.HttpListener.dll --allowed-assembly=/Applications/Unity/Hub/Editor/6000.5.3f1/Unity.app/Contents/Resources/Scripting/MonoBleedingEdge/lib/mono/unityjit-macos/Facades/System.Net.Mail.dll --allowed-assembly=/Applications/Unity/Hub/Editor/6000.5.3f1/Unity.app/Contents/Resources/Scripting/MonoBleedingEdge/lib/mono/unityjit-macos/Facades/System.Net.NameResolution.dll --allowed-assembly=/Applications/Unity/Hub/Editor/6000.5.3f1/Unity.app/Contents/Resources/Scripting/MonoBleedingEdge/lib/mono/unityjit-macos/Facades/System.Net.NetworkInformation.dll --allowed-assembly=/Applications/Unity/Hub/Editor/6000.5.3f1/Unity.app/Contents/Resources/Scripting/MonoBleedingEdge/lib/mono/unityjit-macos/Facades/System.Net.Ping.dll --allowed-assembly=/Applications/Unity/Hub/Editor/6000.5.3f1/Unity.app/Contents/Resources/Scripting/MonoBleedingEdge/lib/mono/unityjit-macos/Facades/System.Net.Primitives.dll --allowed-assembly=/Applications/Unity/Hub/Editor/6000.5.3f1/Unity.app/Contents/Resources/Scripting/MonoBleedingEdge/lib/mono/unityjit-macos/Facades/System.Net.Requests.dll --allowed-assembly=/Applications/Unity/Hub/Editor/6000.5.3f1/Unity.app/Contents/Resources/Scripting/MonoBleedingEdge/lib/mono/unityjit-macos/Facades/System.Net.Security.dll --allowed-assembly=/Applications/Unity/Hub/Editor/6000.5.3f1/Unity.app/Contents/Resources/Scripting/MonoBleedingEdge/lib/mono/unityjit-macos/Facades/System.Net.ServicePoint.dll --allowed-assembly=/Applications/Unity/Hub/Editor/6000.5.3f1/Unity.app/Contents/Resources/Scripting/MonoBleedingEdge/lib/mono/unityjit-macos/Facades/System.Net.Sockets.dll --allowed-assembly=/Applications/Unity/Hub/Editor/6000.5.3f1/Unity.app/Contents/Resources/Scripting/MonoBleedingEdge/lib/mono/unityjit-macos/Facades/System.Net.Utilities.dll --allowed-assembly=/Applications/Unity/Hub/Editor/6000.5.3f1/Unity.app/Contents/Resources/Scripting/MonoBleedingEdge/lib/mono/unityjit-macos/Facades/System.Net.WebHeaderCollection.dll --allowed-assembly=/Applications/Unity/Hub/Editor/6000.5.3f1/Unity.app/Contents/Resources/Scripting/MonoBleedingEdge/lib/mono/unityjit-macos/Facades/System.Net.WebSockets.Client.dll --allowed-assembly=/Applications/Unity/Hub/Editor/6000.5.3f1/Unity.app/Contents/Resources/Scripting/MonoBleedingEdge/lib/mono/unityjit-macos/Facades/System.Net.WebSockets.dll --allowed-assembly=/Applications/Unity/Hub/Editor/6000.5.3f1/Unity.app/Contents/Resources/Scripting/MonoBleedingEdge/lib/mono/unityjit-macos/Facades/System.ObjectModel.dll --allowed-assembly=/Applications/Unity/Hub/Editor/6000.5.3f1/Unity.app/Contents/Resources/Scripting/MonoBleedingEdge/lib/mono/unityjit-macos/Facades/System.Reflection.DispatchProxy.dll --allowed-assembly=/Applications/Unity/Hub/Editor/6000.5.3f1/Unity.app/Contents/Resources/Scripting/MonoBleedingEdge/lib/mono/unityjit-macos/Facades/System.Reflection.Emit.ILGeneration.dll --allowed-assembly=/Applications/Unity/Hub/Editor/6000.5.3f1/Unity.app/Contents/Resources/Scripting/MonoBleedingEdge/lib/mono/unityjit-macos/Facades/System.Reflection.Emit.Lightweight.dll --allowed-assembly=/Applications/Unity/Hub/Editor/6000.5.3f1/Unity.app/Contents/Resources/Scripting/MonoBleedingEdge/lib/mono/unityjit-macos/Facades/System.Reflection.Emit.dll --allowed-assembly=/Applications/Unity/Hub/Editor/6000.5.3f1/Unity.app/Contents/Resources/Scripting/MonoBleedingEdge/lib/mono/unityjit-macos/Facades/System.Reflection.Extensions.dll --allowed-assembly=/Applications/Unity/Hub/Editor/6000.5.3f1/Unity.app/Contents/Resources/Scripting/MonoBleedingEdge/lib/mono/unityjit-macos/Facades/System.Reflection.Primitives.dll --allowed-assembly=/Applications/Unity/Hub/Editor/6000.5.3f1/Unity.app/Contents/Resources/Scripting/MonoBleedingEdge/lib/mono/unityjit-macos/Facades/System.Reflection.TypeExtensions.dll --allowed-assembly=/Applications/Unity/Hub/Editor/6000.5.3f1/Unity.app/Contents/Resources/Scripting/MonoBleedingEdge/lib/mono/unityjit-macos/Facades/System.Reflection.dll --allowed-assembly=/Applications/Unity/Hub/Editor/6000.5.3f1/Unity.app/Contents/Resources/Scripting/MonoBleedingEdge/lib/mono/unityjit-macos/Facades/System.Resources.Reader.dll --allowed-assembly=/Applications/Unity/Hub/Editor/6000.5.3f1/Unity.app/Contents/Resources/Scripting/MonoBleedingEdge/lib/mono/unityjit-macos/Facades/System.Resources.ReaderWriter.dll --allowed-assembly=/Applications/Unity/Hub/Editor/6000.5.3f1/Unity.app/Contents/Resources/Scripting/MonoBleedingEdge/lib/mono/unityjit-macos/Facades/System.Resources.ResourceManager.dll --allowed-assembly=/Applications/Unity/Hub/Editor/6000.5.3f1/Unity.app/Contents/Resources/Scripting/MonoBleedingEdge/lib/mono/unityjit-macos/Facades/System.Resources.Writer.dll --allowed-assembly=/Applications/Unity/Hub/Editor/6000.5.3f1/Unity.app/Contents/Resources/Scripting/MonoBleedingEdge/lib/mono/unityjit-macos/Facades/System.Runtime.CompilerServices.VisualC.dll --allowed-assembly=/Applications/Unity/Hub/Editor/6000.5.3f1/Unity.app/Contents/Resources/Scripting/MonoBleedingEdge/lib/mono/unityjit-macos/Facades/System.Runtime.Extensions.dll --allowed-assembly=/Applications/Unity/Hub/Editor/6000.5.3f1/Unity.app/Contents/Resources/Scripting/MonoBleedingEdge/lib/mono/unityjit-macos/Facades/System.Runtime.Handles.dll --allowed-assembly=/Applications/Unity/Hub/Editor/6000.5.3f1/Unity.app/Contents/Resources/Scripting/MonoBleedingEdge/lib/mono/unityjit-macos/Facades/System.Runtime.InteropServices.RuntimeInformation.dll --allowed-assembly=/Applications/Unity/Hub/Editor/6000.5.3f1/Unity.app/Contents/Resources/Scripting/MonoBleedingEdge/lib/mono/unityjit-macos/Facades/System.Runtime.InteropServices.WindowsRuntime.dll --allowed-assembly=/Applications/Unity/Hub/Editor/6000.5.3f1/Unity.app/Contents/Resources/Scripting/MonoBleedingEdge/lib/mono/unityjit-macos/Facades/System.Runtime.InteropServices.dll --allowed-assembly=/Applications/Unity/Hub/Editor/6000.5.3f1/Unity.app/Contents/Resources/Scripting/MonoBleedingEdge/lib/mono/unityjit-macos/Facades/System.Runtime.Loader.dll --allowed-assembly=/Applications/Unity/Hub/Editor/6000.5.3f1/Unity.app/Contents/Resources/Scripting/MonoBleedingEdge/lib/mono/unityjit-macos/Facades/System.Runtime.Numerics.dll --allowed-assembly=/Applications/Unity/Hub/Editor/6000.5.3f1/Unity.app/Contents/Resources/Scripting/MonoBleedingEdge/lib/mono/unityjit-macos/Facades/System.Runtime.Serialization.Formatters.dll --allowed-assembly=/Applications/Unity/Hub/Editor/6000.5.3f1/Unity.app/Contents/Resources/Scripting/MonoBleedingEdge/lib/mono/unityjit-macos/Facades/System.Runtime.Serialization.Json.dll --allowed-assembly=/Applications/Unity/Hub/Editor/6000.5.3f1/Unity.app/Contents/Resources/Scripting/MonoBleedingEdge/lib/mono/unityjit-macos/Facades/System.Runtime.Serialization.Primitives.dll --allowed-assembly=/Applications/Unity/Hub/Editor/6000.5.3f1/Unity.app/Contents/Resources/Scripting/MonoBleedingEdge/lib/mono/unityjit-macos/Facades/System.Runtime.Serialization.Xml.dll --allowed-assembly=/Applications/Unity/Hub/Editor/6000.5.3f1/Unity.app/Contents/Resources/Scripting/MonoBleedingEdge/lib/mono/unityjit-macos/Facades/System.Runtime.dll --allowed-assembly=/Applications/Unity/Hub/Editor/6000.5.3f1/Unity.app/Contents/Resources/Scripting/MonoBleedingEdge/lib/mono/unityjit-macos/Facades/System.Security.AccessControl.dll --allowed-assembly=/Applications/Unity/Hub/Editor/6000.5.3f1/Unity.app/Contents/Resources/Scripting/MonoBleedingEdge/lib/mono/unityjit-macos/Facades/System.Security.Claims.dll --allowed-assembly=/Applications/Unity/Hub/Editor/6000.5.3f1/Unity.app/Contents/Resources/Scripting/MonoBleedingEdge/lib/mono/unityjit-macos/Facades/System.Security.Cryptography.Algorithms.dll --allowed-assembly=/Applications/Unity/Hub/Editor/6000.5.3f1/Unity.app/Contents/Resources/Scripting/MonoBleedingEdge/lib/mono/unityjit-macos/Facades/System.Security.Cryptography.Cng.dll --allowed-assembly=/Applications/Unity/Hub/Editor/6000.5.3f1/Unity.app/Contents/Resources/Scripting/MonoBleedingEdge/lib/mono/unityjit-macos/Facades/System.Security.Cryptography.Csp.dll --allowed-assembly=/Applications/Unity/Hub/Editor/6000.5.3f1/Unity.app/Contents/Resources/Scripting/MonoBleedingEdge/lib/mono/unityjit-macos/Facades/System.Security.Cryptography.DeriveBytes.dll --allowed-assembly=/Applications/Unity/Hub/Editor/6000.5.3f1/Unity.app/Contents/Resources/Scripting/MonoBleedingEdge/lib/mono/unityjit-macos/Facades/System.Security.Cryptography.Encoding.dll --allowed-assembly=/Applications/Unity/Hub/Editor/6000.5.3f1/Unity.app/Contents/Resources/Scripting/MonoBleedingEdge/lib/mono/unityjit-macos/Facades/System.Security.Cryptography.Encryption.Aes.dll --allowed-assembly=/Applications/Unity/Hub/Editor/6000.5.3f1/Unity.app/Contents/Resources/Scripting/MonoBleedingEdge/lib/mono/unityjit-macos/Facades/System.Security.Cryptography.Encryption.ECDiffieHellman.dll --allowed-assembly=/Applications/Unity/Hub/Editor/6000.5.3f1/Unity.app/Contents/Resources/Scripting/MonoBleedingEdge/lib/mono/unityjit-macos/Facades/System.Security.Cryptography.Encryption.ECDsa.dll --allowed-assembly=/Applications/Unity/Hub/Editor/6000.5.3f1/Unity.app/Contents/Resources/Scripting/MonoBleedingEdge/lib/mono/unityjit-macos/Facades/System.Security.Cryptography.Encryption.dll --allowed-assembly=/Applications/Unity/Hub/Editor/6000.5.3f1/Unity.app/Contents/Resources/Scripting/MonoBleedingEdge/lib/mono/unityjit-macos/Facades/System.Security.Cryptography.Hashing.Algorithms.dll --allowed-assembly=/Applications/Unity/Hub/Editor/6000.5.3f1/Unity.app/Contents/Resources/Scripting/MonoBleedingEdge/lib/mono/unityjit-macos/Facades/System.Security.Cryptography.Hashing.dll --allowed-assembly=/Applications/Unity/Hub/Editor/6000.5.3f1/Unity.app/Contents/Resources/Scripting/MonoBleedingEdge/lib/mono/unityjit-macos/Facades/System.Security.Cryptography.OpenSsl.dll --allowed-assembly=/Applications/Unity/Hub/Editor/6000.5.3f1/Unity.app/Contents/Resources/Scripting/MonoBleedingEdge/lib/mono/unityjit-macos/Facades/System.Security.Cryptography.Pkcs.dll --allowed-assembly=/Applications/Unity/Hub/Editor/6000.5.3f1/Unity.app/Contents/Resources/Scripting/MonoBleedingEdge/lib/mono/unityjit-macos/Facades/System.Security.Cryptography.Primitives.dll --allowed-assembly=/Applications/Unity/Hub/Editor/6000.5.3f1/Unity.app/Contents/Resources/Scripting/MonoBleedingEdge/lib/mono/unityjit-macos/Facades/System.Security.Cryptography.ProtectedData.dll --allowed-assembly=/Applications/Unity/Hub/Editor/6000.5.3f1/Unity.app/Contents/Resources/Scripting/MonoBleedingEdge/lib/mono/unityjit-macos/Facades/System.Security.Cryptography.RSA.dll --allowed-assembly=/Applications/Unity/Hub/Editor/6000.5.3f1/Unity.app/Contents/Resources/Scripting/MonoBleedingEdge/lib/mono/unityjit-macos/Facades/System.Security.Cryptography.RandomNumberGenerator.dll --allowed-assembly=/Applications/Unity/Hub/Editor/6000.5.3f1/Unity.app/Contents/Resources/Scripting/MonoBleedingEdge/lib/mono/unityjit-macos/Facades/System.Security.Cryptography.X509Certificates.dll --allowed-assembly=/Applications/Unity/Hub/Editor/6000.5.3f1/Unity.app/Contents/Resources/Scripting/MonoBleedingEdge/lib/mono/unityjit-macos/Facades/System.Security.Principal.Windows.dll --allowed-assembly=/Applications/Unity/Hub/Editor/6000.5.3f1/Unity.app/Contents/Resources/Scripting/MonoBleedingEdge/lib/mono/unityjit-macos/Facades/System.Security.Principal.dll --allowed-assembly=/Applications/Unity/Hub/Editor/6000.5.3f1/Unity.app/Contents/Resources/Scripting/MonoBleedingEdge/lib/mono/unityjit-macos/Facades/System.Security.SecureString.dll --allowed-assembly=/Applications/Unity/Hub/Editor/6000.5.3f1/Unity.app/Contents/Resources/Scripting/MonoBleedingEdge/lib/mono/unityjit-macos/Facades/System.ServiceModel.Duplex.dll --allowed-assembly=/Applications/Unity/Hub/Editor/6000.5.3f1/Unity.app/Contents/Resources/Scripting/MonoBleedingEdge/lib/mono/unityjit-macos/Facades/System.ServiceModel.Http.dll --allowed-assembly=/Applications/Unity/Hub/Editor/6000.5.3f1/Unity.app/Contents/Resources/Scripting/MonoBleedingEdge/lib/mono/unityjit-macos/Facades/System.ServiceModel.NetTcp.dll --allowed-assembly=/Applications/Unity/Hub/Editor/6000.5.3f1/Unity.app/Contents/Resources/Scripting/MonoBleedingEdge/lib/mono/unityjit-macos/Facades/System.ServiceModel.Primitives.dll --allowed-assembly=/Applications/Unity/Hub/Editor/6000.5.3f1/Unity.app/Contents/Resources/Scripting/MonoBleedingEdge/lib/mono/unityjit-macos/Facades/System.ServiceModel.Security.dll --allowed-assembly=/Applications/Unity/Hub/Editor/6000.5.3f1/Unity.app/Contents/Resources/Scripting/MonoBleedingEdge/lib/mono/unityjit-macos/Facades/System.ServiceProcess.ServiceController.dll --allowed-assembly=/Applications/Unity/Hub/Editor/6000.5.3f1/Unity.app/Contents/Resources/Scripting/MonoBleedingEdge/lib/mono/unityjit-macos/Facades/System.Text.Encoding.CodePages.dll --allowed-assembly=/Applications/Unity/Hub/Editor/6000.5.3f1/Unity.app/Contents/Resources/Scripting/MonoBleedingEdge/lib/mono/unityjit-macos/Facades/System.Text.Encoding.Extensions.dll --allowed-assembly=/Applications/Unity/Hub/Editor/6000.5.3f1/Unity.app/Contents/Resources/Scripting/MonoBleedingEdge/lib/mono/unityjit-macos/Facades/System.Text.Encoding.dll --allowed-assembly=/Applications/Unity/Hub/Editor/6000.5.3f1/Unity.app/Contents/Resources/Scripting/MonoBleedingEdge/lib/mono/unityjit-macos/Facades/System.Text.RegularExpressions.dll --allowed-assembly=/Applications/Unity/Hub/Editor/6000.5.3f1/Unity.app/Contents/Resources/Scripting/MonoBleedingEdge/lib/mono/unityjit-macos/Facades/System.Threading.AccessControl.dll --allowed-assembly=/Applications/Unity/Hub/Editor/6000.5.3f1/Unity.app/Contents/Resources/Scripting/MonoBleedingEdge/lib/mono/unityjit-macos/Facades/System.Threading.Overlapped.dll --allowed-assembly=/Applications/Unity/Hub/Editor/6000.5.3f1/Unity.app/Contents/Resources/Scripting/MonoBleedingEdge/lib/mono/unityjit-macos/Facades/System.Threading.Tasks.Extensions.dll --allowed-assembly=/Applications/Unity/Hub/Editor/6000.5.3f1/Unity.app/Contents/Resources/Scripting/MonoBleedingEdge/lib/mono/unityjit-macos/Facades/System.Threading.Tasks.Parallel.dll --allowed-assembly=/Applications/Unity/Hub/Editor/6000.5.3f1/Unity.app/Contents/Resources/Scripting/MonoBleedingEdge/lib/mono/unityjit-macos/Facades/System.Threading.Tasks.dll --allowed-assembly=/Applications/Unity/Hub/Editor/6000.5.3f1/Unity.app/Contents/Resources/Scripting/MonoBleedingEdge/lib/mono/unityjit-macos/Facades/System.Threading.Thread.dll --allowed-assembly=/Applications/Unity/Hub/Editor/6000.5.3f1/Unity.app/Contents/Resources/Scripting/MonoBleedingEdge/lib/mono/unityjit-macos/Facades/System.Threading.ThreadPool.dll --allowed-assembly=/Applications/Unity/Hub/Editor/6000.5.3f1/Unity.app/Contents/Resources/Scripting/MonoBleedingEdge/lib/mono/unityjit-macos/Facades/System.Threading.Timer.dll --allowed-assembly=/Applications/Unity/Hub/Editor/6000.5.3f1/Unity.app/Contents/Resources/Scripting/MonoBleedingEdge/lib/mono/unityjit-macos/Facades/System.Threading.dll --allowed-assembly=/Applications/Unity/Hub/Editor/6000.5.3f1/Unity.app/Contents/Resources/Scripting/MonoBleedingEdge/lib/mono/unityjit-macos/Facades/System.ValueTuple.dll --allowed-assembly=/Applications/Unity/Hub/Editor/6000.5.3f1/Unity.app/Contents/Resources/Scripting/MonoBleedingEdge/lib/mono/unityjit-macos/Facades/System.Xml.ReaderWriter.dll --allowed-assembly=/Applications/Unity/Hub/Editor/6000.5.3f1/Unity.app/Contents/Resources/Scripting/MonoBleedingEdge/lib/mono/unityjit-macos/Facades/System.Xml.XDocument.dll --allowed-assembly=/Applications/Unity/Hub/Editor/6000.5.3f1/Unity.app/Contents/Resources/Scripting/MonoBleedingEdge/lib/mono/unityjit-macos/Facades/System.Xml.XPath.XDocument.dll --allowed-assembly=/Applications/Unity/Hub/Editor/6000.5.3f1/Unity.app/Contents/Resources/Scripting/MonoBleedingEdge/lib/mono/unityjit-macos/Facades/System.Xml.XPath.XmlDocument.dll --allowed-assembly=/Applications/Unity/Hub/Editor/6000.5.3f1/Unity.app/Contents/Resources/Scripting/MonoBleedingEdge/lib/mono/unityjit-macos/Facades/System.Xml.XPath.dll --allowed-assembly=/Applications/Unity/Hub/Editor/6000.5.3f1/Unity.app/Contents/Resources/Scripting/MonoBleedingEdge/lib/mono/unityjit-macos/Facades/System.Xml.XmlDocument.dll --allowed-assembly=/Applications/Unity/Hub/Editor/6000.5.3f1/Unity.app/Contents/Resources/Scripting/MonoBleedingEdge/lib/mono/unityjit-macos/Facades/System.Xml.XmlSerializer.dll --allowed-assembly=/Applications/Unity/Hub/Editor/6000.5.3f1/Unity.app/Contents/Resources/Scripting/MonoBleedingEdge/lib/mono/unityjit-macos/Facades/System.Xml.Xsl.Primitives.dll --allowed-assembly=/Applications/Unity/Hub/Editor/6000.5.3f1/Unity.app/Contents/Resources/Scripting/MonoBleedingEdge/lib/mono/unityjit-macos/Facades/netstandard.dll --allowed-assembly=/Applications/Unity/Hub/Editor/6000.5.3f1/PlaybackEngines/MacStandaloneSupport/Variations/mono/Managed/Unity.Scripting.dll --allowed-assembly=/Applications/Unity/Hub/Editor/6000.5.3f1/PlaybackEngines/MacStandaloneSupport/Variations/mono/Managed/UnityEngine.AIModule.dll --allowed-assembly=/Applications/Unity/Hub/Editor/6000.5.3f1/PlaybackEngines/MacStandaloneSupport/Variations/mono/Managed/UnityEngine.ARModule.dll --allowed-assembly=/Applications/Unity/Hub/Editor/6000.5.3f1/PlaybackEngines/MacStandaloneSupport/Variations/mono/Managed/UnityEngine.AccessibilityModule.dll --allowed-assembly=/Applications/Unity/Hub/Editor/6000.5.3f1/PlaybackEngines/MacStandaloneSupport/Variations/mono/Managed/UnityEngine.AdaptivePerformanceModule.dll --allowed-assembly=/Applications/Unity/Hub/Editor/6000.5.3f1/PlaybackEngines/MacStandaloneSupport/Variations/mono/Managed/UnityEngine.AndroidJNIModule.dll --allowed-assembly=/Applications/Unity/Hub/Editor/6000.5.3f1/PlaybackEngines/MacStandaloneSupport/Variations/mono/Managed/UnityEngine.AnimationModule.dll --allowed-assembly=/Applications/Unity/Hub/Editor/6000.5.3f1/PlaybackEngines/MacStandaloneSupport/Variations/mono/Managed/UnityEngine.AssetBundleModule.dll --allowed-assembly=/Applications/Unity/Hub/Editor/6000.5.3f1/PlaybackEngines/MacStandaloneSupport/Variations/mono/Managed/UnityEngine.AudioModule.dll --allowed-assembly=/Applications/Unity/Hub/Editor/6000.5.3f1/PlaybackEngines/MacStandaloneSupport/Variations/mono/Managed/UnityEngine.ClothModule.dll --allowed-assembly=/Applications/Unity/Hub/Editor/6000.5.3f1/PlaybackEngines/MacStandaloneSupport/Variations/mono/Managed/UnityEngine.ClusterInputModule.dll --allowed-assembly=/Applications/Unity/Hub/Editor/6000.5.3f1/PlaybackEngines/MacStandaloneSupport/Variations/mono/Managed/UnityEngine.ClusterRendererModule.dll --allowed-assembly=/Applications/Unity/Hub/Editor/6000.5.3f1/PlaybackEngines/MacStandaloneSupport/Variations/mono/Managed/UnityEngine.ContentLoadModule.dll --allowed-assembly=/Applications/Unity/Hub/Editor/6000.5.3f1/PlaybackEngines/MacStandaloneSupport/Variations/mono/Managed/UnityEngine.CoreModule.dll --allowed-assembly=/Applications/Unity/Hub/Editor/6000.5.3f1/PlaybackEngines/MacStandaloneSupport/Variations/mono/Managed/UnityEngine.CrashReportingModule.dll --allowed-assembly=/Applications/Unity/Hub/Editor/6000.5.3f1/PlaybackEngines/MacStandaloneSupport/Variations/mono/Managed/UnityEngine.DSPGraphModule.dll --allowed-assembly=/Applications/Unity/Hub/Editor/6000.5.3f1/PlaybackEngines/MacStandaloneSupport/Variations/mono/Managed/UnityEngine.DirectorModule.dll --allowed-assembly=/Applications/Unity/Hub/Editor/6000.5.3f1/PlaybackEngines/MacStandaloneSupport/Variations/mono/Managed/UnityEngine.GIModule.dll --allowed-assembly=/Applications/Unity/Hub/Editor/6000.5.3f1/PlaybackEngines/MacStandaloneSupport/Variations/mono/Managed/UnityEngine.GameCenterModule.dll --allowed-assembly=/Applications/Unity/Hub/Editor/6000.5.3f1/PlaybackEngines/MacStandaloneSupport/Variations/mono/Managed/UnityEngine.GraphicsStateCollectionSerializerModule.dll --allowed-assembly=/Applications/Unity/Hub/Editor/6000.5.3f1/PlaybackEngines/MacStandaloneSupport/Variations/mono/Managed/UnityEngine.GridModule.dll --allowed-assembly=/Applications/Unity/Hub/Editor/6000.5.3f1/PlaybackEngines/MacStandaloneSupport/Variations/mono/Managed/UnityEngine.HierarchyCoreModule.dll --allowed-assembly=/Applications/Unity/Hub/Editor/6000.5.3f1/PlaybackEngines/MacStandaloneSupport/Variations/mono/Managed/UnityEngine.HierarchyModule.dll --allowed-assembly=/Applications/Unity/Hub/Editor/6000.5.3f1/PlaybackEngines/MacStandaloneSupport/Variations/mono/Managed/UnityEngine.HotReloadModule.dll --allowed-assembly=/Applications/Unity/Hub/Editor/6000.5.3f1/PlaybackEngines/MacStandaloneSupport/Variations/mono/Managed/UnityEngine.IMGUIModule.dll --allowed-assembly=/Applications/Unity/Hub/Editor/6000.5.3f1/PlaybackEngines/MacStandaloneSupport/Variations/mono/Managed/UnityEngine.IdentifiersModule.dll --allowed-assembly=/Applications/Unity/Hub/Editor/6000.5.3f1/PlaybackEngines/MacStandaloneSupport/Variations/mono/Managed/UnityEngine.ImageConversionModule.dll --allowed-assembly=/Applications/Unity/Hub/Editor/6000.5.3f1/PlaybackEngines/MacStandaloneSupport/Variations/mono/Managed/UnityEngine.InputForUIModule.dll --allowed-assembly=/Applications/Unity/Hub/Editor/6000.5.3f1/PlaybackEngines/MacStandaloneSupport/Variations/mono/Managed/UnityEngine.InputLegacyModule.dll --allowed-assembly=/Applications/Unity/Hub/Editor/6000.5.3f1/PlaybackEngines/MacStandaloneSupport/Variations/mono/Managed/UnityEngine.InputModule.dll --allowed-assembly=/Applications/Unity/Hub/Editor/6000.5.3f1/PlaybackEngines/MacStandaloneSupport/Variations/mono/Managed/UnityEngine.InsightsModule.dll --allowed-assembly=/Applications/Unity/Hub/Editor/6000.5.3f1/PlaybackEngines/MacStandaloneSupport/Variations/mono/Managed/UnityEngine.JSONSerializeModule.dll --allowed-assembly=/Applications/Unity/Hub/Editor/6000.5.3f1/PlaybackEngines/MacStandaloneSupport/Variations/mono/Managed/UnityEngine.LocalizationModule.dll --allowed-assembly=/Applications/Unity/Hub/Editor/6000.5.3f1/PlaybackEngines/MacStandaloneSupport/Variations/mono/Managed/UnityEngine.MarshallingModule.dll --allowed-assembly=/Applications/Unity/Hub/Editor/6000.5.3f1/PlaybackEngines/MacStandaloneSupport/Variations/mono/Managed/UnityEngine.MathematicsModule.dll --allowed-assembly=/Applications/Unity/Hub/Editor/6000.5.3f1/PlaybackEngines/MacStandaloneSupport/Variations/mono/Managed/UnityEngine.MultiplayerModule.dll --allowed-assembly=/Applications/Unity/Hub/Editor/6000.5.3f1/PlaybackEngines/MacStandaloneSupport/Variations/mono/Managed/UnityEngine.ParticleSystemModule.dll --allowed-assembly=/Applications/Unity/Hub/Editor/6000.5.3f1/PlaybackEngines/MacStandaloneSupport/Variations/mono/Managed/UnityEngine.PerformanceReportingModule.dll --allowed-assembly=/Applications/Unity/Hub/Editor/6000.5.3f1/PlaybackEngines/MacStandaloneSupport/Variations/mono/Managed/UnityEngine.Physics2DModule.dll --allowed-assembly=/Applications/Unity/Hub/Editor/6000.5.3f1/PlaybackEngines/MacStandaloneSupport/Variations/mono/Managed/UnityEngine.PhysicsBackendPhysXModule.dll --allowed-assembly=/Applications/Unity/Hub/Editor/6000.5.3f1/PlaybackEngines/MacStandaloneSupport/Variations/mono/Managed/UnityEngine.PhysicsCore2DModule.dll --allowed-assembly=/Applications/Unity/Hub/Editor/6000.5.3f1/PlaybackEngines/MacStandaloneSupport/Variations/mono/Managed/UnityEngine.PhysicsModule.dll --allowed-assembly=/Applications/Unity/Hub/Editor/6000.5.3f1/PlaybackEngines/MacStandaloneSupport/Variations/mono/Managed/UnityEngine.PropertiesModule.dll --allowed-assembly=/Applications/Unity/Hub/Editor/6000.5.3f1/PlaybackEngines/MacStandaloneSupport/Variations/mono/Managed/UnityEngine.RenderAs2DModule.dll --allowed-assembly=/Applications/Unity/Hub/Editor/6000.5.3f1/PlaybackEngines/MacStandaloneSupport/Variations/mono/Managed/UnityEngine.RuntimeInitializeOnLoadManagerInitializerModule.dll --allowed-assembly=/Applications/Unity/Hub/Editor/6000.5.3f1/PlaybackEngines/MacStandaloneSupport/Variations/mono/Managed/UnityEngine.ScreenCaptureModule.dll --allowed-assembly=/Applications/Unity/Hub/Editor/6000.5.3f1/PlaybackEngines/MacStandaloneSupport/Variations/mono/Managed/UnityEngine.ScriptingModule.dll --allowed-assembly=/Applications/Unity/Hub/Editor/6000.5.3f1/PlaybackEngines/MacStandaloneSupport/Variations/mono/Managed/UnityEngine.ShaderVariantAnalyticsModule.dll --allowed-assembly=/Applications/Unity/Hub/Editor/6000.5.3f1/PlaybackEngines/MacStandaloneSupport/Variations/mono/Managed/UnityEngine.SharedInternalsModule.dll --allowed-assembly=/Applications/Unity/Hub/Editor/6000.5.3f1/PlaybackEngines/MacStandaloneSupport/Variations/mono/Managed/UnityEngine.SpriteMaskModule.dll --allowed-assembly=/Applications/Unity/Hub/Editor/6000.5.3f1/PlaybackEngines/MacStandaloneSupport/Variations/mono/Managed/UnityEngine.SpriteShapeModule.dll --allowed-assembly=/Applications/Unity/Hub/Editor/6000.5.3f1/PlaybackEngines/MacStandaloneSupport/Variations/mono/Managed/UnityEngine.StreamingModule.dll --allowed-assembly=/Applications/Unity/Hub/Editor/6000.5.3f1/PlaybackEngines/MacStandaloneSupport/Variations/mono/Managed/UnityEngine.SubstanceModule.dll --allowed-assembly=/Applications/Unity/Hub/Editor/6000.5.3f1/PlaybackEngines/MacStandaloneSupport/Variations/mono/Managed/UnityEngine.SubsystemsModule.dll --allowed-assembly=/Applications/Unity/Hub/Editor/6000.5.3f1/PlaybackEngines/MacStandaloneSupport/Variations/mono/Managed/UnityEngine.TLSModule.dll --allowed-assembly=/Applications/Unity/Hub/Editor/6000.5.3f1/PlaybackEngines/MacStandaloneSupport/Variations/mono/Managed/UnityEngine.TerrainModule.dll --allowed-assembly=/Applications/Unity/Hub/Editor/6000.5.3f1/PlaybackEngines/MacStandaloneSupport/Variations/mono/Managed/UnityEngine.TerrainPhysicsModule.dll --allowed-assembly=/Applications/Unity/Hub/Editor/6000.5.3f1/PlaybackEngines/MacStandaloneSupport/Variations/mono/Managed/UnityEngine.TextCoreFontEngineModule.dll --allowed-assembly=/Applications/Unity/Hub/Editor/6000.5.3f1/PlaybackEngines/MacStandaloneSupport/Variations/mono/Managed/UnityEngine.TextCoreTextEngineModule.dll --allowed-assembly=/Applications/Unity/Hub/Editor/6000.5.3f1/PlaybackEngines/MacStandaloneSupport/Variations/mono/Managed/UnityEngine.TextRenderingModule.dll --allowed-assembly=/Applications/Unity/Hub/Editor/6000.5.3f1/PlaybackEngines/MacStandaloneSupport/Variations/mono/Managed/UnityEngine.TilemapModule.dll --allowed-assembly=/Applications/Unity/Hub/Editor/6000.5.3f1/PlaybackEngines/MacStandaloneSupport/Variations/mono/Managed/UnityEngine.U2DRuntimeModule.dll --allowed-assembly=/Applications/Unity/Hub/Editor/6000.5.3f1/PlaybackEngines/MacStandaloneSupport/Variations/mono/Managed/UnityEngine.UIElementsModule.dll --allowed-assembly=/Applications/Unity/Hub/Editor/6000.5.3f1/PlaybackEngines/MacStandaloneSupport/Variations/mono/Managed/UnityEngine.UIModule.dll --allowed-assembly=/Applications/Unity/Hub/Editor/6000.5.3f1/PlaybackEngines/MacStandaloneSupport/Variations/mono/Managed/UnityEngine.UmbraModule.dll --allowed-assembly=/Applications/Unity/Hub/Editor/6000.5.3f1/PlaybackEngines/MacStandaloneSupport/Variations/mono/Managed/UnityEngine.UnityAnalyticsCommonModule.dll --allowed-assembly=/Applications/Unity/Hub/Editor/6000.5.3f1/PlaybackEngines/MacStandaloneSupport/Variations/mono/Managed/UnityEngine.UnityAnalyticsModule.dll --allowed-assembly=/Applications/Unity/Hub/Editor/6000.5.3f1/PlaybackEngines/MacStandaloneSupport/Variations/mono/Managed/UnityEngine.UnityConnectModule.dll --allowed-assembly=/Applications/Unity/Hub/Editor/6000.5.3f1/PlaybackEngines/MacStandaloneSupport/Variations/mono/Managed/UnityEngine.UnityConsentModule.dll --allowed-assembly=/Applications/Unity/Hub/Editor/6000.5.3f1/PlaybackEngines/MacStandaloneSupport/Variations/mono/Managed/UnityEngine.UnityCurlModule.dll --allowed-assembly=/Applications/Unity/Hub/Editor/6000.5.3f1/PlaybackEngines/MacStandaloneSupport/Variations/mono/Managed/UnityEngine.UnityWebRequestAssetBundleModule.dll --allowed-assembly=/Applications/Unity/Hub/Editor/6000.5.3f1/PlaybackEngines/MacStandaloneSupport/Variations/mono/Managed/UnityEngine.UnityWebRequestAudioModule.dll --allowed-assembly=/Applications/Unity/Hub/Editor/6000.5.3f1/PlaybackEngines/MacStandaloneSupport/Variations/mono/Managed/UnityEngine.UnityWebRequestModule.dll --allowed-assembly=/Applications/Unity/Hub/Editor/6000.5.3f1/PlaybackEngines/MacStandaloneSupport/Variations/mono/Managed/UnityEngine.UnityWebRequestTextureModule.dll --allowed-assembly=/Applications/Unity/Hub/Editor/6000.5.3f1/PlaybackEngines/MacStandaloneSupport/Variations/mono/Managed/UnityEngine.UnityWebRequestWWWModule.dll --allowed-assembly=/Applications/Unity/Hub/Editor/6000.5.3f1/PlaybackEngines/MacStandaloneSupport/Variations/mono/Managed/UnityEngine.VFXModule.dll --allowed-assembly=/Applications/Unity/Hub/Editor/6000.5.3f1/PlaybackEngines/MacStandaloneSupport/Variations/mono/Managed/UnityEngine.VectorGraphicsModule.dll --allowed-assembly=/Applications/Unity/Hub/Editor/6000.5.3f1/PlaybackEngines/MacStandaloneSupport/Variations/mono/Managed/UnityEngine.VehiclesModule.dll --allowed-assembly=/Applications/Unity/Hub/Editor/6000.5.3f1/PlaybackEngines/MacStandaloneSupport/Variations/mono/Managed/UnityEngine.VideoModule.dll --allowed-assembly=/Applications/Unity/Hub/Editor/6000.5.3f1/PlaybackEngines/MacStandaloneSupport/Variations/mono/Managed/UnityEngine.VirtualTexturingModule.dll --allowed-assembly=/Applications/Unity/Hub/Editor/6000.5.3f1/PlaybackEngines/MacStandaloneSupport/Variations/mono/Managed/UnityEngine.WindModule.dll --allowed-assembly=/Applications/Unity/Hub/Editor/6000.5.3f1/PlaybackEngines/MacStandaloneSupport/Variations/mono/Managed/UnityEngine.XRModule.dll --allowed-assembly=/Applications/Unity/Hub/Editor/6000.5.3f1/PlaybackEngines/MacStandaloneSupport/Variations/mono/Managed/UnityEngine.dll --allowed-assembly=/private/tmp/clockwork-fontfix-build.hgPXM0/TiqueReturnPrototype/Library/Bee/PlayerScriptAssemblies/Assembly-CSharp.dll
[212/382    0s] CopyFiles /Users/daddung/Documents/Codex/2026-09-15/https-github-com-sunjija-clockwork-tree/work/Clockwork-latest-3338c55/unity/TiqueReturnPrototype/Builds/MacCompactUiV2FontFix/TiqueReturn.app/Contents/Resources/Data/Managed/Assembly-CSharp.dll
[380/382    0s] ExtractUsedFeatures Library/Bee/artifacts/MacStandalonePlayerBuildProgram/Features/Assembly-CSharp-FeaturesChecked.txt
[381/382    0s] MacOSCodeSignBundleInPlace /Users/daddung/Documents/Codex/2026-09-15/https-github-com-sunjija-clockwork-tree/work/Clockwork-latest-3338c55/unity/TiqueReturnPrototype/Builds/MacCompactUiV2FontFix/TiqueReturn.app/Contents/MacOS/Tique - Return Circuit (+1 other)
*** Tundra build success (1.65 seconds), 6 items updated, 382 evaluated
ExitCode: 0 Duration: 1s683ms
Total cache size 25158696
Total cache size after purge 25158696, took 00:00:00.0213126

-------------------------------------------------------------------------------
Build Report
Information on used Assets is not available, since player data was not rebuilt.
Do a clean build to view the Asset build report information.
-------------------------------------------------------------------------------
Unloading 2 Unused Serialized files (Serialized files now loaded: 0)
Unloading 1217 unused Assets / (1.9 MB). Loaded Objects now: 699.
Memory consumption went from 121.3 MB to 119.3 MB.
Total: 16.921353 ms (FindLiveObjects: 0.387194 ms CreateObjectMapping: 0.302297 ms MarkObjects: 10.328374 ms  DeleteObjects: 5.901901 ms)

Build Finished, Result: Success.
##utp:{"success":true,"type":"PlayerBuildInfo","version":2,"phase":"Immediate","time":1790922473334,"processId":30585,"steps":[{"description":"Preprocess Player","duration":24},{"description":"Prepare For Build","duration":86},{"description":"ProducePlayerScriptAssemblies","duration":2867},{"description":"Verify Build setup","duration":233},{"description":"Prepare assets for target platform","duration":3},{"description":"Prepare splash screen","duration":2},{"description":"Run script only build","duration":33},{"description":"Build scripts DLLs","duration":14},{"description":"Postprocess built player","duration":2898}],"duration":6160}
Unloading 0 Unused Serialized files (Serialized files now loaded: 0)
Loaded scene 'Temp/__Backupscenes/0.backup'
	Deserialize:            1.028 ms
	Integration:            6.151 ms
	Integration of assets:  0.007 ms
	Thread Wait Time:       0.051 ms
	Total Operation Time:   7.237 ms
Unloading 0 unused Assets / (0 B). Loaded Objects now: 699.
Memory consumption went from 115.8 MB to 115.8 MB.
Total: 9.229046 ms (FindLiveObjects: 0.053396 ms CreateObjectMapping: 0.019010 ms MarkObjects: 9.150290 ms  DeleteObjects: 0.005258 ms)

Launching external process: /Applications/Unity/Hub/Editor/6000.5.3f1/Unity.app/Contents/Resources/Scripting/il2cpp/build/deploy/Analytics
RETURN_V2_BUILD Succeeded bytes=163190816
UnityEngine.Debug:ExtractStackTraceNoAlloc (byte*,int,string)
UnityEngine.StackTraceUtility:ExtractStackTrace () (at /Users/bokken/build/output/unity/unity/Runtime/Export/Scripting/StackTrace.cs:35)
UnityEngine.DebugLogHandler:Internal_Log (UnityEngine.LogType,UnityEngine.LogOption,string,UnityEngine.Object)
UnityEngine.DebugLogHandler:LogFormat (UnityEngine.LogType,UnityEngine.Object,string,object[])
UnityEngine.Logger:Log (UnityEngine.LogType,object)
UnityEngine.Debug:Log (object)
ReworkBuild:BuildForTarget (UnityEditor.BuildTarget) (at Assets/Editor/ReworkBuild.cs:26)
ReworkBuild:BuildMac () (at Assets/Editor/ReworkBuild.cs:15)

(Filename: Assets/Editor/ReworkBuild.cs Line: 26)

Batchmode quit successfully invoked - shutting down!
Input System module state changed to: ShutdownInProgress.
Input Polling Thread exited.
Input System module state changed to: Shutdown.
[Physics::Module] Cleanup current backend.
[Physics::Module] Id: 0xf2b8ea05
[Licensing::IpcConnector] LicenseClient-daddung-notifications channel disconnected successfully.
[Licensing::IpcConnector] LicenseClient-daddung channel disconnected successfully.
AcceleratorClientConnectionCallback - disconnected - :0
info: Microsoft.Hosting.Lifetime[0]
      Application is shutting down...
Cleanup mono
CodeReloadManager destroyed
debugger-agent: Unable to listen on 43
Exiting batchmode successfully now!
[Package Manager] Server process was shutdown
MSBuild 서버을(를) 종료하는 중...
VB/C# 컴파일러 서버을(를) 종료하는 중...
MSBuild 서버을(를) 종료했습니다.
VB/C# 컴파일러 서버을(를) 종료했습니다.
